data_movimento,tipo,categoria,valor,descricao,fluxo_liquido
2024-01-01,Entrada,Recebimento de vendas,24574.86,Recebimento de venda,24574.86
2024-01-01,Saida,Folha,52000.0,Despesa operacional,-52000.0
2024-01-01,Saida,Aluguel,28000.0,Despesa operacional,-28000.0
2024-01-01,Saida,Marketing,9000.0,Despesa operacional,-9000.0
2024-01-01,Saida,Logistica,7000.0,Despesa operacional,-7000.0
2024-01-02,Entrada,Recebimento de vendas,3375.0,Recebimento de venda,3375.0
2024-01-03,Entrada,Recebimento de vendas,1998.0,Recebimento de venda,1998.0
2024-01-04,Entrada,Recebimento de vendas,5983.26,Recebimento de venda,5983.26
2024-01-05,Entrada,Recebimento de vendas,8580.0,Recebimento de venda,8580.0
2024-01-06,Entrada,Recebimento de vendas,7230.379999999999,Recebimento de venda,7230.379999999999
2024-01-07,Entrada,Recebimento de vendas,2090.0,Recebimento de venda,2090.0
2024-01-08,Entrada,Recebimento de vendas,27968.15,Recebimento de venda,27968.15
2024-01-09,Entrada,Recebimento de vendas,5095.0,Recebimento de venda,5095.0
2024-01-10,Entrada,Recebimento de vendas,2709.4,Recebimento de venda,2709.4
2024-01-11,Entrada,Recebimento de vendas,12217.55,Recebimento de venda,12217.55
2024-01-12,Entrada,Recebimento de vendas,1963.28,Recebimento de venda,1963.28
2024-01-13,Entrada,Recebimento de vendas,21525.27,Recebimento de venda,21525.27
2024-01-14,Entrada,Recebimento de vendas,14610.0,Recebimento de venda,14610.0
2024-01-15,Entrada,Recebimento de vendas,2446.25,Recebimento de venda,2446.25
2024-01-16,Entrada,Recebimento de vendas,15436.5,Recebimento de venda,15436.5
2024-01-17,Entrada,Recebimento de vendas,3957.45,Recebimento de venda,3957.45
2024-01-18,Entrada,Recebimento de vendas,17294.86,Recebimento de venda,17294.86
2024-01-19,Entrada,Recebimento de vendas,1125.0,Recebimento de venda,1125.0
2024-01-20,Entrada,Recebimento de vendas,58535.25,Recebimento de venda,58535.25
2024-01-21,Entrada,Recebimento de vendas,17632.1,Recebimento de venda,17632.1
2024-01-22,Entrada,Recebimento de vendas,1731.45,Recebimento de venda,1731.45
2024-01-23,Entrada,Recebimento de vendas,5063.4,Recebimento de venda,5063.4
2024-01-24,Entrada,Recebimento de vendas,8694.67,Recebimento de venda,8694.67
2024-01-25,Entrada,Recebimento de vendas,7610.2,Recebimento de venda,7610.2
2024-01-26,Entrada,Recebimento de vendas,8479.42,Recebimento de venda,8479.42
2024-01-27,Entrada,Recebimento de vendas,13968.0,Recebimento de venda,13968.0
2024-01-28,Entrada,Recebimento de vendas,30661.079999999998,Recebimento de venda,30661.079999999998
2024-01-29,Entrada,Recebimento de vendas,24700.27,Recebimento de venda,24700.27
2024-01-31,Saida,Compra de estoque,29494.800000000003,Pagamento a fornecedor,-29494.800000000003
2024-01-31,Entrada,Recebimento de vendas,31600.15,Recebimento de venda,31600.15
2024-02-01,Entrada,Recebimento de vendas,4067.5,Recebimento de venda,4067.5
2024-02-01,Saida,Aluguel,28000.0,Despesa operacional,-28000.0
2024-02-01,Saida,Folha,52000.0,Despesa operacional,-52000.0
2024-02-01,Saida,Marketing,9000.0,Despesa operacional,-9000.0
2024-02-01,Saida,Logistica,7000.0,Despesa operacional,-7000.0
2024-02-01,Saida,Compra de estoque,4082.4,Pagamento a fornecedor,-4082.4
2024-02-02,Saida,Compra de estoque,13467.6,Pagamento a fornecedor,-13467.6
2024-02-02,Entrada,Recebimento de vendas,13523.33,Recebimento de venda,13523.33
2024-02-03,Entrada,Recebimento de vendas,14055.75,Recebimento de venda,14055.75
2024-02-03,Saida,Compra de estoque,14752.800000000001,Pagamento a fornecedor,-14752.800000000001
2024-02-04,Saida,Compra de estoque,23598.0,Pagamento a fornecedor,-23598.0
2024-02-04,Entrada,Recebimento de vendas,10491.289999999999,Recebimento de venda,10491.289999999999
2024-02-05,Saida,Compra de estoque,15951.6,Pagamento a fornecedor,-15951.6
2024-02-05,Entrada,Recebimento de vendas,12997.58,Recebimento de venda,12997.58
2024-02-06,Saida,Compra de estoque,37735.200000000004,Pagamento a fornecedor,-37735.200000000004
2024-02-06,Entrada,Recebimento de vendas,77813.6,Recebimento de venda,77813.6
2024-02-07,Saida,Compra de estoque,26287.2,Pagamento a fornecedor,-26287.2
2024-02-07,Entrada,Recebimento de vendas,49450.44,Recebimento de venda,49450.44
2024-02-08,Saida,Compra de estoque,19785.600000000002,Pagamento a fornecedor,-19785.600000000002
2024-02-08,Entrada,Recebimento de vendas,12952.96,Recebimento de venda,12952.96
2024-02-09,Entrada,Recebimento de vendas,10628.2,Recebimento de venda,10628.2
2024-02-09,Saida,Compra de estoque,4536.0,Pagamento a fornecedor,-4536.0
2024-02-10,Saida,Compra de estoque,15487.2,Pagamento a fornecedor,-15487.2
2024-02-10,Entrada,Recebimento de vendas,5178.139999999999,Recebimento de venda,5178.139999999999
2024-02-11,Entrada,Recebimento de vendas,16891.9,Recebimento de venda,16891.9
2024-02-11,Saida,Compra de estoque,8186.400000000001,Pagamento a fornecedor,-8186.400000000001
2024-02-12,Saida,Compra de estoque,30456.000000000004,Pagamento a fornecedor,-30456.000000000004
2024-02-12,Entrada,Recebimento de vendas,38631.96,Recebimento de venda,38631.96
2024-02-13,Entrada,Recebimento de vendas,44223.16,Recebimento de venda,44223.16
2024-02-13,Saida,Compra de estoque,36828.0,Pagamento a fornecedor,-36828.0
2024-02-14,Saida,Compra de estoque,15649.2,Pagamento a fornecedor,-15649.2
2024-02-14,Entrada,Recebimento de vendas,35161.95,Recebimento de venda,35161.95
2024-02-15,Saida,Compra de estoque,15897.6,Pagamento a fornecedor,-15897.6
2024-02-15,Entrada,Recebimento de vendas,26624.23,Recebimento de venda,26624.23
2024-02-16,Saida,Compra de estoque,7484.400000000001,Pagamento a fornecedor,-7484.400000000001
2024-02-16,Entrada,Recebimento de vendas,31771.82,Recebimento de venda,31771.82
2024-02-17,Saida,Compra de estoque,15400.800000000001,Pagamento a fornecedor,-15400.800000000001
2024-02-17,Entrada,Recebimento de vendas,26657.65,Recebimento de venda,26657.65
2024-02-18,Saida,Compra de estoque,17971.2,Pagamento a fornecedor,-17971.2
2024-02-18,Entrada,Recebimento de vendas,39287.74,Recebimento de venda,39287.74
2024-02-19,Entrada,Recebimento de vendas,31015.32,Recebimento de venda,31015.32
2024-02-19,Saida,Compra de estoque,28998.000000000004,Pagamento a fornecedor,-28998.000000000004
2024-02-20,Saida,Compra de estoque,34398.0,Pagamento a fornecedor,-34398.0
2024-02-20,Entrada,Recebimento de vendas,43762.18,Recebimento de venda,43762.18
2024-02-21,Entrada,Recebimento de vendas,15867.289999999999,Recebimento de venda,15867.289999999999
2024-02-21,Saida,Compra de estoque,16243.2,Pagamento a fornecedor,-16243.2
2024-02-22,Entrada,Recebimento de vendas,37655.85,Recebimento de venda,37655.85
2024-02-22,Saida,Compra de estoque,27205.2,Pagamento a fornecedor,-27205.2
2024-02-23,Entrada,Recebimento de vendas,16898.05,Recebimento de venda,16898.05
2024-02-23,Saida,Compra de estoque,9385.2,Pagamento a fornecedor,-9385.2
2024-02-24,Entrada,Recebimento de vendas,37187.3,Recebimento de venda,37187.3
2024-02-24,Saida,Compra de estoque,26038.800000000003,Pagamento a fornecedor,-26038.800000000003
2024-02-25,Entrada,Recebimento de vendas,36013.7,Recebimento de venda,36013.7
2024-02-25,Saida,Compra de estoque,12949.2,Pagamento a fornecedor,-12949.2
2024-02-26,Saida,Compra de estoque,16513.2,Pagamento a fornecedor,-16513.2
2024-02-26,Entrada,Recebimento de vendas,23609.239999999998,Recebimento de venda,23609.239999999998
2024-02-27,Entrada,Recebimento de vendas,4652.95,Recebimento de venda,4652.95
2024-02-27,Saida,Compra de estoque,13964.400000000001,Pagamento a fornecedor,-13964.400000000001
2024-02-28,Entrada,Recebimento de vendas,30670.37,Recebimento de venda,30670.37
2024-02-28,Saida,Compra de estoque,12474.0,Pagamento a fornecedor,-12474.0
2024-02-29,Saida,Compra de estoque,2203.2000000000003,Pagamento a fornecedor,-2203.2000000000003
2024-02-29,Entrada,Recebimento de vendas,10711.05,Recebimento de venda,10711.05
2024-03-01,Entrada,Recebimento de vendas,20589.29,Recebimento de venda,20589.29
2024-03-01,Saida,Logistica,7000.0,Despesa operacional,-7000.0
2024-03-01,Saida,Compra de estoque,24840.0,Pagamento a fornecedor,-24840.0
2024-03-01,Saida,Marketing,9000.0,Despesa operacional,-9000.0
2024-03-01,Saida,Folha,52000.0,Despesa operacional,-52000.0
2024-03-01,Saida,Aluguel,28000.0,Despesa operacional,-28000.0
2024-03-02,Entrada,Recebimento de vendas,30204.9,Recebimento de venda,30204.9
2024-03-02,Saida,Compra de estoque,14601.6,Pagamento a fornecedor,-14601.6
2024-03-03,Entrada,Recebimento de vendas,29023.8,Recebimento de venda,29023.8
2024-03-03,Saida,Compra de estoque,7279.200000000001,Pagamento a fornecedor,-7279.200000000001
2024-03-04,Saida,Compra de estoque,20185.2,Pagamento a fornecedor,-20185.2
2024-03-04,Entrada,Recebimento de vendas,27933.43,Recebimento de venda,27933.43
2024-03-05,Saida,Compra de estoque,7268.400000000001,Pagamento a fornecedor,-7268.400000000001
2024-03-05,Entrada,Recebimento de vendas,16867.5,Recebimento de venda,16867.5
2024-03-06,Entrada,Recebimento de vendas,61401.950000000004,Recebimento de venda,61401.950000000004
2024-03-06,Saida,Compra de estoque,32767.2,Pagamento a fornecedor,-32767.2
2024-03-07,Saida,Compra de estoque,10929.6,Pagamento a fornecedor,-10929.6
2024-03-07,Entrada,Recebimento de vendas,14836.68,Recebimento de venda,14836.68
2024-03-08,Saida,Compra de estoque,31633.2,Pagamento a fornecedor,-31633.2
2024-03-08,Entrada,Recebimento de vendas,29991.36,Recebimento de venda,29991.36
2024-03-09,Entrada,Recebimento de vendas,59644.54,Recebimento de venda,59644.54
2024-03-09,Saida,Compra de estoque,18489.600000000002,Pagamento a fornecedor,-18489.600000000002
2024-03-10,Saida,Compra de estoque,16372.800000000001,Pagamento a fornecedor,-16372.800000000001
2024-03-10,Entrada,Recebimento de vendas,58034.15,Recebimento de venda,58034.15
2024-03-11,Entrada,Recebimento de vendas,41498.65,Recebimento de venda,41498.65
2024-03-11,Saida,Compra de estoque,18576.0,Pagamento a fornecedor,-18576.0
2024-03-12,Saida,Compra de estoque,22507.2,Pagamento a fornecedor,-22507.2
2024-03-12,Entrada,Recebimento de vendas,45967.17,Recebimento de venda,45967.17
2024-03-13,Entrada,Recebimento de vendas,9911.0,Recebimento de venda,9911.0
2024-03-13,Saida,Compra de estoque,6814.8,Pagamento a fornecedor,-6814.8
2024-03-14,Entrada,Recebimento de vendas,97470.01,Recebimento de venda,97470.01
2024-03-14,Saida,Compra de estoque,23868.0,Pagamento a fornecedor,-23868.0
2024-03-15,Entrada,Recebimento de vendas,51178.2,Recebimento de venda,51178.2
2024-03-15,Saida,Compra de estoque,16038.000000000002,Pagamento a fornecedor,-16038.000000000002
2024-03-16,Saida,Compra de estoque,12873.6,Pagamento a fornecedor,-12873.6
2024-03-16,Entrada,Recebimento de vendas,30211.3,Recebimento de venda,30211.3
2024-03-17,Saida,Compra de estoque,16664.4,Pagamento a fornecedor,-16664.4
2024-03-17,Entrada,Recebimento de vendas,61793.59,Recebimento de venda,61793.59
2024-03-18,Entrada,Recebimento de vendas,12153.05,Recebimento de venda,12153.05
2024-03-18,Saida,Compra de estoque,15465.6,Pagamento a fornecedor,-15465.6
2024-03-19,Entrada,Recebimento de vendas,34281.47,Recebimento de venda,34281.47
2024-03-19,Saida,Compra de estoque,15174.000000000002,Pagamento a fornecedor,-15174.000000000002
2024-03-20,Saida,Compra de estoque,5032.8,Pagamento a fornecedor,-5032.8
2024-03-20,Entrada,Recebimento de vendas,9543.69,Recebimento de venda,9543.69
2024-03-21,Saida,Compra de estoque,7603.200000000001,Pagamento a fornecedor,-7603.200000000001
2024-03-21,Entrada,Recebimento de vendas,47626.270000000004,Recebimento de venda,47626.270000000004
2024-03-22,Saida,Compra de estoque,19094.4,Pagamento a fornecedor,-19094.4
2024-03-22,Entrada,Recebimento de vendas,10633.5,Recebimento de venda,10633.5
2024-03-23,Saida,Compra de estoque,10227.6,Pagamento a fornecedor,-10227.6
2024-03-23,Entrada,Recebimento de vendas,40209.3,Recebimento de venda,40209.3
2024-03-24,Saida,Compra de estoque,6544.8,Pagamento a fornecedor,-6544.8
2024-03-24,Entrada,Recebimento de vendas,50072.22,Recebimento de venda,50072.22
2024-03-25,Saida,Compra de estoque,12322.800000000001,Pagamento a fornecedor,-12322.800000000001
2024-03-25,Entrada,Recebimento de vendas,23777.34,Recebimento de venda,23777.34
2024-03-26,Saida,Compra de estoque,34797.600000000006,Pagamento a fornecedor,-34797.600000000006
2024-03-26,Entrada,Recebimento de vendas,19447.0,Recebimento de venda,19447.0
2024-03-27,Entrada,Recebimento de vendas,52124.15,Recebimento de venda,52124.15
2024-03-27,Saida,Compra de estoque,20379.600000000002,Pagamento a fornecedor,-20379.600000000002
2024-03-28,Entrada,Recebimento de vendas,29825.95,Recebimento de venda,29825.95
2024-03-28,Saida,Compra de estoque,5572.8,Pagamento a fornecedor,-5572.8
2024-03-29,Entrada,Recebimento de vendas,17053.989999999998,Recebimento de venda,17053.989999999998
2024-03-29,Saida,Compra de estoque,30229.2,Pagamento a fornecedor,-30229.2
2024-03-30,Entrada,Recebimento de vendas,56143.1,Recebimento de venda,56143.1
2024-03-30,Saida,Compra de estoque,37227.600000000006,Pagamento a fornecedor,-37227.600000000006
2024-03-31,Saida,Compra de estoque,21384.0,Pagamento a fornecedor,-21384.0
2024-03-31,Entrada,Recebimento de vendas,37425.22,Recebimento de venda,37425.22
2024-04-01,Saida,Folha,52000.0,Despesa operacional,-52000.0
2024-04-01,Entrada,Recebimento de vendas,42865.71,Recebimento de venda,42865.71
2024-04-01,Saida,Aluguel,28000.0,Despesa operacional,-28000.0
2024-04-01,Saida,Logistica,7000.0,Despesa operacional,-7000.0
2024-04-01,Saida,Marketing,9000.0,Despesa operacional,-9000.0
2024-04-01,Saida,Compra de estoque,31190.4,Pagamento a fornecedor,-31190.4
2024-04-02,Entrada,Recebimento de vendas,44732.54,Recebimento de venda,44732.54
2024-04-02,Saida,Compra de estoque,2970.0,Pagamento a fornecedor,-2970.0
2024-04-03,Saida,Compra de estoque,8035.200000000001,Pagamento a fornecedor,-8035.200000000001
2024-04-03,Entrada,Recebimento de vendas,25639.47,Recebimento de venda,25639.47
2024-04-04,Saida,Compra de estoque,14688.000000000002,Pagamento a fornecedor,-14688.000000000002
2024-04-04,Entrada,Recebimento de vendas,8231.3,Recebimento de venda,8231.3
2024-04-05,Saida,Compra de estoque,18835.2,Pagamento a fornecedor,-18835.2
2024-04-05,Entrada,Recebimento de vendas,43703.19,Recebimento de venda,43703.19
2024-04-06,Entrada,Recebimento de vendas,55361.79,Recebimento de venda,55361.79
2024-04-06,Saida,Compra de estoque,21200.4,Pagamento a fornecedor,-21200.4
2024-04-07,Saida,Compra de estoque,26589.600000000002,Pagamento a fornecedor,-26589.600000000002
2024-04-07,Entrada,Recebimento de vendas,28041.07,Recebimento de venda,28041.07
2024-04-08,Saida,Compra de estoque,18284.4,Pagamento a fornecedor,-18284.4
2024-04-08,Entrada,Recebimento de vendas,28962.3,Recebimento de venda,28962.3
2024-04-09,Saida,Compra de estoque,8035.200000000001,Pagamento a fornecedor,-8035.200000000001
2024-04-09,Entrada,Recebimento de vendas,17708.15,Recebimento de venda,17708.15
2024-04-10,Entrada,Recebimento de vendas,23179.13,Recebimento de venda,23179.13
2024-04-10,Saida,Compra de estoque,13597.2,Pagamento a fornecedor,-13597.2
2024-04-11,Entrada,Recebimento de vendas,14363.9,Recebimento de venda,14363.9
2024-04-11,Saida,Compra de estoque,21211.2,Pagamento a fornecedor,-21211.2
2024-04-12,Entrada,Recebimento de vendas,30570.52,Recebimento de venda,30570.52
2024-04-12,Saida,Compra de estoque,10260.0,Pagamento a fornecedor,-10260.0
2024-04-13,Entrada,Recebimento de vendas,51849.130000000005,Recebimento de venda,51849.130000000005
2024-04-13,Saida,Compra de estoque,6652.8,Pagamento a fornecedor,-6652.8
2024-04-14,Entrada,Recebimento de vendas,80174.54000000001,Recebimento de venda,80174.54000000001
2024-04-14,Saida,Compra de estoque,32173.2,Pagamento a fornecedor,-32173.2
2024-04-15,Entrada,Recebimento de vendas,9692.0,Recebimento de venda,9692.0
2024-04-15,Saida,Compra de estoque,13651.2,Pagamento a fornecedor,-13651.2
2024-04-16,Entrada,Recebimento de vendas,53305.59,Recebimento de venda,53305.59
2024-04-16,Saida,Compra de estoque,52455.600000000006,Pagamento a fornecedor,-52455.600000000006
2024-04-17,Entrada,Recebimento de vendas,1496.25,Recebimento de venda,1496.25
2024-04-17,Saida,Compra de estoque,23587.2,Pagamento a fornecedor,-23587.2
2024-04-18,Entrada,Recebimento de vendas,24253.33,Recebimento de venda,24253.33
2024-04-18,Saida,Compra de estoque,17334.0,Pagamento a fornecedor,-17334.0
2024-04-19,Saida,Compra de estoque,34041.600000000006,Pagamento a fornecedor,-34041.600000000006
2024-04-19,Entrada,Recebimento de vendas,94127.72,Recebimento de venda,94127.72
2024-04-20,Saida,Compra de estoque,38545.200000000004,Pagamento a fornecedor,-38545.200000000004
2024-04-20,Entrada,Recebimento de vendas,45107.19,Recebimento de venda,45107.19
2024-04-21,Saida,Compra de estoque,13478.400000000001,Pagamento a fornecedor,-13478.400000000001
2024-04-21,Entrada,Recebimento de vendas,47842.119999999995,Recebimento de venda,47842.119999999995
2024-04-22,Saida,Compra de estoque,16124.400000000001,Pagamento a fornecedor,-16124.400000000001
2024-04-22,Entrada,Recebimento de vendas,53059.65,Recebimento de venda,53059.65
2024-04-23,Saida,Compra de estoque,19850.4,Pagamento a fornecedor,-19850.4
2024-04-23,Entrada,Recebimento de vendas,6995.85,Recebimento de venda,6995.85
2024-04-24,Saida,Compra de estoque,13672.800000000001,Pagamento a fornecedor,-13672.800000000001
2024-04-24,Entrada,Recebimento de vendas,10586.45,Recebimento de venda,10586.45
2024-04-25,Entrada,Recebimento de vendas,19701.95,Recebimento de venda,19701.95
2024-04-25,Saida,Compra de estoque,19645.2,Pagamento a fornecedor,-19645.2
2024-04-26,Entrada,Recebimento de vendas,57367.87,Recebimento de venda,57367.87
2024-04-26,Saida,Compra de estoque,15346.800000000001,Pagamento a fornecedor,-15346.800000000001
2024-04-27,Entrada,Recebimento de vendas,39551.4,Recebimento de venda,39551.4
2024-04-27,Saida,Compra de estoque,25056.0,Pagamento a fornecedor,-25056.0
2024-04-28,Saida,Compra de estoque,20790.0,Pagamento a fornecedor,-20790.0
2024-04-28,Entrada,Recebimento de vendas,32665.620000000003,Recebimento de venda,32665.620000000003
2024-04-29,Entrada,Recebimento de vendas,49805.74,Recebimento de venda,49805.74
2024-04-29,Saida,Compra de estoque,36730.8,Pagamento a fornecedor,-36730.8
2024-04-30,Saida,Compra de estoque,24332.4,Pagamento a fornecedor,-24332.4
2024-04-30,Entrada,Recebimento de vendas,76032.07,Recebimento de venda,76032.07
2024-05-01,Saida,Logistica,7000.0,Despesa operacional,-7000.0
2024-05-01,Saida,Marketing,9000.0,Despesa operacional,-9000.0
2024-05-01,Saida,Aluguel,28000.0,Despesa operacional,-28000.0
2024-05-01,Saida,Folha,52000.0,Despesa operacional,-52000.0
2024-05-01,Saida,Compra de estoque,17344.800000000003,Pagamento a fornecedor,-17344.800000000003
2024-05-01,Entrada,Recebimento de vendas,38228.770000000004,Recebimento de venda,38228.770000000004
2024-05-02,Saida,Compra de estoque,2970.0,Pagamento a fornecedor,-2970.0
2024-05-02,Entrada,Recebimento de vendas,50473.79,Recebimento de venda,50473.79
2024-05-03,Saida,Compra de estoque,16545.600000000002,Pagamento a fornecedor,-16545.600000000002
2024-05-03,Entrada,Recebimento de vendas,16774.52,Recebimento de venda,16774.52
2024-05-04,Saida,Compra de estoque,20984.4,Pagamento a fornecedor,-20984.4
2024-05-04,Entrada,Recebimento de vendas,42206.2,Recebimento de venda,42206.2
2024-05-05,Saida,Compra de estoque,10206.0,Pagamento a fornecedor,-10206.0
2024-05-05,Entrada,Recebimento de vendas,20472.52,Recebimento de venda,20472.52
2024-05-06,Entrada,Recebimento de vendas,14766.59,Recebimento de venda,14766.59
2024-05-06,Saida,Compra de estoque,26244.0,Pagamento a fornecedor,-26244.0
2024-05-07,Saida,Compra de estoque,25002.0,Pagamento a fornecedor,-25002.0
2024-05-07,Entrada,Recebimento de vendas,18282.11,Recebimento de venda,18282.11
2024-05-08,Saida,Compra de estoque,7516.8,Pagamento a fornecedor,-7516.8
2024-05-08,Entrada,Recebimento de vendas,19992.65,Recebimento de venda,19992.65
2024-05-09,Saida,Compra de estoque,15908.400000000001,Pagamento a fornecedor,-15908.400000000001
2024-05-09,Entrada,Recebimento de vendas,30358.6,Recebimento de venda,30358.6
2024-05-10,Entrada,Recebimento de vendas,13818.82,Recebimento de venda,13818.82
2024-05-10,Saida,Compra de estoque,6814.8,Pagamento a fornecedor,-6814.8
2024-05-11,Entrada,Recebimento de vendas,12953.11,Recebimento de venda,12953.11
2024-05-11,Saida,Compra de estoque,10443.6,Pagamento a fornecedor,-10443.6
2024-05-12,Entrada,Recebimento de vendas,21980.55,Recebimento de venda,21980.55
2024-05-12,Saida,Compra de estoque,27669.600000000002,Pagamento a fornecedor,-27669.600000000002
2024-05-13,Entrada,Recebimento de vendas,47566.0,Recebimento de venda,47566.0
2024-05-13,Saida,Compra de estoque,19072.800000000003,Pagamento a fornecedor,-19072.800000000003
2024-05-14,Saida,Compra de estoque,21330.0,Pagamento a fornecedor,-21330.0
2024-05-14,Entrada,Recebimento de vendas,19738.0,Recebimento de venda,19738.0
2024-05-15,Entrada,Recebimento de vendas,15605.1,Recebimento de venda,15605.1
2024-05-15,Saida,Compra de estoque,12690.0,Pagamento a fornecedor,-12690.0
2024-05-16,Entrada,Recebimento de vendas,56136.97,Recebimento de venda,56136.97
2024-05-16,Saida,Compra de estoque,28501.2,Pagamento a fornecedor,-28501.2
2024-05-17,Saida,Compra de estoque,27604.800000000003,Pagamento a fornecedor,-27604.800000000003
2024-05-17,Entrada,Recebimento de vendas,24858.43,Recebimento de venda,24858.43
2024-05-18,Saida,Compra de estoque,26460.0,Pagamento a fornecedor,-26460.0
2024-05-18,Entrada,Recebimento de vendas,20962.03,Recebimento de venda,20962.03
2024-05-19,Entrada,Recebimento de vendas,40867.7,Recebimento de venda,40867.7
2024-05-19,Saida,Compra de estoque,17938.800000000003,Pagamento a fornecedor,-17938.800000000003
2024-05-20,Saida,Compra de estoque,30272.4,Pagamento a fornecedor,-30272.4
2024-05-20,Entrada,Recebimento de vendas,28948.81,Recebimento de venda,28948.81
2024-05-21,Saida,Compra de estoque,30909.600000000002,Pagamento a fornecedor,-30909.600000000002
2024-05-21,Entrada,Recebimento de vendas,86023.68,Recebimento de venda,86023.68
2024-05-22,Saida,Compra de estoque,13413.6,Pagamento a fornecedor,-13413.6
2024-05-22,Entrada,Recebimento de vendas,17019.34,Recebimento de venda,17019.34
2024-05-23,Saida,Compra de estoque,8089.200000000001,Pagamento a fornecedor,-8089.200000000001
2024-05-23,Entrada,Recebimento de vendas,23143.11,Recebimento de venda,23143.11
2024-05-24,Saida,Compra de estoque,15616.800000000001,Pagamento a fornecedor,-15616.800000000001
2024-05-24,Entrada,Recebimento de vendas,27005.34,Recebimento de venda,27005.34
2024-05-25,Saida,Compra de estoque,17474.4,Pagamento a fornecedor,-17474.4
2024-05-25,Entrada,Recebimento de vendas,31479.39,Recebimento de venda,31479.39
2024-05-26,Entrada,Recebimento de vendas,37270.54,Recebimento de venda,37270.54
2024-05-26,Saida,Compra de estoque,31795.2,Pagamento a fornecedor,-31795.2
2024-05-27,Entrada,Recebimento de vendas,42304.67,Recebimento de venda,42304.67
2024-05-27,Saida,Compra de estoque,14385.6,Pagamento a fornecedor,-14385.6
2024-05-28,Entrada,Recebimento de vendas,11945.98,Recebimento de venda,11945.98
2024-05-28,Saida,Compra de estoque,29635.2,Pagamento a fornecedor,-29635.2
2024-05-29,Entrada,Recebimento de vendas,36372.06,Recebimento de venda,36372.06
2024-05-29,Saida,Compra de estoque,21394.800000000003,Pagamento a fornecedor,-21394.800000000003
2024-05-30,Saida,Compra de estoque,27453.600000000002,Pagamento a fornecedor,-27453.600000000002
2024-05-30,Entrada,Recebimento de vendas,20642.5,Recebimento de venda,20642.5
2024-05-31,Entrada,Recebimento de vendas,39824.11,Recebimento de venda,39824.11
2024-05-31,Saida,Compra de estoque,24850.800000000003,Pagamento a fornecedor,-24850.800000000003
2024-06-01,Saida,Aluguel,28000.0,Despesa operacional,-28000.0
2024-06-01,Saida,Folha,52000.0,Despesa operacional,-52000.0
2024-06-01,Saida,Marketing,9000.0,Despesa operacional,-9000.0
2024-06-01,Saida,Logistica,7000.0,Despesa operacional,-7000.0
2024-06-01,Entrada,Recebimento de vendas,62927.65,Recebimento de venda,62927.65
2024-06-01,Saida,Compra de estoque,28695.600000000002,Pagamento a fornecedor,-28695.600000000002
2024-06-02,Saida,Compra de estoque,14644.800000000001,Pagamento a fornecedor,-14644.800000000001
2024-06-02,Entrada,Recebimento de vendas,109782.22,Recebimento de venda,109782.22
2024-06-03,Saida,Compra de estoque,19926.0,Pagamento a fornecedor,-19926.0
2024-06-03,Entrada,Recebimento de vendas,7442.5,Recebimento de venda,7442.5
2024-06-04,Saida,Compra de estoque,13802.400000000001,Pagamento a fornecedor,-13802.400000000001
2024-06-04,Entrada,Recebimento de vendas,40913.06,Recebimento de venda,40913.06
2024-06-05,Entrada,Recebimento de vendas,47135.08,Recebimento de venda,47135.08
2024-06-05,Saida,Compra de estoque,10994.400000000001,Pagamento a fornecedor,-10994.400000000001
2024-06-06,Saida,Compra de estoque,3564.0000000000005,Pagamento a fornecedor,-3564.0000000000005
2024-06-06,Entrada,Recebimento de vendas,23400.85,Recebimento de venda,23400.85
2024-06-07,Saida,Compra de estoque,12398.400000000001,Pagamento a fornecedor,-12398.400000000001
2024-06-07,Entrada,Recebimento de vendas,51315.94,Recebimento de venda,51315.94
2024-06-08,Saida,Compra de estoque,7689.6,Pagamento a fornecedor,-7689.6
2024-06-08,Entrada,Recebimento de vendas,20837.68,Recebimento de venda,20837.68
2024-06-09,Entrada,Recebimento de vendas,35027.270000000004,Recebimento de venda,35027.270000000004
2024-06-09,Saida,Compra de estoque,9547.2,Pagamento a fornecedor,-9547.2
2024-06-10,Entrada,Recebimento de vendas,47274.72,Recebimento de venda,47274.72
2024-06-10,Saida,Compra de estoque,15368.400000000001,Pagamento a fornecedor,-15368.400000000001
2024-06-11,Entrada,Recebimento de vendas,44173.82,Recebimento de venda,44173.82
2024-06-11,Saida,Compra de estoque,37227.600000000006,Pagamento a fornecedor,-37227.600000000006
2024-06-12,Entrada,Recebimento de vendas,56859.6,Recebimento de venda,56859.6
2024-06-12,Saida,Compra de estoque,23889.600000000002,Pagamento a fornecedor,-23889.600000000002
2024-06-13,Saida,Compra de estoque,27626.4,Pagamento a fornecedor,-27626.4
2024-06-13,Entrada,Recebimento de vendas,65837.4,Recebimento de venda,65837.4
2024-06-14,Saida,Compra de estoque,11383.2,Pagamento a fornecedor,-11383.2
2024-06-14,Entrada,Recebimento de vendas,45986.33,Recebimento de venda,45986.33
2024-06-15,Entrada,Recebimento de vendas,15779.6,Recebimento de venda,15779.6
2024-06-15,Saida,Compra de estoque,5616.0,Pagamento a fornecedor,-5616.0
2024-06-16,Saida,Compra de estoque,8769.6,Pagamento a fornecedor,-8769.6
2024-06-16,Entrada,Recebimento de vendas,12446.26,Recebimento de venda,12446.26
2024-06-17,Entrada,Recebimento de vendas,24219.18,Recebimento de venda,24219.18
2024-06-17,Saida,Compra de estoque,40510.8,Pagamento a fornecedor,-40510.8
2024-06-18,Entrada,Recebimento de vendas,36102.94,Recebimento de venda,36102.94
2024-06-18,Saida,Compra de estoque,24051.600000000002,Pagamento a fornecedor,-24051.600000000002
2024-06-19,Entrada,Recebimento de vendas,17069.83,Recebimento de venda,17069.83
2024-06-19,Saida,Compra de estoque,5886.0,Pagamento a fornecedor,-5886.0
2024-06-20,Saida,Compra de estoque,48502.8,Pagamento a fornecedor,-48502.8
2024-06-20,Entrada,Recebimento de vendas,34143.55,Recebimento de venda,34143.55
2024-06-21,Saida,Compra de estoque,13694.400000000001,Pagamento a fornecedor,-13694.400000000001
2024-06-21,Entrada,Recebimento de vendas,36703.93,Recebimento de venda,36703.93
2024-06-22,Saida,Compra de estoque,53211.600000000006,Pagamento a fornecedor,-53211.600000000006
2024-06-22,Entrada,Recebimento de vendas,83882.11,Recebimento de venda,83882.11
2024-06-23,Saida,Compra de estoque,21189.600000000002,Pagamento a fornecedor,-21189.600000000002
2024-06-23,Entrada,Recebimento de vendas,42479.06,Recebimento de venda,42479.06
2024-06-24,Entrada,Recebimento de vendas,29705.41,Recebimento de venda,29705.41
2024-06-24,Saida,Compra de estoque,17388.0,Pagamento a fornecedor,-17388.0
2024-06-25,Saida,Compra de estoque,5745.6,Pagamento a fornecedor,-5745.6
2024-06-25,Entrada,Recebimento de vendas,12319.0,Recebimento de venda,12319.0
2024-06-26,Saida,Compra de estoque,6976.8,Pagamento a fornecedor,-6976.8
2024-06-26,Entrada,Recebimento de vendas,17498.52,Recebimento de venda,17498.52
2024-06-27,Entrada,Recebimento de vendas,41800.91,Recebimento de venda,41800.91
2024-06-27,Saida,Compra de estoque,20412.0,Pagamento a fornecedor,-20412.0
2024-06-28,Entrada,Recebimento de vendas,29560.38,Recebimento de venda,29560.38
2024-06-28,Saida,Compra de estoque,37702.8,Pagamento a fornecedor,-37702.8
2024-06-29,Saida,Compra de estoque,26362.800000000003,Pagamento a fornecedor,-26362.800000000003
2024-06-29,Entrada,Recebimento de vendas,40723.44,Recebimento de venda,40723.44
2024-06-30,Entrada,Recebimento de vendas,36514.43,Recebimento de venda,36514.43
2024-06-30,Saida,Compra de estoque,11232.0,Pagamento a fornecedor,-11232.0
2024-07-01,Saida,Compra de estoque,22712.4,Pagamento a fornecedor,-22712.4
2024-07-01,Entrada,Recebimento de vendas,36178.94,Recebimento de venda,36178.94
2024-07-01,Saida,Aluguel,28000.0,Despesa operacional,-28000.0
2024-07-01,Saida,Folha,52000.0,Despesa operacional,-52000.0
2024-07-01,Saida,Marketing,9000.0,Despesa operacional,-9000.0
2024-07-01,Saida,Logistica,7000.0,Despesa operacional,-7000.0
2024-07-02,Saida,Compra de estoque,26373.600000000002,Pagamento a fornecedor,-26373.600000000002
2024-07-02,Entrada,Recebimento de vendas,49963.06,Recebimento de venda,49963.06
2024-07-03,Entrada,Recebimento de vendas,39830.3,Recebimento de venda,39830.3
2024-07-03,Saida,Compra de estoque,16848.0,Pagamento a fornecedor,-16848.0
2024-07-04,Entrada,Recebimento de vendas,33937.4,Recebimento de venda,33937.4
2024-07-04,Saida,Compra de estoque,16308.000000000002,Pagamento a fornecedor,-16308.000000000002
2024-07-05,Entrada,Recebimento de vendas,23472.0,Recebimento de venda,23472.0
2024-07-05,Saida,Compra de estoque,28533.600000000002,Pagamento a fornecedor,-28533.600000000002
2024-07-06,Entrada,Recebimento de vendas,37948.08,Recebimento de venda,37948.08
2024-07-06,Saida,Compra de estoque,26200.800000000003,Pagamento a fornecedor,-26200.800000000003
2024-07-07,Entrada,Recebimento de vendas,14472.4,Recebimento de venda,14472.4
2024-07-07,Saida,Compra de estoque,21978.0,Pagamento a fornecedor,-21978.0
2024-07-08,Entrada,Recebimento de vendas,24085.1,Recebimento de venda,24085.1
2024-07-08,Saida,Compra de estoque,23166.0,Pagamento a fornecedor,-23166.0
2024-07-09,Saida,Compra de estoque,8650.800000000001,Pagamento a fornecedor,-8650.800000000001
2024-07-09,Entrada,Recebimento de vendas,35380.47,Recebimento de venda,35380.47
2024-07-10,Saida,Compra de estoque,3348.0,Pagamento a fornecedor,-3348.0
2024-07-10,Entrada,Recebimento de vendas,10886.82,Recebimento de venda,10886.82
2024-07-11,Entrada,Recebimento de vendas,68526.65,Recebimento de venda,68526.65
2024-07-11,Saida,Compra de estoque,20044.800000000003,Pagamento a fornecedor,-20044.800000000003
2024-07-12,Entrada,Recebimento de vendas,10768.939999999999,Recebimento de venda,10768.939999999999
2024-07-12,Saida,Compra de estoque,26967.600000000002,Pagamento a fornecedor,-26967.600000000002
2024-07-13,Saida,Compra de estoque,21459.600000000002,Pagamento a fornecedor,-21459.600000000002
2024-07-13,Entrada,Recebimento de vendas,22807.53,Recebimento de venda,22807.53
2024-07-14,Saida,Compra de estoque,28954.800000000003,Pagamento a fornecedor,-28954.800000000003
2024-07-14,Entrada,Recebimento de vendas,24741.88,Recebimento de venda,24741.88
2024-07-15,Saida,Compra de estoque,17949.600000000002,Pagamento a fornecedor,-17949.600000000002
2024-07-15,Entrada,Recebimento de vendas,19815.77,Recebimento de venda,19815.77
2024-07-16,Saida,Compra de estoque,13467.6,Pagamento a fornecedor,-13467.6
2024-07-16,Entrada,Recebimento de vendas,8657.5,Recebimento de venda,8657.5
2024-07-17,Entrada,Recebimento de vendas,29137.07,Recebimento de venda,29137.07
2024-07-17,Saida,Compra de estoque,14353.2,Pagamento a fornecedor,-14353.2
2024-07-18,Saida,Compra de estoque,13543.2,Pagamento a fornecedor,-13543.2
2024-07-18,Entrada,Recebimento de vendas,19480.1,Recebimento de venda,19480.1
2024-07-19,Entrada,Recebimento de vendas,31429.08,Recebimento de venda,31429.08
2024-07-19,Saida,Compra de estoque,19936.800000000003,Pagamento a fornecedor,-19936.800000000003
2024-07-20,Entrada,Recebimento de vendas,100710.26,Recebimento de venda,100710.26
2024-07-20,Saida,Compra de estoque,29916.000000000004,Pagamento a fornecedor,-29916.000000000004
2024-07-21,Entrada,Recebimento de vendas,50654.75,Recebimento de venda,50654.75
2024-07-21,Saida,Compra de estoque,23349.600000000002,Pagamento a fornecedor,-23349.600000000002
2024-07-22,Entrada,Recebimento de vendas,16480.6,Recebimento de venda,16480.6
2024-07-22,Saida,Compra de estoque,4374.0,Pagamento a fornecedor,-4374.0
2024-07-23,Entrada,Recebimento de vendas,23958.29,Recebimento de venda,23958.29
2024-07-23,Saida,Compra de estoque,19666.800000000003,Pagamento a fornecedor,-19666.800000000003
2024-07-24,Entrada,Recebimento de vendas,26032.38,Recebimento de venda,26032.38
2024-07-24,Saida,Compra de estoque,10648.800000000001,Pagamento a fornecedor,-10648.800000000001
2024-07-25,Entrada,Recebimento de vendas,55117.159999999996,Recebimento de venda,55117.159999999996
2024-07-25,Saida,Compra de estoque,7927.200000000001,Pagamento a fornecedor,-7927.200000000001
2024-07-26,Entrada,Recebimento de vendas,15667.36,Recebimento de venda,15667.36
2024-07-26,Saida,Compra de estoque,3434.4,Pagamento a fornecedor,-3434.4
2024-07-27,Saida,Compra de estoque,14320.800000000001,Pagamento a fornecedor,-14320.800000000001
2024-07-27,Entrada,Recebimento de vendas,21067.309999999998,Recebimento de venda,21067.309999999998
2024-07-28,Saida,Compra de estoque,5529.6,Pagamento a fornecedor,-5529.6
2024-07-28,Entrada,Recebimento de vendas,36372.159999999996,Recebimento de venda,36372.159999999996
2024-07-29,Saida,Compra de estoque,17485.2,Pagamento a fornecedor,-17485.2
2024-07-29,Entrada,Recebimento de vendas,42743.76,Recebimento de venda,42743.76
2024-07-30,Saida,Compra de estoque,22917.600000000002,Pagamento a fornecedor,-22917.600000000002
2024-07-30,Entrada,Recebimento de vendas,37332.86,Recebimento de venda,37332.86
2024-07-31,Saida,Compra de estoque,19245.600000000002,Pagamento a fornecedor,-19245.600000000002
2024-07-31,Entrada,Recebimento de vendas,36473.1,Recebimento de venda,36473.1
2024-08-01,Saida,Logistica,7000.0,Despesa operacional,-7000.0
2024-08-01,Saida,Folha,52000.0,Despesa operacional,-52000.0
2024-08-01,Saida,Aluguel,28000.0,Despesa operacional,-28000.0
2024-08-01,Entrada,Recebimento de vendas,27204.52,Recebimento de venda,27204.52
2024-08-01,Saida,Marketing,9000.0,Despesa operacional,-9000.0
2024-08-01,Saida,Compra de estoque,24958.800000000003,Pagamento a fornecedor,-24958.800000000003
2024-08-02,Saida,Compra de estoque,6793.200000000001,Pagamento a fornecedor,-6793.200000000001
2024-08-02,Entrada,Recebimento de vendas,33894.78,Recebimento de venda,33894.78
2024-08-03,Entrada,Recebimento de vendas,23523.2,Recebimento de venda,23523.2
2024-08-03,Saida,Compra de estoque,21859.2,Pagamento a fornecedor,-21859.2
2024-08-04,Saida,Compra de estoque,16459.2,Pagamento a fornecedor,-16459.2
2024-08-04,Entrada,Recebimento de vendas,30989.68,Recebimento de venda,30989.68
2024-08-05,Saida,Compra de estoque,18608.4,Pagamento a fornecedor,-18608.4
2024-08-05,Entrada,Recebimento de vendas,29854.22,Recebimento de venda,29854.22
2024-08-06,Saida,Compra de estoque,15249.6,Pagamento a fornecedor,-15249.6
2024-08-06,Entrada,Recebimento de vendas,15885.46,Recebimento de venda,15885.46
2024-08-07,Entrada,Recebimento de vendas,36439.29,Recebimento de venda,36439.29
2024-08-07,Saida,Compra de estoque,10897.2,Pagamento a fornecedor,-10897.2
2024-08-08,Entrada,Recebimento de vendas,25488.64,Recebimento de venda,25488.64
2024-08-08,Saida,Compra de estoque,17334.0,Pagamento a fornecedor,-17334.0
2024-08-09,Saida,Compra de estoque,13564.800000000001,Pagamento a fornecedor,-13564.800000000001
2024-08-09,Entrada,Recebimento de vendas,36778.28999999999,Recebimento de venda,36778.28999999999
2024-08-10,Entrada,Recebimento de vendas,13472.119999999999,Recebimento de venda,13472.119999999999
2024-08-10,Saida,Compra de estoque,18748.800000000003,Pagamento a fornecedor,-18748.800000000003
2024-08-11,Entrada,Recebimento de vendas,59280.65,Recebimento de venda,59280.65
2024-08-11,Saida,Compra de estoque,4406.400000000001,Pagamento a fornecedor,-4406.400000000001
2024-08-12,Entrada,Recebimento de vendas,74337.20999999999,Recebimento de venda,74337.20999999999
2024-08-12,Saida,Compra de estoque,34657.200000000004,Pagamento a fornecedor,-34657.200000000004
2024-08-13,Saida,Compra de estoque,25045.2,Pagamento a fornecedor,-25045.2
2024-08-13,Entrada,Recebimento de vendas,38882.47,Recebimento de venda,38882.47
2024-08-14,Saida,Compra de estoque,21535.2,Pagamento a fornecedor,-21535.2
2024-08-14,Entrada,Recebimento de vendas,69705.53,Recebimento de venda,69705.53
2024-08-15,Saida,Compra de estoque,12463.2,Pagamento a fornecedor,-12463.2
2024-08-15,Entrada,Recebimento de vendas,33962.57,Recebimento de venda,33962.57
2024-08-16,Entrada,Recebimento de vendas,38499.76,Recebimento de venda,38499.76
2024-08-16,Saida,Compra de estoque,29743.2,Pagamento a fornecedor,-29743.2
2024-08-17,Saida,Compra de estoque,19008.0,Pagamento a fornecedor,-19008.0
2024-08-17,Entrada,Recebimento de vendas,31902.8,Recebimento de venda,31902.8
2024-08-18,Saida,Compra de estoque,10875.6,Pagamento a fornecedor,-10875.6
2024-08-18,Entrada,Recebimento de vendas,46333.28,Recebimento de venda,46333.28
2024-08-19,Saida,Compra de estoque,21697.2,Pagamento a fornecedor,-21697.2
2024-08-19,Entrada,Recebimento de vendas,10859.76,Recebimento de venda,10859.76
2024-08-20,Entrada,Recebimento de vendas,56046.93,Recebimento de venda,56046.93
2024-08-20,Saida,Compra de estoque,19699.2,Pagamento a fornecedor,-19699.2
2024-08-21,Saida,Compra de estoque,14979.6,Pagamento a fornecedor,-14979.6
2024-08-21,Entrada,Recebimento de vendas,41686.2,Recebimento de venda,41686.2
2024-08-22,Entrada,Recebimento de vendas,43161.66,Recebimento de venda,43161.66
2024-08-22,Saida,Compra de estoque,23220.0,Pagamento a fornecedor,-23220.0
2024-08-23,Entrada,Recebimento de vendas,13445.43,Recebimento de venda,13445.43
2024-08-23,Saida,Compra de estoque,4320.0,Pagamento a fornecedor,-4320.0
2024-08-24,Entrada,Recebimento de vendas,36128.17,Recebimento de venda,36128.17
2024-08-24,Saida,Compra de estoque,57153.600000000006,Pagamento a fornecedor,-57153.600000000006
2024-08-25,Entrada,Recebimento de vendas,9763.35,Recebimento de venda,9763.35
2024-08-25,Saida,Compra de estoque,4579.200000000001,Pagamento a fornecedor,-4579.200000000001
2024-08-26,Entrada,Recebimento de vendas,16580.59,Recebimento de venda,16580.59
2024-08-26,Saida,Compra de estoque,15411.6,Pagamento a fornecedor,-15411.6
2024-08-27,Saida,Compra de estoque,13878.000000000002,Pagamento a fornecedor,-13878.000000000002
2024-08-27,Entrada,Recebimento de vendas,38583.24,Recebimento de venda,38583.24
2024-08-28,Saida,Compra de estoque,4752.0,Pagamento a fornecedor,-4752.0
2024-08-28,Entrada,Recebimento de vendas,24926.91,Recebimento de venda,24926.91
2024-08-29,Saida,Compra de estoque,10746.0,Pagamento a fornecedor,-10746.0
2024-08-29,Entrada,Recebimento de vendas,2357.1,Recebimento de venda,2357.1
2024-08-30,Entrada,Recebimento de vendas,78694.99,Recebimento de venda,78694.99
2024-08-30,Saida,Compra de estoque,22258.800000000003,Pagamento a fornecedor,-22258.800000000003
2024-08-31,Saida,Compra de estoque,19224.0,Pagamento a fornecedor,-19224.0
2024-08-31,Entrada,Recebimento de vendas,66124.24,Recebimento de venda,66124.24
2024-09-01,Saida,Marketing,9000.0,Despesa operacional,-9000.0
2024-09-01,Saida,Folha,52000.0,Despesa operacional,-52000.0
2024-09-01,Saida,Aluguel,28000.0,Despesa operacional,-28000.0
2024-09-01,Entrada,Recebimento de vendas,25217.42,Recebimento de venda,25217.42
2024-09-01,Saida,Compra de estoque,16048.800000000001,Pagamento a fornecedor,-16048.800000000001
2024-09-01,Saida,Logistica,7000.0,Despesa operacional,-7000.0
2024-09-02,Entrada,Recebimento de vendas,24352.67,Recebimento de venda,24352.67
2024-09-02,Saida,Compra de estoque,5518.8,Pagamento a fornecedor,-5518.8
2024-09-03,Entrada,Recebimento de vendas,21910.28,Recebimento de venda,21910.28
2024-09-03,Saida,Compra de estoque,4903.200000000001,Pagamento a fornecedor,-4903.200000000001
2024-09-04,Entrada,Recebimento de vendas,52489.41,Recebimento de venda,52489.41
2024-09-04,Saida,Compra de estoque,21146.4,Pagamento a fornecedor,-21146.4
2024-09-05,Saida,Compra de estoque,18813.600000000002,Pagamento a fornecedor,-18813.600000000002
2024-09-05,Entrada,Recebimento de vendas,9138.17,Recebimento de venda,9138.17
2024-09-06,Saida,Compra de estoque,17150.4,Pagamento a fornecedor,-17150.4
2024-09-06,Entrada,Recebimento de vendas,20170.31,Recebimento de venda,20170.31
2024-09-07,Entrada,Recebimento de vendas,39395.1,Recebimento de venda,39395.1
2024-09-07,Saida,Compra de estoque,18241.2,Pagamento a fornecedor,-18241.2
2024-09-08,Saida,Compra de estoque,29527.2,Pagamento a fornecedor,-29527.2
2024-09-08,Entrada,Recebimento de vendas,47454.88,Recebimento de venda,47454.88
2024-09-09,Saida,Compra de estoque,11307.6,Pagamento a fornecedor,-11307.6
2024-09-09,Entrada,Recebimento de vendas,2819.6,Recebimento de venda,2819.6
2024-09-10,Saida,Compra de estoque,22420.800000000003,Pagamento a fornecedor,-22420.800000000003
2024-09-10,Entrada,Recebimento de vendas,12086.5,Recebimento de venda,12086.5
2024-09-11,Entrada,Recebimento de vendas,31944.02,Recebimento de venda,31944.02
2024-09-11,Saida,Compra de estoque,16686.0,Pagamento a fornecedor,-16686.0
2024-09-12,Saida,Compra de estoque,7700.400000000001,Pagamento a fornecedor,-7700.400000000001
2024-09-12,Entrada,Recebimento de vendas,11367.15,Recebimento de venda,11367.15
2024-09-13,Entrada,Recebimento de vendas,53184.92,Recebimento de venda,53184.92
2024-09-13,Saida,Compra de estoque,17679.600000000002,Pagamento a fornecedor,-17679.600000000002
2024-09-14,Entrada,Recebimento de vendas,41011.72,Recebimento de venda,41011.72
2024-09-14,Saida,Compra de estoque,55933.200000000004,Pagamento a fornecedor,-55933.200000000004
2024-09-15,Entrada,Recebimento de vendas,56749.55,Recebimento de venda,56749.55
2024-09-15,Saida,Compra de estoque,50014.8,Pagamento a fornecedor,-50014.8
2024-09-16,Saida,Compra de estoque,17874.0,Pagamento a fornecedor,-17874.0
2024-09-16,Entrada,Recebimento de vendas,30863.0,Recebimento de venda,30863.0
2024-09-17,Entrada,Recebimento de vendas,18055.72,Recebimento de venda,18055.72
2024-09-17,Saida,Compra de estoque,13446.0,Pagamento a fornecedor,-13446.0
2024-09-18,Saida,Compra de estoque,11934.0,Pagamento a fornecedor,-11934.0
2024-09-18,Entrada,Recebimento de vendas,39493.08,Recebimento de venda,39493.08
2024-09-19,Saida,Compra de estoque,15001.2,Pagamento a fornecedor,-15001.2
2024-09-19,Entrada,Recebimento de vendas,60485.95,Recebimento de venda,60485.95
2024-09-20,Saida,Compra de estoque,36190.8,Pagamento a fornecedor,-36190.8
2024-09-20,Entrada,Recebimento de vendas,82525.8,Recebimento de venda,82525.8
2024-09-21,Entrada,Recebimento de vendas,27266.03,Recebimento de venda,27266.03
2024-09-21,Saida,Compra de estoque,14623.2,Pagamento a fornecedor,-14623.2
2024-09-22,Entrada,Recebimento de vendas,34074.71,Recebimento de venda,34074.71
2024-09-22,Saida,Compra de estoque,20055.600000000002,Pagamento a fornecedor,-20055.600000000002
2024-09-23,Entrada,Recebimento de vendas,29424.64,Recebimento de venda,29424.64
2024-09-23,Saida,Compra de estoque,3024.0,Pagamento a fornecedor,-3024.0
2024-09-24,Entrada,Recebimento de vendas,38827.42,Recebimento de venda,38827.42
2024-09-24,Saida,Compra de estoque,8132.400000000001,Pagamento a fornecedor,-8132.400000000001
2024-09-25,Saida,Compra de estoque,7560.000000000001,Pagamento a fornecedor,-7560.000000000001
2024-09-25,Entrada,Recebimento de vendas,21104.29,Recebimento de venda,21104.29
2024-09-26,Entrada,Recebimento de vendas,30620.8,Recebimento de venda,30620.8
2024-09-26,Saida,Compra de estoque,13975.2,Pagamento a fornecedor,-13975.2
2024-09-27,Entrada,Recebimento de vendas,24675.25,Recebimento de venda,24675.25
2024-09-27,Saida,Compra de estoque,23198.4,Pagamento a fornecedor,-23198.4
2024-09-28,Saida,Compra de estoque,22442.4,Pagamento a fornecedor,-22442.4
2024-09-28,Entrada,Recebimento de vendas,18395.02,Recebimento de venda,18395.02
2024-09-29,Saida,Compra de estoque,20088.0,Pagamento a fornecedor,-20088.0
2024-09-29,Entrada,Recebimento de vendas,49675.35,Recebimento de venda,49675.35
2024-09-30,Saida,Compra de estoque,29235.600000000002,Pagamento a fornecedor,-29235.600000000002
2024-09-30,Entrada,Recebimento de vendas,33117.659999999996,Recebimento de venda,33117.659999999996
2024-10-01,Entrada,Recebimento de vendas,33716.5,Recebimento de venda,33716.5
2024-10-01,Saida,Marketing,9000.0,Despesa operacional,-9000.0
2024-10-01,Saida,Folha,52000.0,Despesa operacional,-52000.0
2024-10-01,Saida,Logistica,7000.0,Despesa operacional,-7000.0
2024-10-01,Saida,Compra de estoque,24958.800000000003,Pagamento a fornecedor,-24958.800000000003
2024-10-01,Saida,Aluguel,28000.0,Despesa operacional,-28000.0
2024-10-02,Saida,Compra de estoque,7722.000000000001,Pagamento a fornecedor,-7722.000000000001
2024-10-02,Entrada,Recebimento de vendas,48963.99,Recebimento de venda,48963.99
2024-10-03,Saida,Compra de estoque,11048.400000000001,Pagamento a fornecedor,-11048.400000000001
2024-10-03,Entrada,Recebimento de vendas,22714.82,Recebimento de venda,22714.82
2024-10-04,Entrada,Recebimento de vendas,7690.5,Recebimento de venda,7690.5
2024-10-04,Saida,Compra de estoque,33534.0,Pagamento a fornecedor,-33534.0
2024-10-05,Saida,Compra de estoque,14990.400000000001,Pagamento a fornecedor,-14990.400000000001
2024-10-05,Entrada,Recebimento de vendas,19823.23,Recebimento de venda,19823.23
2024-10-06,Saida,Compra de estoque,14169.6,Pagamento a fornecedor,-14169.6
2024-10-06,Entrada,Recebimento de vendas,29617.32,Recebimento de venda,29617.32
2024-10-07,Saida,Compra de estoque,14007.6,Pagamento a fornecedor,-14007.6
2024-10-07,Entrada,Recebimento de vendas,46935.43,Recebimento de venda,46935.43
2024-10-08,Entrada,Recebimento de vendas,15714.45,Recebimento de venda,15714.45
2024-10-08,Saida,Compra de estoque,9849.6,Pagamento a fornecedor,-9849.6
2024-10-09,Saida,Compra de estoque,12625.2,Pagamento a fornecedor,-12625.2
2024-10-09,Entrada,Recebimento de vendas,9264.5,Recebimento de venda,9264.5
2024-10-10,Saida,Compra de estoque,17560.800000000003,Pagamento a fornecedor,-17560.800000000003
2024-10-10,Entrada,Recebimento de vendas,42974.86,Recebimento de venda,42974.86
2024-10-11,Saida,Compra de estoque,16783.2,Pagamento a fornecedor,-16783.2
2024-10-11,Entrada,Recebimento de vendas,22371.28,Recebimento de venda,22371.28
2024-10-12,Saida,Compra de estoque,18986.4,Pagamento a fornecedor,-18986.4
2024-10-12,Entrada,Recebimento de vendas,41173.7,Recebimento de venda,41173.7
2024-10-13,Entrada,Recebimento de vendas,21714.190000000002,Recebimento de venda,21714.190000000002
2024-10-13,Saida,Compra de estoque,22906.800000000003,Pagamento a fornecedor,-22906.800000000003
2024-10-14,Saida,Compra de estoque,23436.0,Pagamento a fornecedor,-23436.0
2024-10-14,Entrada,Recebimento de vendas,55867.65,Recebimento de venda,55867.65
2024-10-15,Saida,Compra de estoque,14169.6,Pagamento a fornecedor,-14169.6
2024-10-15,Entrada,Recebimento de vendas,31919.089999999997,Recebimento de venda,31919.089999999997
2024-10-16,Entrada,Recebimento de vendas,41389.4,Recebimento de venda,41389.4
2024-10-16,Saida,Compra de estoque,17344.800000000003,Pagamento a fornecedor,-17344.800000000003
2024-10-17,Saida,Compra de estoque,38307.600000000006,Pagamento a fornecedor,-38307.600000000006
2024-10-17,Entrada,Recebimento de vendas,56651.130000000005,Recebimento de venda,56651.130000000005
2024-10-18,Saida,Compra de estoque,31968.000000000004,Pagamento a fornecedor,-31968.000000000004
2024-10-18,Entrada,Recebimento de vendas,34856.1,Recebimento de venda,34856.1
2024-10-19,Entrada,Recebimento de vendas,14049.69,Recebimento de venda,14049.69
2024-10-19,Saida,Compra de estoque,9126.0,Pagamento a fornecedor,-9126.0
2024-10-20,Saida,Compra de estoque,6631.200000000001,Pagamento a fornecedor,-6631.200000000001
2024-10-20,Entrada,Recebimento de vendas,9284.64,Recebimento de venda,9284.64
2024-10-21,Entrada,Recebimento de vendas,44181.14,Recebimento de venda,44181.14
2024-10-21,Saida,Compra de estoque,10162.800000000001,Pagamento a fornecedor,-10162.800000000001
2024-10-22,Saida,Compra de estoque,18262.800000000003,Pagamento a fornecedor,-18262.800000000003
2024-10-22,Entrada,Recebimento de vendas,61933.42,Recebimento de venda,61933.42
2024-10-23,Saida,Compra de estoque,24840.0,Pagamento a fornecedor,-24840.0
2024-10-23,Entrada,Recebimento de vendas,40742.119999999995,Recebimento de venda,40742.119999999995
2024-10-24,Entrada,Recebimento de vendas,61031.58,Recebimento de venda,61031.58
2024-10-24,Saida,Compra de estoque,12150.0,Pagamento a fornecedor,-12150.0
2024-10-25,Entrada,Recebimento de vendas,39850.02,Recebimento de venda,39850.02
2024-10-25,Saida,Compra de estoque,28900.800000000003,Pagamento a fornecedor,-28900.800000000003
2024-10-26,Entrada,Recebimento de vendas,27115.37,Recebimento de venda,27115.37
2024-10-26,Saida,Compra de estoque,9784.800000000001,Pagamento a fornecedor,-9784.800000000001
2024-10-27,Saida,Compra de estoque,27842.4,Pagamento a fornecedor,-27842.4
2024-10-27,Entrada,Recebimento de vendas,33702.8,Recebimento de venda,33702.8
2024-10-28,Saida,Compra de estoque,22658.4,Pagamento a fornecedor,-22658.4
2024-10-28,Entrada,Recebimento de vendas,30316.230000000003,Recebimento de venda,30316.230000000003
2024-10-29,Entrada,Recebimento de vendas,28559.699999999997,Recebimento de venda,28559.699999999997
2024-10-29,Saida,Compra de estoque,18846.0,Pagamento a fornecedor,-18846.0
2024-10-30,Saida,Compra de estoque,29570.4,Pagamento a fornecedor,-29570.4
2024-10-30,Entrada,Recebimento de vendas,31927.8,Recebimento de venda,31927.8
2024-10-31,Saida,Compra de estoque,12906.0,Pagamento a fornecedor,-12906.0
2024-10-31,Entrada,Recebimento de vendas,23531.96,Recebimento de venda,23531.96
2024-11-01,Saida,Aluguel,28000.0,Despesa operacional,-28000.0
2024-11-01,Saida,Folha,52000.0,Despesa operacional,-52000.0
2024-11-01,Saida,Marketing,9000.0,Despesa operacional,-9000.0
2024-11-01,Saida,Logistica,7000.0,Despesa operacional,-7000.0
2024-11-01,Entrada,Recebimento de vendas,32039.02,Recebimento de venda,32039.02
2024-11-01,Saida,Compra de estoque,7678.8,Pagamento a fornecedor,-7678.8
2024-11-02,Saida,Compra de estoque,22982.4,Pagamento a fornecedor,-22982.4
2024-11-02,Entrada,Recebimento de vendas,16569.05,Recebimento de venda,16569.05
2024-11-03,Saida,Compra de estoque,16902.0,Pagamento a fornecedor,-16902.0
2024-11-03,Entrada,Recebimento de vendas,27152.52,Recebimento de venda,27152.52
2024-11-04,Entrada,Recebimento de vendas,37470.08,Recebimento de venda,37470.08
2024-11-04,Saida,Compra de estoque,11469.6,Pagamento a fornecedor,-11469.6
2024-11-05,Entrada,Recebimento de vendas,34421.13,Recebimento de venda,34421.13
2024-11-05,Saida,Compra de estoque,19008.0,Pagamento a fornecedor,-19008.0
2024-11-06,Entrada,Recebimento de vendas,34890.01,Recebimento de venda,34890.01
2024-11-06,Saida,Compra de estoque,14418.000000000002,Pagamento a fornecedor,-14418.000000000002
2024-11-07,Entrada,Recebimento de vendas,57855.19,Recebimento de venda,57855.19
2024-11-07,Saida,Compra de estoque,12117.6,Pagamento a fornecedor,-12117.6
2024-11-08,Entrada,Recebimento de vendas,30467.25,Recebimento de venda,30467.25
2024-11-08,Saida,Compra de estoque,34128.0,Pagamento a fornecedor,-34128.0
2024-11-09,Saida,Compra de estoque,15087.6,Pagamento a fornecedor,-15087.6
2024-11-09,Entrada,Recebimento de vendas,58776.78,Recebimento de venda,58776.78
2024-11-10,Entrada,Recebimento de vendas,35499.39,Recebimento de venda,35499.39
2024-11-10,Saida,Compra de estoque,20358.0,Pagamento a fornecedor,-20358.0
2024-11-11,Saida,Compra de estoque,16027.2,Pagamento a fornecedor,-16027.2
2024-11-11,Entrada,Recebimento de vendas,18622.5,Recebimento de venda,18622.5
2024-11-12,Saida,Compra de estoque,33501.600000000006,Pagamento a fornecedor,-33501.600000000006
2024-11-12,Entrada,Recebimento de vendas,33654.17,Recebimento de venda,33654.17
2024-11-13,Saida,Compra de estoque,26060.4,Pagamento a fornecedor,-26060.4
2024-11-13,Entrada,Recebimento de vendas,11725.24,Recebimento de venda,11725.24
2024-11-14,Saida,Compra de estoque,34668.0,Pagamento a fornecedor,-34668.0
2024-11-14,Entrada,Recebimento de vendas,48523.16,Recebimento de venda,48523.16
2024-11-15,Saida,Compra de estoque,18090.0,Pagamento a fornecedor,-18090.0
2024-11-15,Entrada,Recebimento de vendas,29192.25,Recebimento de venda,29192.25
2024-11-16,Entrada,Recebimento de vendas,59635.0,Recebimento de venda,59635.0
2024-11-16,Saida,Compra de estoque,34592.4,Pagamento a fornecedor,-34592.4
2024-11-17,Entrada,Recebimento de vendas,26196.59,Recebimento de venda,26196.59
2024-11-17,Saida,Compra de estoque,13467.6,Pagamento a fornecedor,-13467.6
2024-11-18,Entrada,Recebimento de vendas,17871.85,Recebimento de venda,17871.85
2024-11-18,Saida,Compra de estoque,13608.0,Pagamento a fornecedor,-13608.0
2024-11-19,Entrada,Recebimento de vendas,61066.54,Recebimento de venda,61066.54
2024-11-19,Saida,Compra de estoque,19807.2,Pagamento a fornecedor,-19807.2
2024-11-20,Saida,Compra de estoque,20606.4,Pagamento a fornecedor,-20606.4
2024-11-20,Entrada,Recebimento de vendas,28618.379999999997,Recebimento de venda,28618.379999999997
2024-11-21,Entrada,Recebimento de vendas,39362.31,Recebimento de venda,39362.31
2024-11-21,Saida,Compra de estoque,15228.000000000002,Pagamento a fornecedor,-15228.000000000002
2024-11-22,Entrada,Recebimento de vendas,34747.89,Recebimento de venda,34747.89
2024-11-22,Saida,Compra de estoque,15206.400000000001,Pagamento a fornecedor,-15206.400000000001
2024-11-23,Saida,Compra de estoque,29656.800000000003,Pagamento a fornecedor,-29656.800000000003
2024-11-23,Entrada,Recebimento de vendas,44982.770000000004,Recebimento de venda,44982.770000000004
2024-11-24,Entrada,Recebimento de vendas,3007.0,Recebimento de venda,3007.0
2024-11-24,Saida,Compra de estoque,31579.2,Pagamento a fornecedor,-31579.2
2024-11-25,Entrada,Recebimento de vendas,72292.48,Recebimento de venda,72292.48
2024-11-25,Saida,Compra de estoque,22647.600000000002,Pagamento a fornecedor,-22647.600000000002
2024-11-26,Entrada,Recebimento de vendas,13432.65,Recebimento de venda,13432.65
2024-11-26,Saida,Compra de estoque,19375.2,Pagamento a fornecedor,-19375.2
2024-11-27,Entrada,Recebimento de vendas,57881.07,Recebimento de venda,57881.07
2024-11-27,Saida,Compra de estoque,19116.0,Pagamento a fornecedor,-19116.0
2024-11-28,Saida,Compra de estoque,23328.0,Pagamento a fornecedor,-23328.0
2024-11-28,Entrada,Recebimento de vendas,44519.72,Recebimento de venda,44519.72
2024-11-29,Entrada,Recebimento de vendas,27229.4,Recebimento de venda,27229.4
2024-11-29,Saida,Compra de estoque,24948.0,Pagamento a fornecedor,-24948.0
2024-11-30,Saida,Compra de estoque,24807.600000000002,Pagamento a fornecedor,-24807.600000000002
2024-11-30,Entrada,Recebimento de vendas,34733.41,Recebimento de venda,34733.41
2024-12-01,Saida,Folha,52000.0,Despesa operacional,-52000.0
2024-12-01,Saida,Marketing,9000.0,Despesa operacional,-9000.0
2024-12-01,Entrada,Recebimento de vendas,7620.7,Recebimento de venda,7620.7
2024-12-01,Saida,Compra de estoque,13100.400000000001,Pagamento a fornecedor,-13100.400000000001
2024-12-01,Saida,Aluguel,28000.0,Despesa operacional,-28000.0
2024-12-01,Saida,Logistica,7000.0,Despesa operacional,-7000.0
2024-12-02,Saida,Compra de estoque,10238.400000000001,Pagamento a fornecedor,-10238.400000000001
2024-12-02,Entrada,Recebimento de vendas,14662.85,Recebimento de venda,14662.85
2024-12-03,Entrada,Recebimento de vendas,49955.53,Recebimento de venda,49955.53
2024-12-03,Saida,Compra de estoque,14536.800000000001,Pagamento a fornecedor,-14536.800000000001
2024-12-04,Saida,Compra de estoque,39938.4,Pagamento a fornecedor,-39938.4
2024-12-04,Entrada,Recebimento de vendas,121655.82,Recebimento de venda,121655.82
2024-12-05,Entrada,Recebimento de vendas,26666.63,Recebimento de venda,26666.63
2024-12-05,Saida,Compra de estoque,37227.600000000006,Pagamento a fornecedor,-37227.600000000006
2024-12-06,Entrada,Recebimento de vendas,6900.96,Recebimento de venda,6900.96
2024-12-06,Saida,Compra de estoque,10378.800000000001,Pagamento a fornecedor,-10378.800000000001
2024-12-07,Entrada,Recebimento de vendas,30546.43,Recebimento de venda,30546.43
2024-12-07,Saida,Compra de estoque,10465.2,Pagamento a fornecedor,-10465.2
2024-12-08,Saida,Compra de estoque,23166.0,Pagamento a fornecedor,-23166.0
2024-12-08,Entrada,Recebimento de vendas,29486.309999999998,Recebimento de venda,29486.309999999998
2024-12-09,Entrada,Recebimento de vendas,73721.77,Recebimento de venda,73721.77
2024-12-09,Saida,Compra de estoque,26006.4,Pagamento a fornecedor,-26006.4
2024-12-10,Entrada,Recebimento de vendas,23563.13,Recebimento de venda,23563.13
2024-12-10,Saida,Compra de estoque,22831.2,Pagamento a fornecedor,-22831.2
2024-12-11,Saida,Compra de estoque,12862.800000000001,Pagamento a fornecedor,-12862.800000000001
2024-12-11,Entrada,Recebimento de vendas,36909.29,Recebimento de venda,36909.29
2024-12-12,Saida,Compra de estoque,27054.0,Pagamento a fornecedor,-27054.0
2024-12-12,Entrada,Recebimento de vendas,27697.23,Recebimento de venda,27697.23
2024-12-13,Saida,Compra de estoque,14536.800000000001,Pagamento a fornecedor,-14536.800000000001
2024-12-13,Entrada,Recebimento de vendas,47715.14,Recebimento de venda,47715.14
2024-12-14,Entrada,Recebimento de vendas,54829.45,Recebimento de venda,54829.45
2024-12-14,Saida,Compra de estoque,15271.2,Pagamento a fornecedor,-15271.2
2024-12-15,Entrada,Recebimento de vendas,23688.22,Recebimento de venda,23688.22
2024-12-15,Saida,Compra de estoque,28976.4,Pagamento a fornecedor,-28976.4
2024-12-16,Saida,Compra de estoque,32454.000000000004,Pagamento a fornecedor,-32454.000000000004
2024-12-16,Entrada,Recebimento de vendas,10548.849999999999,Recebimento de venda,10548.849999999999
2024-12-17,Entrada,Recebimento de vendas,54334.09,Recebimento de venda,54334.09
2024-12-17,Saida,Compra de estoque,2808.0,Pagamento a fornecedor,-2808.0
2024-12-18,Entrada,Recebimento de vendas,59532.43,Recebimento de venda,59532.43
2024-12-18,Saida,Compra de estoque,23695.2,Pagamento a fornecedor,-23695.2
2024-12-19,Entrada,Recebimento de vendas,59342.08,Recebimento de venda,59342.08
2024-12-19,Saida,Compra de estoque,26881.2,Pagamento a fornecedor,-26881.2
2024-12-20,Entrada,Recebimento de vendas,27946.739999999998,Recebimento de venda,27946.739999999998
2024-12-20,Saida,Compra de estoque,7354.8,Pagamento a fornecedor,-7354.8
2024-12-21,Saida,Compra de estoque,23133.600000000002,Pagamento a fornecedor,-23133.600000000002
2024-12-21,Entrada,Recebimento de vendas,14998.46,Recebimento de venda,14998.46
2024-12-22,Saida,Compra de estoque,13046.400000000001,Pagamento a fornecedor,-13046.400000000001
2024-12-22,Entrada,Recebimento de vendas,41547.31,Recebimento de venda,41547.31
2024-12-23,Entrada,Recebimento de vendas,48206.53,Recebimento de venda,48206.53
2024-12-23,Saida,Compra de estoque,16362.000000000002,Pagamento a fornecedor,-16362.000000000002
2024-12-24,Entrada,Recebimento de vendas,25489.5,Recebimento de venda,25489.5
2024-12-24,Saida,Compra de estoque,31266.000000000004,Pagamento a fornecedor,-31266.000000000004
2024-12-25,Saida,Compra de estoque,17830.800000000003,Pagamento a fornecedor,-17830.800000000003
2024-12-25,Entrada,Recebimento de vendas,13523.939999999999,Recebimento de venda,13523.939999999999
2024-12-26,Entrada,Recebimento de vendas,35204.21,Recebimento de venda,35204.21
2024-12-26,Saida,Compra de estoque,17420.4,Pagamento a fornecedor,-17420.4
2024-12-27,Entrada,Recebimento de vendas,24038.02,Recebimento de venda,24038.02
2024-12-27,Saida,Compra de estoque,10746.0,Pagamento a fornecedor,-10746.0
2024-12-28,Saida,Compra de estoque,10216.800000000001,Pagamento a fornecedor,-10216.800000000001
2024-12-28,Entrada,Recebimento de vendas,18048.58,Recebimento de venda,18048.58
2024-12-29,Entrada,Recebimento de vendas,63592.03,Recebimento de venda,63592.03
2024-12-29,Saida,Compra de estoque,14256.000000000002,Pagamento a fornecedor,-14256.000000000002
2024-12-30,Entrada,Recebimento de vendas,63581.89,Recebimento de venda,63581.89
2024-12-30,Saida,Compra de estoque,11599.2,Pagamento a fornecedor,-11599.2
2024-12-31,Saida,Compra de estoque,20692.800000000003,Pagamento a fornecedor,-20692.800000000003
2024-12-31,Entrada,Recebimento de vendas,52027.58,Recebimento de venda,52027.58
2025-01-01,Saida,Folha,56160.0,Despesa operacional,-56160.0
2025-01-01,Saida,Logistica,7420.0,Despesa operacional,-7420.0
2025-01-01,Saida,Aluguel,29680.0,Despesa operacional,-29680.0
2025-01-01,Saida,Marketing,9450.0,Despesa operacional,-9450.0
2025-01-01,Saida,Compra de estoque,15616.800000000001,Pagamento a fornecedor,-15616.800000000001
2025-01-02,Entrada,Recebimento de vendas,54873.5,Recebimento de venda,54873.5
2025-01-02,Saida,Compra de estoque,22248.0,Pagamento a fornecedor,-22248.0
2025-01-03,Entrada,Recebimento de vendas,28956.66,Recebimento de venda,28956.66
2025-01-03,Saida,Compra de estoque,45111.600000000006,Pagamento a fornecedor,-45111.600000000006
2025-01-04,Entrada,Recebimento de vendas,34844.97,Recebimento de venda,34844.97
2025-01-04,Saida,Compra de estoque,5594.400000000001,Pagamento a fornecedor,-5594.400000000001
2025-01-05,Entrada,Recebimento de vendas,50085.61,Recebimento de venda,50085.61
2025-01-05,Saida,Compra de estoque,20649.600000000002,Pagamento a fornecedor,-20649.600000000002
2025-01-06,Entrada,Recebimento de vendas,19524.1,Recebimento de venda,19524.1
2025-01-06,Saida,Compra de estoque,28339.2,Pagamento a fornecedor,-28339.2
2025-01-07,Entrada,Recebimento de vendas,14206.07,Recebimento de venda,14206.07
2025-01-07,Saida,Compra de estoque,10638.0,Pagamento a fornecedor,-10638.0
2025-01-08,Saida,Compra de estoque,30456.000000000004,Pagamento a fornecedor,-30456.000000000004
2025-01-08,Entrada,Recebimento de vendas,69162.5,Recebimento de venda,69162.5
2025-01-09,Entrada,Recebimento de vendas,21241.3,Recebimento de venda,21241.3
2025-01-09,Saida,Compra de estoque,10562.400000000001,Pagamento a fornecedor,-10562.400000000001
2025-01-10,Saida,Compra de estoque,15843.6,Pagamento a fornecedor,-15843.6
2025-01-10,Entrada,Recebimento de vendas,32461.33,Recebimento de venda,32461.33
2025-01-11,Saida,Compra de estoque,33836.4,Pagamento a fornecedor,-33836.4
2025-01-11,Entrada,Recebimento de vendas,39307.84,Recebimento de venda,39307.84
2025-01-12,Saida,Compra de estoque,12970.800000000001,Pagamento a fornecedor,-12970.800000000001
2025-01-12,Entrada,Recebimento de vendas,20766.73,Recebimento de venda,20766.73
2025-01-13,Saida,Compra de estoque,11836.800000000001,Pagamento a fornecedor,-11836.800000000001
2025-01-13,Entrada,Recebimento de vendas,33224.3,Recebimento de venda,33224.3
2025-01-14,Saida,Compra de estoque,11642.400000000001,Pagamento a fornecedor,-11642.400000000001
2025-01-14,Entrada,Recebimento de vendas,45341.39,Recebimento de venda,45341.39
2025-01-15,Saida,Compra de estoque,19461.600000000002,Pagamento a fornecedor,-19461.600000000002
2025-01-15,Entrada,Recebimento de vendas,66279.66,Recebimento de venda,66279.66
2025-01-16,Entrada,Recebimento de vendas,28926.8,Recebimento de venda,28926.8
2025-01-16,Saida,Compra de estoque,18792.0,Pagamento a fornecedor,-18792.0
2025-01-17,Saida,Compra de estoque,27907.2,Pagamento a fornecedor,-27907.2
2025-01-17,Entrada,Recebimento de vendas,39910.68,Recebimento de venda,39910.68
2025-01-18,Entrada,Recebimento de vendas,25877.489999999998,Recebimento de venda,25877.489999999998
2025-01-18,Saida,Compra de estoque,24127.2,Pagamento a fornecedor,-24127.2
2025-01-19,Saida,Compra de estoque,10065.6,Pagamento a fornecedor,-10065.6
2025-01-19,Entrada,Recebimento de vendas,36366.5,Recebimento de venda,36366.5
2025-01-20,Entrada,Recebimento de vendas,52594.19,Recebimento de venda,52594.19
2025-01-20,Saida,Compra de estoque,14094.000000000002,Pagamento a fornecedor,-14094.000000000002
2025-01-21,Saida,Compra de estoque,38102.4,Pagamento a fornecedor,-38102.4
2025-01-21,Entrada,Recebimento de vendas,72494.09,Recebimento de venda,72494.09
2025-01-22,Entrada,Recebimento de vendas,31844.55,Recebimento de venda,31844.55
2025-01-22,Saida,Compra de estoque,21459.600000000002,Pagamento a fornecedor,-21459.600000000002
2025-01-23,Saida,Compra de estoque,12852.0,Pagamento a fornecedor,-12852.0
2025-01-23,Entrada,Recebimento de vendas,11699.36,Recebimento de venda,11699.36
2025-01-24,Saida,Compra de estoque,22982.4,Pagamento a fornecedor,-22982.4
2025-01-24,Entrada,Recebimento de vendas,22611.600000000002,Recebimento de venda,22611.600000000002
2025-01-25,Entrada,Recebimento de vendas,24200.16,Recebimento de venda,24200.16
2025-01-25,Saida,Compra de estoque,24019.2,Pagamento a fornecedor,-24019.2
2025-01-26,Saida,Compra de estoque,17204.4,Pagamento a fornecedor,-17204.4
2025-01-26,Entrada,Recebimento de vendas,55556.119999999995,Recebimento de venda,55556.119999999995
2025-01-27,Entrada,Recebimento de vendas,21530.09,Recebimento de venda,21530.09
2025-01-27,Saida,Compra de estoque,14428.800000000001,Pagamento a fornecedor,-14428.800000000001
2025-01-28,Entrada,Recebimento de vendas,26436.809999999998,Recebimento de venda,26436.809999999998
2025-01-28,Saida,Compra de estoque,19180.800000000003,Pagamento a fornecedor,-19180.800000000003
2025-01-29,Saida,Compra de estoque,24861.600000000002,Pagamento a fornecedor,-24861.600000000002
2025-01-29,Entrada,Recebimento de vendas,13980.45,Recebimento de venda,13980.45
2025-01-30,Entrada,Recebimento de vendas,34654.78,Recebimento de venda,34654.78
2025-01-30,Saida,Compra de estoque,15260.400000000001,Pagamento a fornecedor,-15260.400000000001
2025-01-31,Entrada,Recebimento de vendas,40631.7,Recebimento de venda,40631.7
2025-01-31,Saida,Compra de estoque,11178.0,Pagamento a fornecedor,-11178.0
2025-02-01,Saida,Aluguel,29680.0,Despesa operacional,-29680.0
2025-02-01,Saida,Logistica,7420.0,Despesa operacional,-7420.0
2025-02-01,Saida,Marketing,9450.0,Despesa operacional,-9450.0
2025-02-01,Saida,Folha,56160.0,Despesa operacional,-56160.0
2025-02-01,Entrada,Recebimento de vendas,39994.09,Recebimento de venda,39994.09
2025-02-01,Saida,Compra de estoque,54604.530000000006,Pagamento a fornecedor,-54604.530000000006
2025-02-02,Entrada,Recebimento de vendas,42006.7,Recebimento de venda,42006.7
2025-02-02,Saida,Compra de estoque,18846.108,Pagamento a fornecedor,-18846.108
2025-02-03,Saida,Compra de estoque,19114.38,Pagamento a fornecedor,-19114.38
2025-02-03,Entrada,Recebimento de vendas,16696.52,Recebimento de venda,16696.52
2025-02-04,Saida,Compra de estoque,35646.64200000001,Pagamento a fornecedor,-35646.64200000001
2025-02-04,Entrada,Recebimento de vendas,12135.84,Recebimento de venda,12135.84
2025-02-05,Saida,Compra de estoque,16565.796000000002,Pagamento a fornecedor,-16565.796000000002
2025-02-05,Entrada,Recebimento de vendas,24851.93,Recebimento de venda,24851.93
2025-02-06,Saida,Compra de estoque,23719.716000000004,Pagamento a fornecedor,-23719.716000000004
2025-02-06,Entrada,Recebimento de vendas,27355.73,Recebimento de venda,27355.73
2025-02-07,Saida,Compra de estoque,12441.114,Pagamento a fornecedor,-12441.114
2025-02-07,Entrada,Recebimento de vendas,65817.05,Recebimento de venda,65817.05
2025-02-08,Saida,Compra de estoque,8115.228000000001,Pagamento a fornecedor,-8115.228000000001
2025-02-08,Entrada,Recebimento de vendas,54667.1,Recebimento de venda,54667.1
2025-02-09,Saida,Compra de estoque,15660.378,Pagamento a fornecedor,-15660.378
2025-02-09,Entrada,Recebimento de vendas,22423.05,Recebimento de venda,22423.05
2025-02-10,Saida,Compra de estoque,33221.016,Pagamento a fornecedor,-33221.016
2025-02-10,Entrada,Recebimento de vendas,43499.22,Recebimento de venda,43499.22
2025-02-11,Saida,Compra de estoque,27106.65,Pagamento a fornecedor,-27106.65
2025-02-11,Entrada,Recebimento de vendas,36376.43,Recebimento de venda,36376.43
2025-02-12,Saida,Compra de estoque,17057.628,Pagamento a fornecedor,-17057.628
2025-02-12,Entrada,Recebimento de vendas,46091.020000000004,Recebimento de venda,46091.020000000004
2025-02-13,Saida,Compra de estoque,19349.118,Pagamento a fornecedor,-19349.118
2025-02-13,Entrada,Recebimento de vendas,59540.28,Recebimento de venda,59540.28
2025-02-14,Saida,Compra de estoque,26435.97,Pagamento a fornecedor,-26435.97
2025-02-14,Entrada,Recebimento de vendas,61358.88,Recebimento de venda,61358.88
2025-02-15,Entrada,Recebimento de vendas,65712.06,Recebimento de venda,65712.06
2025-02-15,Saida,Compra de estoque,36708.552,Pagamento a fornecedor,-36708.552
2025-02-16,Saida,Compra de estoque,8405.856,Pagamento a fornecedor,-8405.856
2025-02-16,Entrada,Recebimento de vendas,55355.43,Recebimento de venda,55355.43
2025-02-17,Entrada,Recebimento de vendas,82877.42,Recebimento de venda,82877.42
2025-02-17,Saida,Compra de estoque,18957.888,Pagamento a fornecedor,-18957.888
2025-02-18,Entrada,Recebimento de vendas,67006.62,Recebimento de venda,67006.62
2025-02-18,Saida,Compra de estoque,31946.724000000002,Pagamento a fornecedor,-31946.724000000002
2025-02-19,Entrada,Recebimento de vendas,21418.76,Recebimento de venda,21418.76
2025-02-19,Saida,Compra de estoque,16521.084,Pagamento a fornecedor,-16521.084
2025-02-20,Entrada,Recebimento de vendas,42882.659999999996,Recebimento de venda,42882.659999999996
2025-02-20,Saida,Compra de estoque,29129.868,Pagamento a fornecedor,-29129.868
2025-02-21,Saida,Compra de estoque,24312.15,Pagamento a fornecedor,-24312.15
2025-02-21,Entrada,Recebimento de vendas,27101.35,Recebimento de venda,27101.35
2025-02-22,Saida,Compra de estoque,27486.702000000005,Pagamento a fornecedor,-27486.702000000005
2025-02-22,Entrada,Recebimento de vendas,57881.57,Recebimento de venda,57881.57
2025-02-23,Entrada,Recebimento de vendas,69516.1,Recebimento de venda,69516.1
2025-02-23,Saida,Compra de estoque,10719.702000000001,Pagamento a fornecedor,-10719.702000000001
2025-02-24,Entrada,Recebimento de vendas,64316.130000000005,Recebimento de venda,64316.130000000005
2025-02-24,Saida,Compra de estoque,2079.108,Pagamento a fornecedor,-2079.108
2025-02-25,Saida,Compra de estoque,17717.13,Pagamento a fornecedor,-17717.13
2025-02-25,Entrada,Recebimento de vendas,48019.66,Recebimento de venda,48019.66
2025-02-26,Entrada,Recebimento de vendas,23935.09,Recebimento de venda,23935.09
2025-02-26,Saida,Compra de estoque,18130.716,Pagamento a fornecedor,-18130.716
2025-02-27,Entrada,Recebimento de vendas,20530.15,Recebimento de venda,20530.15
2025-02-27,Saida,Compra de estoque,22791.942000000003,Pagamento a fornecedor,-22791.942000000003
2025-02-28,Entrada,Recebimento de vendas,41313.64,Recebimento de venda,41313.64
2025-02-28,Saida,Compra de estoque,21730.032,Pagamento a fornecedor,-21730.032
2025-03-01,Saida,Folha,56160.0,Despesa operacional,-56160.0
2025-03-01,Entrada,Recebimento de vendas,48639.0,Recebimento de venda,48639.0
2025-03-01,Saida,Compra de estoque,33310.44,Pagamento a fornecedor,-33310.44
2025-03-01,Saida,Logistica,7420.0,Despesa operacional,-7420.0
2025-03-01,Saida,Marketing,9450.0,Despesa operacional,-9450.0
2025-03-01,Saida,Aluguel,29680.0,Despesa operacional,-29680.0
2025-03-02,Entrada,Recebimento de vendas,7094.639999999999,Recebimento de venda,7094.639999999999
2025-03-02,Saida,Compra de estoque,16308.702000000001,Pagamento a fornecedor,-16308.702000000001
2025-03-03,Entrada,Recebimento de vendas,69265.98000000001,Recebimento de venda,69265.98000000001
2025-03-03,Saida,Compra de estoque,21920.058,Pagamento a fornecedor,-21920.058
2025-03-04,Saida,Compra de estoque,25306.992000000002,Pagamento a fornecedor,-25306.992000000002
2025-03-04,Entrada,Recebimento de vendas,83503.42,Recebimento de venda,83503.42
2025-03-05,Saida,Compra de estoque,20165.112000000005,Pagamento a fornecedor,-20165.112000000005
2025-03-05,Entrada,Recebimento de vendas,60902.03,Recebimento de venda,60902.03
2025-03-06,Entrada,Recebimento de vendas,45183.93,Recebimento de venda,45183.93
2025-03-06,Saida,Compra de estoque,12988.836000000001,Pagamento a fornecedor,-12988.836000000001
2025-03-07,Entrada,Recebimento de vendas,35373.0,Recebimento de venda,35373.0
2025-03-07,Saida,Compra de estoque,26134.164,Pagamento a fornecedor,-26134.164
2025-03-08,Entrada,Recebimento de vendas,35371.08,Recebimento de venda,35371.08
2025-03-08,Saida,Compra de estoque,15269.148000000001,Pagamento a fornecedor,-15269.148000000001
2025-03-09,Entrada,Recebimento de vendas,32559.15,Recebimento de venda,32559.15
2025-03-09,Saida,Compra de estoque,38865.906,Pagamento a fornecedor,-38865.906
2025-03-10,Entrada,Recebimento de vendas,22407.17,Recebimento de venda,22407.17
2025-03-10,Saida,Compra de estoque,14106.636000000002,Pagamento a fornecedor,-14106.636000000002
2025-03-11,Entrada,Recebimento de vendas,16713.03,Recebimento de venda,16713.03
2025-03-11,Saida,Compra de estoque,31477.248,Pagamento a fornecedor,-31477.248
2025-03-12,Entrada,Recebimento de vendas,13215.279999999999,Recebimento de venda,13215.279999999999
2025-03-12,Saida,Compra de estoque,21428.226000000002,Pagamento a fornecedor,-21428.226000000002
2025-03-13,Entrada,Recebimento de vendas,42449.84,Recebimento de venda,42449.84
2025-03-13,Saida,Compra de estoque,5756.67,Pagamento a fornecedor,-5756.67
2025-03-14,Entrada,Recebimento de vendas,23758.34,Recebimento de venda,23758.34
2025-03-14,Saida,Compra de estoque,27911.466000000004,Pagamento a fornecedor,-27911.466000000004
2025-03-15,Entrada,Recebimento de vendas,63763.82,Recebimento de venda,63763.82
2025-03-15,Saida,Compra de estoque,33791.094000000005,Pagamento a fornecedor,-33791.094000000005
2025-03-16,Entrada,Recebimento de vendas,36274.91,Recebimento de venda,36274.91
2025-03-16,Saida,Compra de estoque,15973.362000000001,Pagamento a fornecedor,-15973.362000000001
2025-03-17,Entrada,Recebimento de vendas,46073.95,Recebimento de venda,46073.95
2025-03-17,Saida,Compra de estoque,13480.668000000001,Pagamento a fornecedor,-13480.668000000001
2025-03-18,Saida,Compra de estoque,15336.216000000002,Pagamento a fornecedor,-15336.216000000002
2025-03-18,Entrada,Recebimento de vendas,56425.69,Recebimento de venda,56425.69
2025-03-19,Entrada,Recebimento de vendas,26383.309999999998,Recebimento de venda,26383.309999999998
2025-03-19,Saida,Compra de estoque,31689.63,Pagamento a fornecedor,-31689.63
2025-03-20,Saida,Compra de estoque,46176.318,Pagamento a fornecedor,-46176.318
2025-03-20,Entrada,Recebimento de vendas,53333.46,Recebimento de venda,53333.46
2025-03-21,Saida,Compra de estoque,23037.858,Pagamento a fornecedor,-23037.858
2025-03-21,Entrada,Recebimento de vendas,39411.6,Recebimento de venda,39411.6
2025-03-22,Entrada,Recebimento de vendas,76369.68000000001,Recebimento de venda,76369.68000000001
2025-03-22,Saida,Compra de estoque,36283.788,Pagamento a fornecedor,-36283.788
2025-03-23,Saida,Compra de estoque,7601.040000000001,Pagamento a fornecedor,-7601.040000000001
2025-03-23,Entrada,Recebimento de vendas,34305.9,Recebimento de venda,34305.9
2025-03-24,Saida,Compra de estoque,16141.032000000001,Pagamento a fornecedor,-16141.032000000001
2025-03-24,Entrada,Recebimento de vendas,64908.06,Recebimento de venda,64908.06
2025-03-25,Entrada,Recebimento de vendas,14882.44,Recebimento de venda,14882.44
2025-03-25,Saida,Compra de estoque,34595.91,Pagamento a fornecedor,-34595.91
2025-03-26,Saida,Compra de estoque,20925.216,Pagamento a fornecedor,-20925.216
2025-03-26,Entrada,Recebimento de vendas,34018.31,Recebimento de venda,34018.31
2025-03-27,Saida,Compra de estoque,28660.392000000003,Pagamento a fornecedor,-28660.392000000003
2025-03-27,Entrada,Recebimento de vendas,19405.39,Recebimento de venda,19405.39
2025-03-28,Entrada,Recebimento de vendas,13001.96,Recebimento de venda,13001.96
2025-03-28,Saida,Compra de estoque,10663.812,Pagamento a fornecedor,-10663.812
2025-03-29,Saida,Compra de estoque,5052.456,Pagamento a fornecedor,-5052.456
2025-03-29,Entrada,Recebimento de vendas,70466.04,Recebimento de venda,70466.04
2025-03-30,Saida,Compra de estoque,47215.872,Pagamento a fornecedor,-47215.872
2025-03-30,Entrada,Recebimento de vendas,48833.62,Recebimento de venda,48833.62
2025-03-31,Saida,Compra de estoque,29822.904000000002,Pagamento a fornecedor,-29822.904000000002
2025-03-31,Entrada,Recebimento de vendas,36019.26,Recebimento de venda,36019.26
2025-04-01,Entrada,Recebimento de vendas,46908.32,Recebimento de venda,46908.32
2025-04-01,Saida,Logistica,7420.0,Despesa operacional,-7420.0
2025-04-01,Saida,Marketing,9450.0,Despesa operacional,-9450.0
2025-04-01,Saida,Folha,56160.0,Despesa operacional,-56160.0
2025-04-01,Saida,Aluguel,29680.0,Despesa operacional,-29680.0
2025-04-01,Saida,Compra de estoque,32975.1,Pagamento a fornecedor,-32975.1
2025-04-02,Saida,Compra de estoque,16945.848,Pagamento a fornecedor,-16945.848
2025-04-02,Entrada,Recebimento de vendas,5365.75,Recebimento de venda,5365.75
2025-04-03,Entrada,Recebimento de vendas,21914.97,Recebimento de venda,21914.97
2025-04-03,Saida,Compra de estoque,19125.558,Pagamento a fornecedor,-19125.558
2025-04-04,Entrada,Recebimento de vendas,43563.42,Recebimento de venda,43563.42
2025-04-04,Saida,Compra de estoque,17873.622000000003,Pagamento a fornecedor,-17873.622000000003
2025-04-05,Saida,Compra de estoque,18130.716,Pagamento a fornecedor,-18130.716
2025-04-05,Entrada,Recebimento de vendas,33482.71,Recebimento de venda,33482.71
2025-04-06,Saida,Compra de estoque,38754.126,Pagamento a fornecedor,-38754.126
2025-04-06,Entrada,Recebimento de vendas,87698.61,Recebimento de venda,87698.61
2025-04-07,Saida,Compra de estoque,45270.9,Pagamento a fornecedor,-45270.9
2025-04-07,Entrada,Recebimento de vendas,51908.94,Recebimento de venda,51908.94
2025-04-08,Saida,Compra de estoque,46265.742000000006,Pagamento a fornecedor,-46265.742000000006
2025-04-08,Entrada,Recebimento de vendas,49196.97,Recebimento de venda,49196.97
2025-04-09,Entrada,Recebimento de vendas,12320.23,Recebimento de venda,12320.23
2025-04-09,Saida,Compra de estoque,4694.76,Pagamento a fornecedor,-4694.76
2025-04-10,Saida,Compra de estoque,28839.24,Pagamento a fornecedor,-28839.24
2025-04-10,Entrada,Recebimento de vendas,16948.61,Recebimento de venda,16948.61
2025-04-11,Saida,Compra de estoque,27587.304,Pagamento a fornecedor,-27587.304
2025-04-11,Entrada,Recebimento de vendas,22755.190000000002,Recebimento de venda,22755.190000000002
2025-04-12,Saida,Compra de estoque,36831.51,Pagamento a fornecedor,-36831.51
2025-04-12,Entrada,Recebimento de vendas,44339.479999999996,Recebimento de venda,44339.479999999996
2025-04-13,Entrada,Recebimento de vendas,20569.100000000002,Recebimento de venda,20569.100000000002
2025-04-13,Saida,Compra de estoque,29934.684,Pagamento a fornecedor,-29934.684
2025-04-14,Entrada,Recebimento de vendas,18048.65,Recebimento de venda,18048.65
2025-04-14,Saida,Compra de estoque,4202.928,Pagamento a fornecedor,-4202.928
2025-04-15,Entrada,Recebimento de vendas,40754.659999999996,Recebimento de venda,40754.659999999996
2025-04-15,Saida,Compra de estoque,13145.328000000001,Pagamento a fornecedor,-13145.328000000001
2025-04-16,Entrada,Recebimento de vendas,19654.38,Recebimento de venda,19654.38
2025-04-16,Saida,Compra de estoque,42096.348,Pagamento a fornecedor,-42096.348
2025-04-17,Entrada,Recebimento de vendas,37801.19,Recebimento de venda,37801.19
2025-04-17,Saida,Compra de estoque,17482.392000000003,Pagamento a fornecedor,-17482.392000000003
2025-04-18,Entrada,Recebimento de vendas,41352.25,Recebimento de venda,41352.25
2025-04-18,Saida,Compra de estoque,10652.634,Pagamento a fornecedor,-10652.634
2025-04-19,Saida,Compra de estoque,14196.060000000001,Pagamento a fornecedor,-14196.060000000001
2025-04-19,Entrada,Recebimento de vendas,14696.59,Recebimento de venda,14696.59
2025-04-20,Saida,Compra de estoque,8975.934,Pagamento a fornecedor,-8975.934
2025-04-20,Entrada,Recebimento de vendas,39299.79,Recebimento de venda,39299.79
2025-04-21,Saida,Compra de estoque,40497.89400000001,Pagamento a fornecedor,-40497.89400000001
2025-04-21,Entrada,Recebimento de vendas,17976.420000000002,Recebimento de venda,17976.420000000002
2025-04-22,Saida,Compra de estoque,31633.74,Pagamento a fornecedor,-31633.74
2025-04-22,Entrada,Recebimento de vendas,67032.18,Recebimento de venda,67032.18
2025-04-23,Saida,Compra de estoque,17359.434,Pagamento a fornecedor,-17359.434
2025-04-23,Entrada,Recebimento de vendas,42472.869999999995,Recebimento de venda,42472.869999999995
2025-04-24,Entrada,Recebimento de vendas,34245.08,Recebimento de venda,34245.08
2025-04-24,Saida,Compra de estoque,50837.54400000001,Pagamento a fornecedor,-50837.54400000001
2025-04-25,Entrada,Recebimento de vendas,58182.39,Recebimento de venda,58182.39
2025-04-25,Saida,Compra de estoque,16241.634,Pagamento a fornecedor,-16241.634
2025-04-26,Saida,Compra de estoque,17124.696,Pagamento a fornecedor,-17124.696
2025-04-26,Entrada,Recebimento de vendas,66681.3,Recebimento de venda,66681.3
2025-04-27,Saida,Compra de estoque,7735.176,Pagamento a fornecedor,-7735.176
2025-04-27,Entrada,Recebimento de vendas,17406.09,Recebimento de venda,17406.09
2025-04-28,Saida,Compra de estoque,25306.992000000002,Pagamento a fornecedor,-25306.992000000002
2025-04-28,Entrada,Recebimento de vendas,48350.32,Recebimento de venda,48350.32
2025-04-29,Entrada,Recebimento de vendas,31606.420000000002,Recebimento de venda,31606.420000000002
2025-04-29,Saida,Compra de estoque,22311.288,Pagamento a fornecedor,-22311.288
2025-04-30,Entrada,Recebimento de vendas,9610.82,Recebimento de venda,9610.82
2025-04-30,Saida,Compra de estoque,23004.324,Pagamento a fornecedor,-23004.324
2025-05-01,Entrada,Recebimento de vendas,91056.42,Recebimento de venda,91056.42
2025-05-01,Saida,Marketing,9450.0,Despesa operacional,-9450.0
2025-05-01,Saida,Logistica,7420.0,Despesa operacional,-7420.0
2025-05-01,Saida,Compra de estoque,32360.31,Pagamento a fornecedor,-32360.31
2025-05-01,Saida,Folha,56160.0,Despesa operacional,-56160.0
2025-05-01,Saida,Aluguel,29680.0,Despesa operacional,-29680.0
2025-05-02,Saida,Compra de estoque,10373.184,Pagamento a fornecedor,-10373.184
2025-05-02,Entrada,Recebimento de vendas,17935.449999999997,Recebimento de venda,17935.449999999997
2025-05-03,Entrada,Recebimento de vendas,46044.0,Recebimento de venda,46044.0
2025-05-03,Saida,Compra de estoque,3018.0600000000004,Pagamento a fornecedor,-3018.0600000000004
2025-05-04,Saida,Compra de estoque,1229.5800000000002,Pagamento a fornecedor,-1229.5800000000002
2025-05-04,Entrada,Recebimento de vendas,15992.84,Recebimento de venda,15992.84
2025-05-05,Entrada,Recebimento de vendas,31918.67,Recebimento de venda,31918.67
2025-05-05,Saida,Compra de estoque,29141.046000000002,Pagamento a fornecedor,-29141.046000000002
2025-05-06,Saida,Compra de estoque,24021.522000000004,Pagamento a fornecedor,-24021.522000000004
2025-05-06,Entrada,Recebimento de vendas,68900.46,Recebimento de venda,68900.46
2025-05-07,Saida,Compra de estoque,6650.910000000001,Pagamento a fornecedor,-6650.910000000001
2025-05-07,Entrada,Recebimento de vendas,41156.46,Recebimento de venda,41156.46
2025-05-08,Saida,Compra de estoque,18756.684,Pagamento a fornecedor,-18756.684
2025-05-08,Entrada,Recebimento de vendas,17147.88,Recebimento de venda,17147.88
2025-05-09,Entrada,Recebimento de vendas,99425.57,Recebimento de venda,99425.57
2025-05-09,Saida,Compra de estoque,7220.988000000001,Pagamento a fornecedor,-7220.988000000001
2025-05-10,Saida,Compra de estoque,24535.710000000003,Pagamento a fornecedor,-24535.710000000003
2025-05-10,Entrada,Recebimento de vendas,36680.02,Recebimento de venda,36680.02
2025-05-11,Entrada,Recebimento de vendas,20272.370000000003,Recebimento de venda,20272.370000000003
2025-05-11,Saida,Compra de estoque,23239.062,Pagamento a fornecedor,-23239.062
2025-05-12,Entrada,Recebimento de vendas,6100.38,Recebimento de venda,6100.38
2025-05-12,Saida,Compra de estoque,20388.672000000002,Pagamento a fornecedor,-20388.672000000002
2025-05-13,Entrada,Recebimento de vendas,32689.58,Recebimento de venda,32689.58
2025-05-13,Saida,Compra de estoque,12452.292000000003,Pagamento a fornecedor,-12452.292000000003
2025-05-14,Saida,Compra de estoque,11837.502,Pagamento a fornecedor,-11837.502
2025-05-14,Entrada,Recebimento de vendas,15693.6,Recebimento de venda,15693.6
2025-05-15,Entrada,Recebimento de vendas,27057.46,Recebimento de venda,27057.46
2025-05-15,Saida,Compra de estoque,5410.152,Pagamento a fornecedor,-5410.152
2025-05-16,Saida,Compra de estoque,11681.01,Pagamento a fornecedor,-11681.01
2025-05-16,Entrada,Recebimento de vendas,27024.13,Recebimento de venda,27024.13
2025-05-17,Entrada,Recebimento de vendas,22420.46,Recebimento de venda,22420.46
2025-05-17,Saida,Compra de estoque,8674.128,Pagamento a fornecedor,-8674.128
2025-05-18,Entrada,Recebimento de vendas,16518.32,Recebimento de venda,16518.32
2025-05-18,Saida,Compra de estoque,29085.156000000003,Pagamento a fornecedor,-29085.156000000003
2025-05-19,Saida,Compra de estoque,23563.224000000002,Pagamento a fornecedor,-23563.224000000002
2025-05-19,Entrada,Recebimento de vendas,21712.97,Recebimento de venda,21712.97
2025-05-20,Entrada,Recebimento de vendas,17871.850000000002,Recebimento de venda,17871.850000000002
2025-05-20,Saida,Compra de estoque,29051.622000000003,Pagamento a fornecedor,-29051.622000000003
2025-05-21,Entrada,Recebimento de vendas,19091.92,Recebimento de venda,19091.92
2025-05-21,Saida,Compra de estoque,29040.444,Pagamento a fornecedor,-29040.444
2025-05-22,Saida,Compra de estoque,11356.848000000002,Pagamento a fornecedor,-11356.848000000002
2025-05-22,Entrada,Recebimento de vendas,12515.46,Recebimento de venda,12515.46
2025-05-23,Saida,Compra de estoque,4884.786,Pagamento a fornecedor,-4884.786
2025-05-23,Entrada,Recebimento de vendas,20147.18,Recebimento de venda,20147.18
2025-05-24,Entrada,Recebimento de vendas,29643.77,Recebimento de venda,29643.77
2025-05-24,Saida,Compra de estoque,8785.908000000001,Pagamento a fornecedor,-8785.908000000001
2025-05-25,Entrada,Recebimento de vendas,54949.92,Recebimento de venda,54949.92
2025-05-25,Saida,Compra de estoque,21405.870000000003,Pagamento a fornecedor,-21405.870000000003
2025-05-26,Saida,Compra de estoque,13838.364,Pagamento a fornecedor,-13838.364
2025-05-26,Entrada,Recebimento de vendas,36891.57,Recebimento de venda,36891.57
2025-05-27,Saida,Compra de estoque,19349.118,Pagamento a fornecedor,-19349.118
2025-05-27,Entrada,Recebimento de vendas,60719.03,Recebimento de venda,60719.03
2025-05-28,Saida,Compra de estoque,10540.854,Pagamento a fornecedor,-10540.854
2025-05-28,Entrada,Recebimento de vendas,22184.940000000002,Recebimento de venda,22184.940000000002
2025-05-29,Saida,Compra de estoque,5130.702,Pagamento a fornecedor,-5130.702
2025-05-29,Entrada,Recebimento de vendas,19718.65,Recebimento de venda,19718.65
2025-05-30,Saida,Compra de estoque,19013.778,Pagamento a fornecedor,-19013.778
2025-05-30,Entrada,Recebimento de vendas,29647.48,Recebimento de venda,29647.48
2025-05-31,Saida,Compra de estoque,15336.216000000002,Pagamento a fornecedor,-15336.216000000002
2025-05-31,Entrada,Recebimento de vendas,45629.65,Recebimento de venda,45629.65
2025-06-01,Saida,Logistica,7420.0,Despesa operacional,-7420.0
2025-06-01,Saida,Compra de estoque,10809.126000000002,Pagamento a fornecedor,-10809.126000000002
2025-06-01,Saida,Folha,56160.0,Despesa operacional,-56160.0
2025-06-01,Saida,Aluguel,29680.0,Despesa operacional,-29680.0
2025-06-01,Entrada,Recebimento de vendas,6566.950000000001,Recebimento de venda,6566.950000000001
2025-06-01,Saida,Marketing,9450.0,Despesa operacional,-9450.0
2025-06-02,Saida,Compra de estoque,23820.318,Pagamento a fornecedor,-23820.318
2025-06-02,Entrada,Recebimento de vendas,35676.42,Recebimento de venda,35676.42
2025-06-03,Saida,Compra de estoque,16711.11,Pagamento a fornecedor,-16711.11
2025-06-03,Entrada,Recebimento de vendas,17961.96,Recebimento de venda,17961.96
2025-06-04,Saida,Compra de estoque,13234.752,Pagamento a fornecedor,-13234.752
2025-06-04,Entrada,Recebimento de vendas,19855.77,Recebimento de venda,19855.77
2025-06-05,Saida,Compra de estoque,18879.642000000003,Pagamento a fornecedor,-18879.642000000003
2025-06-05,Entrada,Recebimento de vendas,69058.23,Recebimento de venda,69058.23
2025-06-06,Saida,Compra de estoque,8305.254,Pagamento a fornecedor,-8305.254
2025-06-06,Entrada,Recebimento de vendas,12559.42,Recebimento de venda,12559.42
2025-06-07,Saida,Compra de estoque,9143.604,Pagamento a fornecedor,-9143.604
2025-06-07,Entrada,Recebimento de vendas,1358.5,Recebimento de venda,1358.5
2025-06-08,Entrada,Recebimento de vendas,99365.34,Recebimento de venda,99365.34
2025-06-08,Saida,Compra de estoque,27520.236,Pagamento a fornecedor,-27520.236
2025-06-09,Saida,Compra de estoque,26134.164,Pagamento a fornecedor,-26134.164
2025-06-09,Entrada,Recebimento de vendas,30484.46,Recebimento de venda,30484.46
2025-06-10,Entrada,Recebimento de vendas,51675.229999999996,Recebimento de venda,51675.229999999996
2025-06-10,Saida,Compra de estoque,31041.306000000004,Pagamento a fornecedor,-31041.306000000004
2025-06-11,Entrada,Recebimento de vendas,22310.16,Recebimento de venda,22310.16
2025-06-11,Saida,Compra de estoque,10149.624,Pagamento a fornecedor,-10149.624
2025-06-12,Entrada,Recebimento de vendas,68016.78,Recebimento de venda,68016.78
2025-06-12,Saida,Compra de estoque,31063.662000000004,Pagamento a fornecedor,-31063.662000000004
2025-06-13,Entrada,Recebimento de vendas,22912.75,Recebimento de venda,22912.75
2025-06-13,Saida,Compra de estoque,8730.018000000002,Pagamento a fornecedor,-8730.018000000002
2025-06-14,Entrada,Recebimento de vendas,52651.82,Recebimento de venda,52651.82
2025-06-14,Saida,Compra de estoque,5331.906,Pagamento a fornecedor,-5331.906
2025-06-15,Saida,Compra de estoque,6952.716,Pagamento a fornecedor,-6952.716
2025-06-15,Entrada,Recebimento de vendas,8752.56,Recebimento de venda,8752.56
2025-06-16,Entrada,Recebimento de vendas,18392.489999999998,Recebimento de venda,18392.489999999998
2025-06-16,Saida,Compra de estoque,17258.832000000002,Pagamento a fornecedor,-17258.832000000002
2025-06-17,Saida,Compra de estoque,24904.584000000003,Pagamento a fornecedor,-24904.584000000003
2025-06-17,Entrada,Recebimento de vendas,32579.059999999998,Recebimento de venda,32579.059999999998
2025-06-18,Saida,Compra de estoque,10417.896,Pagamento a fornecedor,-10417.896
2025-06-18,Entrada,Recebimento de vendas,12624.59,Recebimento de venda,12624.59
2025-06-19,Entrada,Recebimento de vendas,31812.89,Recebimento de venda,31812.89
2025-06-19,Saida,Compra de estoque,18589.014,Pagamento a fornecedor,-18589.014
2025-06-20,Entrada,Recebimento de vendas,20940.91,Recebimento de venda,20940.91
2025-06-20,Saida,Compra de estoque,12049.884,Pagamento a fornecedor,-12049.884
2025-06-21,Saida,Compra de estoque,12899.412,Pagamento a fornecedor,-12899.412
2025-06-21,Entrada,Recebimento de vendas,11856.0,Recebimento de venda,11856.0
2025-06-22,Entrada,Recebimento de vendas,9542.11,Recebimento de venda,9542.11
2025-06-22,Saida,Compra de estoque,2548.5840000000003,Pagamento a fornecedor,-2548.5840000000003
2025-06-23,Saida,Compra de estoque,42029.280000000006,Pagamento a fornecedor,-42029.280000000006
2025-06-23,Entrada,Recebimento de vendas,6775.3,Recebimento de venda,6775.3
2025-06-24,Saida,Compra de estoque,13748.94,Pagamento a fornecedor,-13748.94
2025-06-24,Entrada,Recebimento de vendas,48131.45,Recebimento de venda,48131.45
2025-06-25,Entrada,Recebimento de vendas,28854.29,Recebimento de venda,28854.29
2025-06-25,Saida,Compra de estoque,11334.492,Pagamento a fornecedor,-11334.492
2025-06-26,Saida,Compra de estoque,16487.55,Pagamento a fornecedor,-16487.55
2025-06-26,Entrada,Recebimento de vendas,13071.11,Recebimento de venda,13071.11
2025-06-27,Saida,Compra de estoque,17381.79,Pagamento a fornecedor,-17381.79
2025-06-27,Entrada,Recebimento de vendas,24979.91,Recebimento de venda,24979.91
2025-06-28,Entrada,Recebimento de vendas,26595.6,Recebimento de venda,26595.6
2025-06-28,Saida,Compra de estoque,25832.358,Pagamento a fornecedor,-25832.358
2025-06-29,Entrada,Recebimento de vendas,28933.3,Recebimento de venda,28933.3
2025-06-29,Saida,Compra de estoque,40374.936,Pagamento a fornecedor,-40374.936
2025-06-30,Saida,Compra de estoque,14799.672,Pagamento a fornecedor,-14799.672
2025-06-30,Entrada,Recebimento de vendas,29067.53,Recebimento de venda,29067.53
2025-07-01,Saida,Compra de estoque,13346.532000000001,Pagamento a fornecedor,-13346.532000000001
2025-07-01,Saida,Folha,56160.0,Despesa operacional,-56160.0
2025-07-01,Entrada,Recebimento de vendas,75422.54,Recebimento de venda,75422.54
2025-07-01,Saida,Logistica,7420.0,Despesa operacional,-7420.0
2025-07-01,Saida,Marketing,9450.0,Despesa operacional,-9450.0
2025-07-01,Saida,Aluguel,29680.0,Despesa operacional,-29680.0
2025-07-02,Saida,Compra de estoque,22859.010000000002,Pagamento a fornecedor,-22859.010000000002
2025-07-02,Entrada,Recebimento de vendas,63944.75,Recebimento de venda,63944.75
2025-07-03,Entrada,Recebimento de vendas,40269.990000000005,Recebimento de venda,40269.990000000005
2025-07-03,Saida,Compra de estoque,26704.242000000002,Pagamento a fornecedor,-26704.242000000002
2025-07-04,Entrada,Recebimento de vendas,29233.39,Recebimento de venda,29233.39
2025-07-04,Saida,Compra de estoque,11949.282000000001,Pagamento a fornecedor,-11949.282000000001
2025-07-05,Entrada,Recebimento de vendas,28490.18,Recebimento de venda,28490.18
2025-07-05,Saida,Compra de estoque,11580.408000000001,Pagamento a fornecedor,-11580.408000000001
2025-07-06,Saida,Compra de estoque,14844.384,Pagamento a fornecedor,-14844.384
2025-07-06,Entrada,Recebimento de vendas,51430.130000000005,Recebimento de venda,51430.130000000005
2025-07-07,Entrada,Recebimento de vendas,26196.56,Recebimento de venda,26196.56
2025-07-07,Saida,Compra de estoque,21864.168,Pagamento a fornecedor,-21864.168
2025-07-08,Saida,Compra de estoque,15470.352,Pagamento a fornecedor,-15470.352
2025-07-08,Entrada,Recebimento de vendas,33319.78,Recebimento de venda,33319.78
2025-07-09,Saida,Compra de estoque,18846.108,Pagamento a fornecedor,-18846.108
2025-07-09,Entrada,Recebimento de vendas,80020.43000000001,Recebimento de venda,80020.43000000001
2025-07-10,Entrada,Recebimento de vendas,31448.54,Recebimento de venda,31448.54
2025-07-10,Saida,Compra de estoque,27609.660000000003,Pagamento a fornecedor,-27609.660000000003
2025-07-11,Saida,Compra de estoque,9624.258000000002,Pagamento a fornecedor,-9624.258000000002
2025-07-11,Entrada,Recebimento de vendas,28767.75,Recebimento de venda,28767.75
2025-07-12,Entrada,Recebimento de vendas,13841.96,Recebimento de venda,13841.96
2025-07-12,Saida,Compra de estoque,9546.012,Pagamento a fornecedor,-9546.012
2025-07-13,Saida,Compra de estoque,22210.686,Pagamento a fornecedor,-22210.686
2025-07-13,Entrada,Recebimento de vendas,59399.25,Recebimento de venda,59399.25
2025-07-14,Entrada,Recebimento de vendas,18691.28,Recebimento de venda,18691.28
2025-07-14,Saida,Compra de estoque,4191.75,Pagamento a fornecedor,-4191.75
2025-07-15,Saida,Compra de estoque,10261.404,Pagamento a fornecedor,-10261.404
2025-07-15,Entrada,Recebimento de vendas,36923.25,Recebimento de venda,36923.25
2025-07-16,Entrada,Recebimento de vendas,31393.379999999997,Recebimento de venda,31393.379999999997
2025-07-16,Saida,Compra de estoque,24021.522000000004,Pagamento a fornecedor,-24021.522000000004
2025-07-17,Entrada,Recebimento de vendas,76994.48,Recebimento de venda,76994.48
2025-07-17,Saida,Compra de estoque,25731.756,Pagamento a fornecedor,-25731.756
2025-07-18,Saida,Compra de estoque,75328.542,Pagamento a fornecedor,-75328.542
2025-07-18,Entrada,Recebimento de vendas,50877.26,Recebimento de venda,50877.26
2025-07-19,Entrada,Recebimento de vendas,56557.130000000005,Recebimento de venda,56557.130000000005
2025-07-19,Saida,Compra de estoque,4940.676,Pagamento a fornecedor,-4940.676
2025-07-20,Entrada,Recebimento de vendas,77052.79,Recebimento de venda,77052.79
2025-07-20,Saida,Compra de estoque,12340.512,Pagamento a fornecedor,-12340.512
2025-07-21,Saida,Compra de estoque,31264.866,Pagamento a fornecedor,-31264.866
2025-07-21,Entrada,Recebimento de vendas,43513.08,Recebimento de venda,43513.08
2025-07-22,Entrada,Recebimento de vendas,24441.35,Recebimento de venda,24441.35
2025-07-22,Saida,Compra de estoque,4225.284,Pagamento a fornecedor,-4225.284
2025-07-23,Saida,Compra de estoque,42073.992000000006,Pagamento a fornecedor,-42073.992000000006
2025-07-23,Entrada,Recebimento de vendas,68854.17,Recebimento de venda,68854.17
2025-07-24,Saida,Compra de estoque,42767.028,Pagamento a fornecedor,-42767.028
2025-07-24,Entrada,Recebimento de vendas,35445.869999999995,Recebimento de venda,35445.869999999995
2025-07-25,Entrada,Recebimento de vendas,37291.61,Recebimento de venda,37291.61
2025-07-25,Saida,Compra de estoque,10607.922,Pagamento a fornecedor,-10607.922
2025-07-26,Entrada,Recebimento de vendas,37134.71,Recebimento de venda,37134.71
2025-07-26,Saida,Compra de estoque,12239.910000000002,Pagamento a fornecedor,-12239.910000000002
2025-07-27,Saida,Compra de estoque,15403.284,Pagamento a fornecedor,-15403.284
2025-07-27,Entrada,Recebimento de vendas,19757.239999999998,Recebimento de venda,19757.239999999998
2025-07-28,Entrada,Recebimento de vendas,72288.05,Recebimento de venda,72288.05
2025-07-28,Saida,Compra de estoque,22132.440000000002,Pagamento a fornecedor,-22132.440000000002
2025-07-29,Saida,Compra de estoque,21797.100000000002,Pagamento a fornecedor,-21797.100000000002
2025-07-29,Entrada,Recebimento de vendas,26559.239999999998,Recebimento de venda,26559.239999999998
2025-07-30,Entrada,Recebimento de vendas,67464.09,Recebimento de venda,67464.09
2025-07-30,Saida,Compra de estoque,32986.278,Pagamento a fornecedor,-32986.278
2025-07-31,Entrada,Recebimento de vendas,23479.64,Recebimento de venda,23479.64
2025-07-31,Saida,Compra de estoque,32818.608,Pagamento a fornecedor,-32818.608
2025-08-01,Saida,Folha,56160.0,Despesa operacional,-56160.0
2025-08-01,Entrada,Recebimento de vendas,26776.41,Recebimento de venda,26776.41
2025-08-01,Saida,Aluguel,29680.0,Despesa operacional,-29680.0
2025-08-01,Saida,Marketing,9450.0,Despesa operacional,-9450.0
2025-08-01,Saida,Compra de estoque,35322.48,Pagamento a fornecedor,-35322.48
2025-08-01,Saida,Logistica,7420.0,Despesa operacional,-7420.0
2025-08-02,Saida,Compra de estoque,18767.862,Pagamento a fornecedor,-18767.862
2025-08-02,Entrada,Recebimento de vendas,109020.37999999999,Recebimento de venda,109020.37999999999
2025-08-03,Entrada,Recebimento de vendas,27526.42,Recebimento de venda,27526.42
2025-08-03,Saida,Compra de estoque,17773.02,Pagamento a fornecedor,-17773.02
2025-08-04,Saida,Compra de estoque,46779.93,Pagamento a fornecedor,-46779.93
2025-08-04,Entrada,Recebimento de vendas,28064.559999999998,Recebimento de venda,28064.559999999998
2025-08-05,Saida,Compra de estoque,19293.228,Pagamento a fornecedor,-19293.228
2025-08-05,Entrada,Recebimento de vendas,13556.87,Recebimento de venda,13556.87
2025-08-06,Saida,Compra de estoque,9277.74,Pagamento a fornecedor,-9277.74
2025-08-06,Entrada,Recebimento de vendas,2996.76,Recebimento de venda,2996.76
2025-08-07,Saida,Compra de estoque,35825.490000000005,Pagamento a fornecedor,-35825.490000000005
2025-08-07,Entrada,Recebimento de vendas,58012.35,Recebimento de venda,58012.35
2025-08-08,Entrada,Recebimento de vendas,53528.850000000006,Recebimento de venda,53528.850000000006
2025-08-08,Saida,Compra de estoque,22680.162000000004,Pagamento a fornecedor,-22680.162000000004
2025-08-09,Saida,Compra de estoque,6908.004000000001,Pagamento a fornecedor,-6908.004000000001
2025-08-09,Entrada,Recebimento de vendas,35560.25,Recebimento de venda,35560.25
2025-08-10,Entrada,Recebimento de vendas,31396.66,Recebimento de venda,31396.66
2025-08-10,Saida,Compra de estoque,48791.97,Pagamento a fornecedor,-48791.97
2025-08-11,Entrada,Recebimento de vendas,58929.43,Recebimento de venda,58929.43
2025-08-11,Saida,Compra de estoque,18186.606000000003,Pagamento a fornecedor,-18186.606000000003
2025-08-12,Saida,Compra de estoque,28246.806000000004,Pagamento a fornecedor,-28246.806000000004
2025-08-12,Entrada,Recebimento de vendas,38226.03,Recebimento de venda,38226.03
2025-08-13,Entrada,Recebimento de vendas,34303.61,Recebimento de venda,34303.61
2025-08-13,Saida,Compra de estoque,11904.570000000002,Pagamento a fornecedor,-11904.570000000002
2025-08-14,Saida,Compra de estoque,23440.266000000003,Pagamento a fornecedor,-23440.266000000003
2025-08-14,Entrada,Recebimento de vendas,33861.92,Recebimento de venda,33861.92
2025-08-15,Saida,Compra de estoque,24189.192000000003,Pagamento a fornecedor,-24189.192000000003
2025-08-15,Entrada,Recebimento de vendas,60356.29,Recebimento de venda,60356.29
2025-08-16,Entrada,Recebimento de vendas,51342.98,Recebimento de venda,51342.98
2025-08-16,Saida,Compra de estoque,15291.504,Pagamento a fornecedor,-15291.504
2025-08-17,Saida,Compra de estoque,18924.354,Pagamento a fornecedor,-18924.354
2025-08-17,Entrada,Recebimento de vendas,45320.380000000005,Recebimento de venda,45320.380000000005
2025-08-18,Entrada,Recebimento de vendas,36190.44,Recebimento de venda,36190.44
2025-08-18,Saida,Compra de estoque,19908.018,Pagamento a fornecedor,-19908.018
2025-08-19,Entrada,Recebimento de vendas,42083.39,Recebimento de venda,42083.39
2025-08-19,Saida,Compra de estoque,19214.982000000004,Pagamento a fornecedor,-19214.982000000004
2025-08-20,Entrada,Recebimento de vendas,32646.36,Recebimento de venda,32646.36
2025-08-20,Saida,Compra de estoque,23261.418,Pagamento a fornecedor,-23261.418
2025-08-21,Entrada,Recebimento de vendas,26872.7,Recebimento de venda,26872.7
2025-08-21,Saida,Compra de estoque,8428.212,Pagamento a fornecedor,-8428.212
2025-08-22,Saida,Compra de estoque,29822.904000000002,Pagamento a fornecedor,-29822.904000000002
2025-08-22,Entrada,Recebimento de vendas,54804.07,Recebimento de venda,54804.07
2025-08-23,Saida,Compra de estoque,13726.584,Pagamento a fornecedor,-13726.584
2025-08-23,Entrada,Recebimento de vendas,17491.71,Recebimento de venda,17491.71
2025-08-24,Entrada,Recebimento de vendas,34378.34,Recebimento de venda,34378.34
2025-08-24,Saida,Compra de estoque,33645.78,Pagamento a fornecedor,-33645.78
2025-08-25,Entrada,Recebimento de vendas,80974.03,Recebimento de venda,80974.03
2025-08-25,Saida,Compra de estoque,11982.816,Pagamento a fornecedor,-11982.816
2025-08-26,Entrada,Recebimento de vendas,47301.1,Recebimento de venda,47301.1
2025-08-26,Saida,Compra de estoque,28615.68,Pagamento a fornecedor,-28615.68
2025-08-27,Entrada,Recebimento de vendas,79058.86,Recebimento de venda,79058.86
2025-08-27,Saida,Compra de estoque,44052.498,Pagamento a fornecedor,-44052.498
2025-08-28,Entrada,Recebimento de vendas,12641.619999999999,Recebimento de venda,12641.619999999999
2025-08-28,Saida,Compra de estoque,9132.426000000001,Pagamento a fornecedor,-9132.426000000001
2025-08-29,Saida,Compra de estoque,11468.628,Pagamento a fornecedor,-11468.628
2025-08-29,Entrada,Recebimento de vendas,16781.58,Recebimento de venda,16781.58
2025-08-30,Entrada,Recebimento de vendas,8374.08,Recebimento de venda,8374.08
2025-08-30,Saida,Compra de estoque,18186.606000000003,Pagamento a fornecedor,-18186.606000000003
2025-08-31,Entrada,Recebimento de vendas,44809.270000000004,Recebimento de venda,44809.270000000004
2025-08-31,Saida,Compra de estoque,47640.636,Pagamento a fornecedor,-47640.636
2025-09-01,Saida,Compra de estoque,5365.4400000000005,Pagamento a fornecedor,-5365.4400000000005
2025-09-01,Saida,Aluguel,29680.0,Despesa operacional,-29680.0
2025-09-01,Saida,Folha,56160.0,Despesa operacional,-56160.0
2025-09-01,Saida,Marketing,9450.0,Despesa operacional,-9450.0
2025-09-01,Saida,Logistica,7420.0,Despesa operacional,-7420.0
2025-09-01,Entrada,Recebimento de vendas,37297.4,Recebimento de venda,37297.4
2025-09-02,Entrada,Recebimento de vendas,43364.01,Recebimento de venda,43364.01
2025-09-02,Saida,Compra de estoque,14866.740000000002,Pagamento a fornecedor,-14866.740000000002
2025-09-03,Entrada,Recebimento de vendas,36387.49,Recebimento de venda,36387.49
2025-09-03,Saida,Compra de estoque,44589.042,Pagamento a fornecedor,-44589.042
2025-09-04,Saida,Compra de estoque,8964.756000000001,Pagamento a fornecedor,-8964.756000000001
2025-09-04,Entrada,Recebimento de vendas,17196.2,Recebimento de venda,17196.2
2025-09-05,Saida,Compra de estoque,15392.106000000002,Pagamento a fornecedor,-15392.106000000002
2025-09-05,Entrada,Recebimento de vendas,44992.22,Recebimento de venda,44992.22
2025-09-06,Saida,Compra de estoque,21886.524,Pagamento a fornecedor,-21886.524
2025-09-06,Entrada,Recebimento de vendas,57601.11,Recebimento de venda,57601.11
2025-09-07,Entrada,Recebimento de vendas,60989.18,Recebimento de venda,60989.18
2025-09-07,Saida,Compra de estoque,12172.842,Pagamento a fornecedor,-12172.842
2025-09-08,Entrada,Recebimento de vendas,30789.57,Recebimento de venda,30789.57
2025-09-08,Saida,Compra de estoque,10171.980000000001,Pagamento a fornecedor,-10171.980000000001
2025-09-09,Saida,Compra de estoque,13603.626000000002,Pagamento a fornecedor,-13603.626000000002
2025-09-09,Entrada,Recebimento de vendas,61695.78,Recebimento de venda,61695.78
2025-09-10,Entrada,Recebimento de vendas,53434.69,Recebimento de venda,53434.69
2025-09-10,Saida,Compra de estoque,25497.018,Pagamento a fornecedor,-25497.018
2025-09-11,Entrada,Recebimento de vendas,6192.889999999999,Recebimento de venda,6192.889999999999
2025-09-11,Saida,Compra de estoque,28380.942000000003,Pagamento a fornecedor,-28380.942000000003
2025-09-12,Saida,Compra de estoque,21472.938,Pagamento a fornecedor,-21472.938
2025-09-12,Entrada,Recebimento de vendas,57626.54,Recebimento de venda,57626.54
2025-09-13,Saida,Compra de estoque,22378.356000000003,Pagamento a fornecedor,-22378.356000000003
2025-09-13,Entrada,Recebimento de vendas,21185.27,Recebimento de venda,21185.27
2025-09-14,Saida,Compra de estoque,19449.72,Pagamento a fornecedor,-19449.72
2025-09-14,Entrada,Recebimento de vendas,26081.0,Recebimento de venda,26081.0
2025-09-15,Saida,Compra de estoque,27553.77,Pagamento a fornecedor,-27553.77
2025-09-15,Entrada,Recebimento de vendas,50762.71,Recebimento de venda,50762.71
2025-09-16,Entrada,Recebimento de vendas,53251.07,Recebimento de venda,53251.07
2025-09-16,Saida,Compra de estoque,41179.75200000001,Pagamento a fornecedor,-41179.75200000001
2025-09-17,Saida,Compra de estoque,22490.136000000002,Pagamento a fornecedor,-22490.136000000002
2025-09-17,Entrada,Recebimento de vendas,12814.67,Recebimento de venda,12814.67
2025-09-18,Entrada,Recebimento de vendas,65485.67,Recebimento de venda,65485.67
2025-09-18,Saida,Compra de estoque,14128.992,Pagamento a fornecedor,-14128.992
2025-09-19,Saida,Compra de estoque,46232.208,Pagamento a fornecedor,-46232.208
2025-09-19,Entrada,Recebimento de vendas,44756.0,Recebimento de venda,44756.0
2025-09-20,Entrada,Recebimento de vendas,45585.71,Recebimento de venda,45585.71
2025-09-20,Saida,Compra de estoque,7489.26,Pagamento a fornecedor,-7489.26
2025-09-21,Entrada,Recebimento de vendas,53181.31,Recebimento de venda,53181.31
2025-09-21,Saida,Compra de estoque,17225.298,Pagamento a fornecedor,-17225.298
2025-09-22,Saida,Compra de estoque,30538.296000000002,Pagamento a fornecedor,-30538.296000000002
2025-09-22,Entrada,Recebimento de vendas,52497.8,Recebimento de venda,52497.8
2025-09-23,Saida,Compra de estoque,15839.226000000002,Pagamento a fornecedor,-15839.226000000002
2025-09-23,Entrada,Recebimento de vendas,65901.28,Recebimento de venda,65901.28
2025-09-24,Entrada,Recebimento de vendas,42981.119999999995,Recebimento de venda,42981.119999999995
2025-09-24,Saida,Compra de estoque,42867.630000000005,Pagamento a fornecedor,-42867.630000000005
2025-09-25,Entrada,Recebimento de vendas,4690.04,Recebimento de venda,4690.04
2025-09-25,Saida,Compra de estoque,24703.38,Pagamento a fornecedor,-24703.38
2025-09-26,Entrada,Recebimento de vendas,20602.62,Recebimento de venda,20602.62
2025-09-26,Saida,Compra de estoque,16677.576,Pagamento a fornecedor,-16677.576
2025-09-27,Entrada,Recebimento de vendas,19674.190000000002,Recebimento de venda,19674.190000000002
2025-09-27,Saida,Compra de estoque,13961.322,Pagamento a fornecedor,-13961.322
2025-09-28,Saida,Compra de estoque,35769.600000000006,Pagamento a fornecedor,-35769.600000000006
2025-09-28,Entrada,Recebimento de vendas,21969.350000000002,Recebimento de venda,21969.350000000002
2025-09-29,Entrada,Recebimento de vendas,52474.159999999996,Recebimento de venda,52474.159999999996
2025-09-29,Saida,Compra de estoque,28995.732000000004,Pagamento a fornecedor,-28995.732000000004
2025-09-30,Entrada,Recebimento de vendas,75396.78,Recebimento de venda,75396.78
2025-09-30,Saida,Compra de estoque,18521.946000000004,Pagamento a fornecedor,-18521.946000000004
2025-10-01,Saida,Marketing,9450.0,Despesa operacional,-9450.0
2025-10-01,Saida,Logistica,7420.0,Despesa operacional,-7420.0
2025-10-01,Saida,Aluguel,29680.0,Despesa operacional,-29680.0
2025-10-01,Entrada,Recebimento de vendas,60718.94,Recebimento de venda,60718.94
2025-10-01,Saida,Folha,56160.0,Despesa operacional,-56160.0
2025-10-01,Saida,Compra de estoque,41906.32200000001,Pagamento a fornecedor,-41906.32200000001
2025-10-02,Entrada,Recebimento de vendas,42926.02,Recebimento de venda,42926.02
2025-10-02,Saida,Compra de estoque,12295.800000000001,Pagamento a fornecedor,-12295.800000000001
2025-10-03,Entrada,Recebimento de vendas,60064.54,Recebimento de venda,60064.54
2025-10-03,Saida,Compra de estoque,11938.104,Pagamento a fornecedor,-11938.104
2025-10-04,Entrada,Recebimento de vendas,99650.65,Recebimento de venda,99650.65
2025-10-04,Saida,Compra de estoque,6460.884000000001,Pagamento a fornecedor,-6460.884000000001
2025-10-05,Saida,Compra de estoque,8763.552,Pagamento a fornecedor,-8763.552
2025-10-05,Entrada,Recebimento de vendas,17543.26,Recebimento de venda,17543.26
2025-10-06,Saida,Compra de estoque,10809.126000000002,Pagamento a fornecedor,-10809.126000000002
2025-10-06,Entrada,Recebimento de vendas,24935.54,Recebimento de venda,24935.54
2025-10-07,Saida,Compra de estoque,53676.756,Pagamento a fornecedor,-53676.756
2025-10-07,Entrada,Recebimento de vendas,44795.729999999996,Recebimento de venda,44795.729999999996
2025-10-08,Saida,Compra de estoque,6997.428000000001,Pagamento a fornecedor,-6997.428000000001
2025-10-08,Entrada,Recebimento de vendas,58820.090000000004,Recebimento de venda,58820.090000000004
2025-10-09,Saida,Compra de estoque,69348.312,Pagamento a fornecedor,-69348.312
2025-10-09,Entrada,Recebimento de vendas,97041.42,Recebimento de venda,97041.42
2025-10-10,Entrada,Recebimento de vendas,10189.880000000001,Recebimento de venda,10189.880000000001
2025-10-10,Saida,Compra de estoque,7802.244000000001,Pagamento a fornecedor,-7802.244000000001
2025-10-11,Entrada,Recebimento de vendas,28797.32,Recebimento de venda,28797.32
2025-10-11,Saida,Compra de estoque,7936.38,Pagamento a fornecedor,-7936.38
2025-10-12,Entrada,Recebimento de vendas,30993.56,Recebimento de venda,30993.56
2025-10-12,Saida,Compra de estoque,11535.696,Pagamento a fornecedor,-11535.696
2025-10-13,Entrada,Recebimento de vendas,51824.79,Recebimento de venda,51824.79
2025-10-13,Saida,Compra de estoque,17482.392,Pagamento a fornecedor,-17482.392
2025-10-14,Entrada,Recebimento de vendas,43486.55,Recebimento de venda,43486.55
2025-10-14,Saida,Compra de estoque,7779.888000000001,Pagamento a fornecedor,-7779.888000000001
2025-10-15,Saida,Compra de estoque,56795.418000000005,Pagamento a fornecedor,-56795.418000000005
2025-10-15,Entrada,Recebimento de vendas,57459.54,Recebimento de venda,57459.54
2025-10-16,Saida,Compra de estoque,26055.918,Pagamento a fornecedor,-26055.918
2025-10-16,Entrada,Recebimento de vendas,42362.729999999996,Recebimento de venda,42362.729999999996
2025-10-17,Saida,Compra de estoque,11882.214,Pagamento a fornecedor,-11882.214
2025-10-17,Entrada,Recebimento de vendas,19218.12,Recebimento de venda,19218.12
2025-10-18,Entrada,Recebimento de vendas,46342.63,Recebimento de venda,46342.63
2025-10-18,Saida,Compra de estoque,11871.036000000002,Pagamento a fornecedor,-11871.036000000002
2025-10-19,Entrada,Recebimento de vendas,35143.64,Recebimento de venda,35143.64
2025-10-19,Saida,Compra de estoque,30840.102000000003,Pagamento a fornecedor,-30840.102000000003
2025-10-20,Saida,Compra de estoque,24513.354,Pagamento a fornecedor,-24513.354
2025-10-20,Entrada,Recebimento de vendas,63741.74,Recebimento de venda,63741.74
2025-10-21,Saida,Compra de estoque,15548.598000000002,Pagamento a fornecedor,-15548.598000000002
2025-10-21,Entrada,Recebimento de vendas,38038.98,Recebimento de venda,38038.98
2025-10-22,Saida,Compra de estoque,9389.52,Pagamento a fornecedor,-9389.52
2025-10-22,Entrada,Recebimento de vendas,56830.37,Recebimento de venda,56830.37
2025-10-23,Entrada,Recebimento de vendas,12931.939999999999,Recebimento de venda,12931.939999999999
2025-10-23,Saida,Compra de estoque,20645.766000000003,Pagamento a fornecedor,-20645.766000000003
2025-10-24,Entrada,Recebimento de vendas,35929.72,Recebimento de venda,35929.72
2025-10-24,Saida,Compra de estoque,17650.062,Pagamento a fornecedor,-17650.062
2025-10-25,Entrada,Recebimento de vendas,14982.76,Recebimento de venda,14982.76
2025-10-25,Saida,Compra de estoque,17281.188000000002,Pagamento a fornecedor,-17281.188000000002
2025-10-26,Entrada,Recebimento de vendas,15491.400000000001,Recebimento de venda,15491.400000000001
2025-10-26,Saida,Compra de estoque,20254.536000000004,Pagamento a fornecedor,-20254.536000000004
2025-10-27,Saida,Compra de estoque,13972.500000000002,Pagamento a fornecedor,-13972.500000000002
2025-10-27,Entrada,Recebimento de vendas,33011.47,Recebimento de venda,33011.47
2025-10-28,Entrada,Recebimento de vendas,17131.44,Recebimento de venda,17131.44
2025-10-28,Saida,Compra de estoque,3375.756,Pagamento a fornecedor,-3375.756
2025-10-29,Entrada,Recebimento de vendas,28753.11,Recebimento de venda,28753.11
2025-10-29,Saida,Compra de estoque,16509.906,Pagamento a fornecedor,-16509.906
2025-10-30,Entrada,Recebimento de vendas,36183.22,Recebimento de venda,36183.22
2025-10-30,Saida,Compra de estoque,18488.412000000004,Pagamento a fornecedor,-18488.412000000004
2025-10-31,Entrada,Recebimento de vendas,40575.76,Recebimento de venda,40575.76
2025-10-31,Saida,Compra de estoque,37535.724,Pagamento a fornecedor,-37535.724
2025-11-01,Entrada,Recebimento de vendas,45235.76,Recebimento de venda,45235.76
2025-11-01,Saida,Folha,56160.0,Despesa operacional,-56160.0
2025-11-01,Saida,Marketing,9450.0,Despesa operacional,-9450.0
2025-11-01,Saida,Logistica,7420.0,Despesa operacional,-7420.0
2025-11-01,Saida,Compra de estoque,22177.152000000002,Pagamento a fornecedor,-22177.152000000002
2025-11-01,Saida,Aluguel,29680.0,Despesa operacional,-29680.0
2025-11-02,Entrada,Recebimento de vendas,55148.97,Recebimento de venda,55148.97
2025-11-02,Saida,Compra de estoque,50681.052,Pagamento a fornecedor,-50681.052
2025-11-03,Saida,Compra de estoque,7824.6,Pagamento a fornecedor,-7824.6
2025-11-03,Entrada,Recebimento de vendas,36032.66,Recebimento de venda,36032.66
2025-11-04,Saida,Compra de estoque,18253.674,Pagamento a fornecedor,-18253.674
2025-11-04,Entrada,Recebimento de vendas,10753.08,Recebimento de venda,10753.08
2025-11-05,Saida,Compra de estoque,5119.524,Pagamento a fornecedor,-5119.524
2025-11-05,Entrada,Recebimento de vendas,22179.440000000002,Recebimento de venda,22179.440000000002
2025-11-06,Saida,Compra de estoque,33366.33,Pagamento a fornecedor,-33366.33
2025-11-06,Entrada,Recebimento de vendas,53000.74,Recebimento de venda,53000.74
2025-11-07,Saida,Compra de estoque,17270.010000000002,Pagamento a fornecedor,-17270.010000000002
2025-11-07,Entrada,Recebimento de vendas,21298.88,Recebimento de venda,21298.88
2025-11-08,Entrada,Recebimento de vendas,25626.83,Recebimento de venda,25626.83
2025-11-08,Saida,Compra de estoque,15626.844000000001,Pagamento a fornecedor,-15626.844000000001
2025-11-09,Saida,Compra de estoque,12988.836000000001,Pagamento a fornecedor,-12988.836000000001
2025-11-09,Entrada,Recebimento de vendas,30929.12,Recebimento de venda,30929.12
2025-11-10,Entrada,Recebimento de vendas,24505.66,Recebimento de venda,24505.66
2025-11-10,Saida,Compra de estoque,16319.880000000001,Pagamento a fornecedor,-16319.880000000001
2025-11-11,Saida,Compra de estoque,35635.46400000001,Pagamento a fornecedor,-35635.46400000001
2025-11-11,Entrada,Recebimento de vendas,43462.03999999999,Recebimento de venda,43462.03999999999
2025-11-12,Saida,Compra de estoque,17482.392,Pagamento a fornecedor,-17482.392
2025-11-12,Entrada,Recebimento de vendas,12050.480000000001,Recebimento de venda,12050.480000000001
2025-11-13,Saida,Compra de estoque,28649.214,Pagamento a fornecedor,-28649.214
2025-11-13,Entrada,Recebimento de vendas,52082.67,Recebimento de venda,52082.67
2025-11-14,Entrada,Recebimento de vendas,10035.15,Recebimento de venda,10035.15
2025-11-14,Saida,Compra de estoque,43247.68200000001,Pagamento a fornecedor,-43247.68200000001
2025-11-15,Saida,Compra de estoque,4717.116,Pagamento a fornecedor,-4717.116
2025-11-15,Entrada,Recebimento de vendas,45207.79,Recebimento de venda,45207.79
2025-11-16,Entrada,Recebimento de vendas,39212.73,Recebimento de venda,39212.73
2025-11-16,Saida,Compra de estoque,20712.834,Pagamento a fornecedor,-20712.834
2025-11-17,Saida,Compra de estoque,31208.976,Pagamento a fornecedor,-31208.976
2025-11-17,Entrada,Recebimento de vendas,37317.24,Recebimento de venda,37317.24
2025-11-18,Saida,Compra de estoque,35881.380000000005,Pagamento a fornecedor,-35881.380000000005
2025-11-18,Entrada,Recebimento de vendas,34141.83,Recebimento de venda,34141.83
2025-11-19,Saida,Compra de estoque,20880.504,Pagamento a fornecedor,-20880.504
2025-11-19,Entrada,Recebimento de vendas,31003.019999999997,Recebimento de venda,31003.019999999997
2025-11-20,Entrada,Recebimento de vendas,15857.55,Recebimento de venda,15857.55
2025-11-20,Saida,Compra de estoque,10395.54,Pagamento a fornecedor,-10395.54
2025-11-21,Saida,Compra de estoque,32740.362000000005,Pagamento a fornecedor,-32740.362000000005
2025-11-21,Entrada,Recebimento de vendas,61247.14,Recebimento de venda,61247.14
2025-11-22,Entrada,Recebimento de vendas,6882.2,Recebimento de venda,6882.2
2025-11-22,Saida,Compra de estoque,12418.758000000002,Pagamento a fornecedor,-12418.758000000002
2025-11-23,Entrada,Recebimento de vendas,12018.630000000001,Recebimento de venda,12018.630000000001
2025-11-23,Saida,Compra de estoque,12474.648000000001,Pagamento a fornecedor,-12474.648000000001
2025-11-24,Entrada,Recebimento de vendas,92740.15,Recebimento de venda,92740.15
2025-11-24,Saida,Compra de estoque,27687.906000000003,Pagamento a fornecedor,-27687.906000000003
2025-11-25,Entrada,Recebimento de vendas,35188.659999999996,Recebimento de venda,35188.659999999996
2025-11-25,Saida,Compra de estoque,38944.152,Pagamento a fornecedor,-38944.152
2025-11-26,Entrada,Recebimento de vendas,10396.34,Recebimento de venda,10396.34
2025-11-26,Saida,Compra de estoque,8875.332,Pagamento a fornecedor,-8875.332
2025-11-27,Entrada,Recebimento de vendas,24105.120000000003,Recebimento de venda,24105.120000000003
2025-11-27,Saida,Compra de estoque,8685.306,Pagamento a fornecedor,-8685.306
2025-11-28,Entrada,Recebimento de vendas,32004.489999999998,Recebimento de venda,32004.489999999998
2025-11-28,Saida,Compra de estoque,14766.138,Pagamento a fornecedor,-14766.138
2025-11-29,Saida,Compra de estoque,12955.302,Pagamento a fornecedor,-12955.302
2025-11-29,Entrada,Recebimento de vendas,77618.86,Recebimento de venda,77618.86
2025-11-30,Entrada,Recebimento de vendas,47541.6,Recebimento de venda,47541.6
2025-11-30,Saida,Compra de estoque,17012.916,Pagamento a fornecedor,-17012.916
2025-12-01,Saida,Marketing,9450.0,Despesa operacional,-9450.0
2025-12-01,Saida,Folha,56160.0,Despesa operacional,-56160.0
2025-12-01,Entrada,Recebimento de vendas,44822.979999999996,Recebimento de venda,44822.979999999996
2025-12-01,Saida,Aluguel,29680.0,Despesa operacional,-29680.0
2025-12-01,Saida,Compra de estoque,30761.856000000003,Pagamento a fornecedor,-30761.856000000003
2025-12-01,Saida,Logistica,7420.0,Despesa operacional,-7420.0
2025-12-02,Entrada,Recebimento de vendas,74106.3,Recebimento de venda,74106.3
2025-12-02,Saida,Compra de estoque,10484.964,Pagamento a fornecedor,-10484.964
2025-12-03,Entrada,Recebimento de vendas,24351.79,Recebimento de venda,24351.79
2025-12-03,Saida,Compra de estoque,22557.204,Pagamento a fornecedor,-22557.204
2025-12-04,Entrada,Recebimento de vendas,20715.45,Recebimento de venda,20715.45
2025-12-04,Saida,Compra de estoque,19874.484,Pagamento a fornecedor,-19874.484
2025-12-05,Entrada,Recebimento de vendas,37922.39,Recebimento de venda,37922.39
2025-12-05,Saida,Compra de estoque,31264.866,Pagamento a fornecedor,-31264.866
2025-12-06,Entrada,Recebimento de vendas,45925.53,Recebimento de venda,45925.53
2025-12-06,Saida,Compra de estoque,16722.288,Pagamento a fornecedor,-16722.288
2025-12-07,Entrada,Recebimento de vendas,37775.47,Recebimento de venda,37775.47
2025-12-07,Saida,Compra de estoque,18063.648,Pagamento a fornecedor,-18063.648
2025-12-08,Entrada,Recebimento de vendas,10716.26,Recebimento de venda,10716.26
2025-12-08,Saida,Compra de estoque,12351.69,Pagamento a fornecedor,-12351.69
2025-12-09,Entrada,Recebimento de vendas,24195.65,Recebimento de venda,24195.65
2025-12-09,Saida,Compra de estoque,52078.302,Pagamento a fornecedor,-52078.302
2025-12-10,Entrada,Recebimento de vendas,55037.63,Recebimento de venda,55037.63
2025-12-10,Saida,Compra de estoque,6449.706,Pagamento a fornecedor,-6449.706
2025-12-11,Saida,Compra de estoque,8025.804000000001,Pagamento a fornecedor,-8025.804000000001
2025-12-11,Entrada,Recebimento de vendas,35298.35,Recebimento de venda,35298.35
2025-12-12,Entrada,Recebimento de vendas,56110.59,Recebimento de venda,56110.59
2025-12-12,Saida,Compra de estoque,6885.648,Pagamento a fornecedor,-6885.648
2025-12-13,Entrada,Recebimento de vendas,29051.15,Recebimento de venda,29051.15
2025-12-13,Saida,Compra de estoque,12798.810000000001,Pagamento a fornecedor,-12798.810000000001
2025-12-14,Saida,Compra de estoque,24435.108,Pagamento a fornecedor,-24435.108
2025-12-14,Entrada,Recebimento de vendas,66344.04,Recebimento de venda,66344.04
2025-12-15,Saida,Compra de estoque,37926.954000000005,Pagamento a fornecedor,-37926.954000000005
2025-12-15,Entrada,Recebimento de vendas,30750.510000000002,Recebimento de venda,30750.510000000002
2025-12-16,Saida,Compra de estoque,16029.252,Pagamento a fornecedor,-16029.252
2025-12-16,Entrada,Recebimento de vendas,18583.4,Recebimento de venda,18583.4
2025-12-17,Saida,Compra de estoque,15760.980000000001,Pagamento a fornecedor,-15760.980000000001
2025-12-17,Entrada,Recebimento de vendas,35205.229999999996,Recebimento de venda,35205.229999999996
2025-12-18,Saida,Compra de estoque,24345.684,Pagamento a fornecedor,-24345.684
2025-12-18,Entrada,Recebimento de vendas,62385.61,Recebimento de venda,62385.61
2025-12-19,Entrada,Recebimento de vendas,32305.95,Recebimento de venda,32305.95
2025-12-19,Saida,Compra de estoque,20880.504,Pagamento a fornecedor,-20880.504
2025-12-20,Saida,Compra de estoque,33645.78,Pagamento a fornecedor,-33645.78
2025-12-20,Entrada,Recebimento de vendas,64122.22,Recebimento de venda,64122.22
2025-12-21,Entrada,Recebimento de vendas,25836.48,Recebimento de venda,25836.48
2025-12-21,Saida,Compra de estoque,28168.56,Pagamento a fornecedor,-28168.56
2025-12-22,Entrada,Recebimento de vendas,23368.399999999998,Recebimento de venda,23368.399999999998
2025-12-22,Saida,Compra de estoque,10194.336000000001,Pagamento a fornecedor,-10194.336000000001
2025-12-23,Saida,Compra de estoque,9780.75,Pagamento a fornecedor,-9780.75
2025-12-23,Entrada,Recebimento de vendas,24562.62,Recebimento de venda,24562.62
2025-12-24,Saida,Compra de estoque,42487.578,Pagamento a fornecedor,-42487.578
2025-12-24,Entrada,Recebimento de vendas,78572.23,Recebimento de venda,78572.23
2025-12-25,Entrada,Recebimento de vendas,66077.81,Recebimento de venda,66077.81
2025-12-25,Saida,Compra de estoque,19572.678,Pagamento a fornecedor,-19572.678
2025-12-26,Entrada,Recebimento de vendas,16850.43,Recebimento de venda,16850.43
2025-12-26,Saida,Compra de estoque,7153.92,Pagamento a fornecedor,-7153.92
2025-12-27,Entrada,Recebimento de vendas,31040.97,Recebimento de venda,31040.97
2025-12-27,Saida,Compra de estoque,21171.132,Pagamento a fornecedor,-21171.132
2025-12-28,Entrada,Recebimento de vendas,25264.940000000002,Recebimento de venda,25264.940000000002
2025-12-28,Saida,Compra de estoque,23853.852000000003,Pagamento a fornecedor,-23853.852000000003
2025-12-29,Entrada,Recebimento de vendas,55724.08,Recebimento de venda,55724.08
2025-12-29,Saida,Compra de estoque,27196.074,Pagamento a fornecedor,-27196.074
2025-12-30,Entrada,Recebimento de vendas,21889.14,Recebimento de venda,21889.14
2025-12-30,Saida,Compra de estoque,14218.416000000001,Pagamento a fornecedor,-14218.416000000001
2025-12-31,Entrada,Recebimento de vendas,54730.71,Recebimento de venda,54730.71
2025-12-31,Saida,Compra de estoque,15436.818000000001,Pagamento a fornecedor,-15436.818000000001
2026-01-01,Saida,Compra de estoque,16107.498,Pagamento a fornecedor,-16107.498
2026-01-01,Saida,Aluguel,31460.8,Despesa operacional,-31460.8
2026-01-01,Saida,Folha,60652.8,Despesa operacional,-60652.8
2026-01-01,Saida,Logistica,7865.2,Despesa operacional,-7865.2
2026-01-01,Saida,Marketing,9922.5,Despesa operacional,-9922.5
2026-01-01,Entrada,Recebimento de vendas,36364.22,Recebimento de venda,36364.22
2026-01-02,Saida,Compra de estoque,17180.586000000003,Pagamento a fornecedor,-17180.586000000003
2026-01-02,Entrada,Recebimento de vendas,37858.2,Recebimento de venda,37858.2
2026-01-03,Entrada,Recebimento de vendas,48107.44,Recebimento de venda,48107.44
2026-01-03,Saida,Compra de estoque,3420.4680000000003,Pagamento a fornecedor,-3420.4680000000003
2026-01-04,Entrada,Recebimento de vendas,89533.62,Recebimento de venda,89533.62
2026-01-04,Saida,Compra de estoque,32282.064000000002,Pagamento a fornecedor,-32282.064000000002
2026-01-05,Saida,Compra de estoque,19159.092000000004,Pagamento a fornecedor,-19159.092000000004
2026-01-05,Entrada,Recebimento de vendas,53702.520000000004,Recebimento de venda,53702.520000000004
2026-01-06,Saida,Compra de estoque,20791.08,Pagamento a fornecedor,-20791.08
2026-01-06,Entrada,Recebimento de vendas,61025.32,Recebimento de venda,61025.32
2026-01-07,Saida,Compra de estoque,14061.924,Pagamento a fornecedor,-14061.924
2026-01-07,Entrada,Recebimento de vendas,12763.02,Recebimento de venda,12763.02
2026-01-08,Entrada,Recebimento de vendas,23294.050000000003,Recebimento de venda,23294.050000000003
2026-01-08,Saida,Compra de estoque,17493.57,Pagamento a fornecedor,-17493.57
2026-01-09,Entrada,Recebimento de vendas,26034.43,Recebimento de venda,26034.43
2026-01-09,Saida,Compra de estoque,31387.824,Pagamento a fornecedor,-31387.824
2026-01-10,Entrada,Recebimento de vendas,58981.85,Recebimento de venda,58981.85
2026-01-10,Saida,Compra de estoque,37423.944,Pagamento a fornecedor,-37423.944
2026-01-11,Saida,Compra de estoque,1006.0200000000001,Pagamento a fornecedor,-1006.0200000000001
2026-01-11,Entrada,Recebimento de vendas,35874.41,Recebimento de venda,35874.41
2026-01-12,Saida,Compra de estoque,8014.626,Pagamento a fornecedor,-8014.626
2026-01-12,Entrada,Recebimento de vendas,20583.75,Recebimento de venda,20583.75
2026-01-13,Entrada,Recebimento de vendas,25064.65,Recebimento de venda,25064.65
2026-01-13,Saida,Compra de estoque,33489.28800000001,Pagamento a fornecedor,-33489.28800000001
2026-01-14,Entrada,Recebimento de vendas,20746.67,Recebimento de venda,20746.67
2026-01-14,Saida,Compra de estoque,20612.232000000004,Pagamento a fornecedor,-20612.232000000004
2026-01-15,Saida,Compra de estoque,20779.902000000002,Pagamento a fornecedor,-20779.902000000002
2026-01-15,Entrada,Recebimento de vendas,108166.20999999999,Recebimento de venda,108166.20999999999
2026-01-16,Entrada,Recebimento de vendas,10758.85,Recebimento de venda,10758.85
2026-01-16,Saida,Compra de estoque,27073.116,Pagamento a fornecedor,-27073.116
2026-01-17,Entrada,Recebimento de vendas,29736.14,Recebimento de venda,29736.14
2026-01-17,Saida,Compra de estoque,16755.822,Pagamento a fornecedor,-16755.822
2026-01-18,Entrada,Recebimento de vendas,26111.45,Recebimento de venda,26111.45
2026-01-18,Saida,Compra de estoque,21528.828,Pagamento a fornecedor,-21528.828
2026-01-19,Saida,Compra de estoque,29129.868,Pagamento a fornecedor,-29129.868
2026-01-19,Entrada,Recebimento de vendas,69397.25,Recebimento de venda,69397.25
2026-01-20,Saida,Compra de estoque,19751.526,Pagamento a fornecedor,-19751.526
2026-01-20,Entrada,Recebimento de vendas,83949.67,Recebimento de venda,83949.67
2026-01-21,Saida,Compra de estoque,23943.276,Pagamento a fornecedor,-23943.276
2026-01-21,Entrada,Recebimento de vendas,10228.5,Recebimento de venda,10228.5
2026-01-22,Saida,Compra de estoque,11982.816,Pagamento a fornecedor,-11982.816
2026-01-22,Entrada,Recebimento de vendas,33049.46,Recebimento de venda,33049.46
2026-01-23,Saida,Compra de estoque,19986.264,Pagamento a fornecedor,-19986.264
2026-01-23,Entrada,Recebimento de vendas,81741.62,Recebimento de venda,81741.62
2026-01-24,Entrada,Recebimento de vendas,11528.720000000001,Recebimento de venda,11528.720000000001
2026-01-24,Saida,Compra de estoque,10283.76,Pagamento a fornecedor,-10283.76
2026-01-25,Saida,Compra de estoque,25284.636000000002,Pagamento a fornecedor,-25284.636000000002
2026-01-25,Entrada,Recebimento de vendas,46429.92,Recebimento de venda,46429.92
2026-01-26,Entrada,Recebimento de vendas,17037.12,Recebimento de venda,17037.12
2026-01-26,Saida,Compra de estoque,22087.728,Pagamento a fornecedor,-22087.728
2026-01-27,Entrada,Recebimento de vendas,23121.67,Recebimento de venda,23121.67
2026-01-27,Saida,Compra de estoque,36484.992000000006,Pagamento a fornecedor,-36484.992000000006
2026-01-28,Entrada,Recebimento de vendas,67927.36,Recebimento de venda,67927.36
2026-01-28,Saida,Compra de estoque,14296.662,Pagamento a fornecedor,-14296.662
2026-01-29,Saida,Compra de estoque,9177.138,Pagamento a fornecedor,-9177.138
2026-01-29,Entrada,Recebimento de vendas,47532.06,Recebimento de venda,47532.06
2026-01-30,Saida,Compra de estoque,54906.336,Pagamento a fornecedor,-54906.336
2026-01-30,Entrada,Recebimento de vendas,33287.41,Recebimento de venda,33287.41
2026-01-31,Saida,Compra de estoque,11035.980000000001,Pagamento a fornecedor,-11035.980000000001
2026-01-31,Entrada,Recebimento de vendas,26580.03,Recebimento de venda,26580.03
2026-02-01,Saida,Aluguel,31460.8,Despesa operacional,-31460.8
2026-02-01,Entrada,Recebimento de vendas,34034.9,Recebimento de venda,34034.9
2026-02-01,Saida,Logistica,7865.2,Despesa operacional,-7865.2
2026-02-01,Saida,Marketing,9922.5,Despesa operacional,-9922.5
2026-02-01,Saida,Compra de estoque,14491.224,Pagamento a fornecedor,-14491.224
2026-02-01,Saida,Folha,60652.8,Despesa operacional,-60652.8
2026-02-02,Saida,Compra de estoque,39995.316,Pagamento a fornecedor,-39995.316
2026-02-02,Entrada,Recebimento de vendas,36399.33,Recebimento de venda,36399.33
2026-02-03,Entrada,Recebimento de vendas,44610.34,Recebimento de venda,44610.34
2026-02-03,Saida,Compra de estoque,30161.160000000003,Pagamento a fornecedor,-30161.160000000003
2026-02-04,Saida,Compra de estoque,50106.816,Pagamento a fornecedor,-50106.816
2026-02-04,Entrada,Recebimento de vendas,42775.99,Recebimento de venda,42775.99
2026-02-05,Entrada,Recebimento de vendas,9165.9,Recebimento de venda,9165.9
2026-02-05,Saida,Compra de estoque,17530.452,Pagamento a fornecedor,-17530.452
2026-02-06,Entrada,Recebimento de vendas,51482.729999999996,Recebimento de venda,51482.729999999996
2026-02-06,Saida,Compra de estoque,19275.408,Pagamento a fornecedor,-19275.408
2026-02-07,Saida,Compra de estoque,29028.672000000002,Pagamento a fornecedor,-29028.672000000002
2026-02-07,Entrada,Recebimento de vendas,73039.98,Recebimento de venda,73039.98
2026-02-08,Saida,Compra de estoque,10400.400000000001,Pagamento a fornecedor,-10400.400000000001
2026-02-08,Entrada,Recebimento de vendas,7418.46,Recebimento de venda,7418.46
2026-02-09,Entrada,Recebimento de vendas,49822.57,Recebimento de venda,49822.57
2026-02-09,Saida,Compra de estoque,31108.752000000004,Pagamento a fornecedor,-31108.752000000004
2026-02-10,Entrada,Recebimento de vendas,49224.159999999996,Recebimento de venda,49224.159999999996
2026-02-10,Saida,Compra de estoque,44536.82400000001,Pagamento a fornecedor,-44536.82400000001
2026-02-11,Entrada,Recebimento de vendas,27065.03,Recebimento de venda,27065.03
2026-02-11,Saida,Compra de estoque,18686.052000000003,Pagamento a fornecedor,-18686.052000000003
2026-02-12,Saida,Compra de estoque,32426.136000000002,Pagamento a fornecedor,-32426.136000000002
2026-02-12,Entrada,Recebimento de vendas,50355.69,Recebimento de venda,50355.69
2026-02-13,Saida,Compra de estoque,10643.076000000001,Pagamento a fornecedor,-10643.076000000001
2026-02-13,Entrada,Recebimento de vendas,28655.53,Recebimento de venda,28655.53
2026-02-14,Entrada,Recebimento de vendas,27437.07,Recebimento de venda,27437.07
2026-02-14,Saida,Compra de estoque,32587.920000000002,Pagamento a fornecedor,-32587.920000000002
2026-02-15,Saida,Compra de estoque,46189.332,Pagamento a fornecedor,-46189.332
2026-02-15,Entrada,Recebimento de vendas,119867.04000000001,Recebimento de venda,119867.04000000001
2026-02-16,Entrada,Recebimento de vendas,26576.68,Recebimento de venda,26576.68
2026-02-16,Saida,Compra de estoque,22846.212000000003,Pagamento a fornecedor,-22846.212000000003
2026-02-17,Saida,Compra de estoque,10342.62,Pagamento a fornecedor,-10342.62
2026-02-17,Entrada,Recebimento de vendas,22061.61,Recebimento de venda,22061.61
2026-02-18,Entrada,Recebimento de vendas,45141.21,Recebimento de venda,45141.21
2026-02-18,Saida,Compra de estoque,26047.224000000002,Pagamento a fornecedor,-26047.224000000002
2026-02-19,Entrada,Recebimento de vendas,28358.909999999996,Recebimento de venda,28358.909999999996
2026-02-19,Saida,Compra de estoque,7904.304000000001,Pagamento a fornecedor,-7904.304000000001
2026-02-20,Saida,Compra de estoque,6771.815999999999,Pagamento a fornecedor,-6771.815999999999
2026-02-20,Entrada,Recebimento de vendas,38026.65,Recebimento de venda,38026.65
2026-02-21,Saida,Compra de estoque,32807.484000000004,Pagamento a fornecedor,-32807.484000000004
2026-02-21,Entrada,Recebimento de vendas,76188.19,Recebimento de venda,76188.19
2026-02-22,Saida,Compra de estoque,29941.596,Pagamento a fornecedor,-29941.596
2026-02-22,Entrada,Recebimento de vendas,51161.19,Recebimento de venda,51161.19
2026-02-23,Saida,Compra de estoque,17854.02,Pagamento a fornecedor,-17854.02
2026-02-23,Entrada,Recebimento de vendas,47799.67999999999,Recebimento de venda,47799.67999999999
2026-02-24,Saida,Compra de estoque,21320.82,Pagamento a fornecedor,-21320.82
2026-02-24,Entrada,Recebimento de vendas,68238.6,Recebimento de venda,68238.6
2026-02-25,Saida,Compra de estoque,21274.596,Pagamento a fornecedor,-21274.596
2026-02-25,Entrada,Recebimento de vendas,30721.09,Recebimento de venda,30721.09
2026-02-26,Saida,Compra de estoque,15739.272,Pagamento a fornecedor,-15739.272
2026-02-26,Entrada,Recebimento de vendas,28497.69,Recebimento de venda,28497.69
2026-02-27,Entrada,Recebimento de vendas,60794.56,Recebimento de venda,60794.56
2026-02-27,Saida,Compra de estoque,26798.364,Pagamento a fornecedor,-26798.364
2026-02-28,Entrada,Recebimento de vendas,30073.75,Recebimento de venda,30073.75
2026-02-28,Saida,Compra de estoque,23481.792000000005,Pagamento a fornecedor,-23481.792000000005
2026-03-01,Saida,Aluguel,31460.8,Despesa operacional,-31460.8
2026-03-01,Saida,Folha,60652.8,Despesa operacional,-60652.8
2026-03-01,Saida,Marketing,9922.5,Despesa operacional,-9922.5
2026-03-01,Entrada,Recebimento de vendas,72013.55,Recebimento de venda,72013.55
2026-03-01,Saida,Compra de estoque,20569.68,Pagamento a fornecedor,-20569.68
2026-03-01,Saida,Logistica,7865.2,Despesa operacional,-7865.2
2026-03-02,Saida,Compra de estoque,17530.452,Pagamento a fornecedor,-17530.452
2026-03-02,Entrada,Recebimento de vendas,58863.38,Recebimento de venda,58863.38
2026-03-03,Entrada,Recebimento de vendas,70909.05,Recebimento de venda,70909.05
2026-03-03,Saida,Compra de estoque,36332.064000000006,Pagamento a fornecedor,-36332.064000000006
2026-03-04,Saida,Compra de estoque,32183.460000000003,Pagamento a fornecedor,-32183.460000000003
2026-03-04,Entrada,Recebimento de vendas,35506.87,Recebimento de venda,35506.87
2026-03-05,Saida,Compra de estoque,22118.184,Pagamento a fornecedor,-22118.184
2026-03-05,Entrada,Recebimento de vendas,23726.69,Recebimento de venda,23726.69
2026-03-06,Entrada,Recebimento de vendas,13852.13,Recebimento de venda,13852.13
2026-03-06,Saida,Compra de estoque,12399.588000000002,Pagamento a fornecedor,-12399.588000000002
2026-03-07,Saida,Compra de estoque,13404.960000000001,Pagamento a fornecedor,-13404.960000000001
2026-03-07,Entrada,Recebimento de vendas,31843.47,Recebimento de venda,31843.47
2026-03-08,Saida,Compra de estoque,41786.496,Pagamento a fornecedor,-41786.496
2026-03-08,Entrada,Recebimento de vendas,63492.72,Recebimento de venda,63492.72
2026-03-09,Entrada,Recebimento de vendas,58321.58,Recebimento de venda,58321.58
2026-03-09,Saida,Compra de estoque,30438.504,Pagamento a fornecedor,-30438.504
2026-03-10,Saida,Compra de estoque,25573.428,Pagamento a fornecedor,-25573.428
2026-03-10,Entrada,Recebimento de vendas,66635.38,Recebimento de venda,66635.38
2026-03-11,Entrada,Recebimento de vendas,17551.6,Recebimento de venda,17551.6
2026-03-11,Saida,Compra de estoque,5292.648000000001,Pagamento a fornecedor,-5292.648000000001
2026-03-12,Entrada,Recebimento de vendas,37139.98,Recebimento de venda,37139.98
2026-03-12,Saida,Compra de estoque,38435.256,Pagamento a fornecedor,-38435.256
2026-03-13,Entrada,Recebimento de vendas,71525.11,Recebimento de venda,71525.11
2026-03-13,Saida,Compra de estoque,28693.548,Pagamento a fornecedor,-28693.548
2026-03-14,Saida,Compra de estoque,36482.292,Pagamento a fornecedor,-36482.292
2026-03-14,Entrada,Recebimento de vendas,65220.34,Recebimento de venda,65220.34
2026-03-15,Entrada,Recebimento de vendas,61870.93,Recebimento de venda,61870.93
2026-03-15,Saida,Compra de estoque,37614.780000000006,Pagamento a fornecedor,-37614.780000000006
2026-03-16,Entrada,Recebimento de vendas,20256.99,Recebimento de venda,20256.99
2026-03-16,Saida,Compra de estoque,10400.400000000001,Pagamento a fornecedor,-10400.400000000001
2026-03-17,Saida,Compra de estoque,23504.904000000002,Pagamento a fornecedor,-23504.904000000002
2026-03-17,Entrada,Recebimento de vendas,16044.46,Recebimento de venda,16044.46
2026-03-18,Saida,Compra de estoque,22719.096,Pagamento a fornecedor,-22719.096
2026-03-18,Entrada,Recebimento de vendas,27944.46,Recebimento de venda,27944.46
2026-03-19,Saida,Compra de estoque,12954.276000000002,Pagamento a fornecedor,-12954.276000000002
2026-03-19,Entrada,Recebimento de vendas,40461.409999999996,Recebimento de venda,40461.409999999996
2026-03-20,Saida,Compra de estoque,40318.884000000005,Pagamento a fornecedor,-40318.884000000005
2026-03-20,Entrada,Recebimento de vendas,68120.85,Recebimento de venda,68120.85
2026-03-21,Saida,Compra de estoque,21401.712000000003,Pagamento a fornecedor,-21401.712000000003
2026-03-21,Entrada,Recebimento de vendas,42855.31,Recebimento de venda,42855.31
2026-03-22,Saida,Compra de estoque,28913.112000000005,Pagamento a fornecedor,-28913.112000000005
2026-03-22,Entrada,Recebimento de vendas,29185.46,Recebimento de venda,29185.46
2026-03-23,Entrada,Recebimento de vendas,68429.63,Recebimento de venda,68429.63
2026-03-23,Saida,Compra de estoque,29941.596,Pagamento a fornecedor,-29941.596
2026-03-24,Saida,Compra de estoque,46339.560000000005,Pagamento a fornecedor,-46339.560000000005
2026-03-24,Entrada,Recebimento de vendas,44888.7,Recebimento de venda,44888.7
2026-03-25,Saida,Compra de estoque,23273.784,Pagamento a fornecedor,-23273.784
2026-03-25,Entrada,Recebimento de vendas,46734.9,Recebimento de venda,46734.9
2026-03-26,Entrada,Recebimento de vendas,42107.22,Recebimento de venda,42107.22
2026-03-26,Saida,Compra de estoque,38955.276,Pagamento a fornecedor,-38955.276
2026-03-27,Entrada,Recebimento de vendas,70221.68,Recebimento de venda,70221.68
2026-03-27,Saida,Compra de estoque,24336.936,Pagamento a fornecedor,-24336.936
2026-03-28,Entrada,Recebimento de vendas,31112.73,Recebimento de venda,31112.73
2026-03-28,Saida,Compra de estoque,14491.224,Pagamento a fornecedor,-14491.224
2026-03-29,Entrada,Recebimento de vendas,40858.97,Recebimento de venda,40858.97
2026-03-29,Saida,Compra de estoque,12757.824,Pagamento a fornecedor,-12757.824
2026-03-30,Saida,Compra de estoque,20350.116,Pagamento a fornecedor,-20350.116
2026-03-30,Entrada,Recebimento de vendas,84352.65,Recebimento de venda,84352.65
2026-03-31,Saida,Compra de estoque,8204.76,Pagamento a fornecedor,-8204.76
2026-03-31,Entrada,Recebimento de vendas,22590.489999999998,Recebimento de venda,22590.489999999998
2026-04-01,Saida,Compra de estoque,40446.0,Pagamento a fornecedor,-40446.0
2026-04-01,Entrada,Recebimento de vendas,22781.41,Recebimento de venda,22781.41
2026-04-01,Saida,Logistica,7865.2,Despesa operacional,-7865.2
2026-04-01,Saida,Marketing,9922.5,Despesa operacional,-9922.5
2026-04-01,Saida,Aluguel,31460.8,Despesa operacional,-31460.8
2026-04-01,Saida,Folha,60652.8,Despesa operacional,-60652.8
2026-04-02,Entrada,Recebimento de vendas,36164.99,Recebimento de venda,36164.99
2026-04-02,Saida,Compra de estoque,28624.212000000003,Pagamento a fornecedor,-28624.212000000003
2026-04-03,Saida,Compra de estoque,34945.344000000005,Pagamento a fornecedor,-34945.344000000005
2026-04-03,Entrada,Recebimento de vendas,32261.72,Recebimento de venda,32261.72
2026-04-04,Entrada,Recebimento de vendas,29971.27,Recebimento de venda,29971.27
2026-04-04,Saida,Compra de estoque,9707.04,Pagamento a fornecedor,-9707.04
2026-04-05,Entrada,Recebimento de vendas,33383.67,Recebimento de venda,33383.67
2026-04-05,Saida,Compra de estoque,12411.144,Pagamento a fornecedor,-12411.144
2026-04-06,Saida,Compra de estoque,27399.276,Pagamento a fornecedor,-27399.276
2026-04-06,Entrada,Recebimento de vendas,33973.01,Recebimento de venda,33973.01
2026-04-07,Entrada,Recebimento de vendas,64937.11,Recebimento de venda,64937.11
2026-04-07,Saida,Compra de estoque,18801.612000000005,Pagamento a fornecedor,-18801.612000000005
2026-04-08,Entrada,Recebimento de vendas,89394.3,Recebimento de venda,89394.3
2026-04-08,Saida,Compra de estoque,17507.34,Pagamento a fornecedor,-17507.34
2026-04-09,Entrada,Recebimento de vendas,64406.979999999996,Recebimento de venda,64406.979999999996
2026-04-09,Saida,Compra de estoque,25954.776,Pagamento a fornecedor,-25954.776
2026-04-10,Entrada,Recebimento de vendas,61996.59,Recebimento de venda,61996.59
2026-04-10,Saida,Compra de estoque,23793.804,Pagamento a fornecedor,-23793.804
2026-04-11,Entrada,Recebimento de vendas,23862.16,Recebimento de venda,23862.16
2026-04-11,Saida,Compra de estoque,20118.996000000003,Pagamento a fornecedor,-20118.996000000003
2026-04-12,Entrada,Recebimento de vendas,17613.45,Recebimento de venda,17613.45
2026-04-12,Saida,Compra de estoque,33997.752,Pagamento a fornecedor,-33997.752
2026-04-13,Entrada,Recebimento de vendas,23853.1,Recebimento de venda,23853.1
2026-04-13,Saida,Compra de estoque,26220.564000000002,Pagamento a fornecedor,-26220.564000000002
2026-04-14,Entrada,Recebimento de vendas,47799.93,Recebimento de venda,47799.93
2026-04-14,Saida,Compra de estoque,14445.000000000002,Pagamento a fornecedor,-14445.000000000002
2026-04-15,Entrada,Recebimento de vendas,44853.84,Recebimento de venda,44853.84
2026-04-15,Saida,Compra de estoque,18790.056,Pagamento a fornecedor,-18790.056
2026-04-16,Entrada,Recebimento de vendas,117965.68,Recebimento de venda,117965.68
2026-04-16,Saida,Compra de estoque,21343.932000000004,Pagamento a fornecedor,-21343.932000000004
2026-04-17,Entrada,Recebimento de vendas,32998.840000000004,Recebimento de venda,32998.840000000004
2026-04-17,Saida,Compra de estoque,19529.640000000003,Pagamento a fornecedor,-19529.640000000003
2026-04-18,Entrada,Recebimento de vendas,60562.45,Recebimento de venda,60562.45
2026-04-18,Saida,Compra de estoque,8262.54,Pagamento a fornecedor,-8262.54
2026-04-19,Saida,Compra de estoque,22649.760000000002,Pagamento a fornecedor,-22649.760000000002
2026-04-19,Entrada,Recebimento de vendas,56061.740000000005,Recebimento de venda,56061.740000000005
2026-04-20,Entrada,Recebimento de vendas,16926.34,Recebimento de venda,16926.34
2026-04-20,Saida,Compra de estoque,25307.640000000003,Pagamento a fornecedor,-25307.640000000003
2026-04-21,Entrada,Recebimento de vendas,51107.14,Recebimento de venda,51107.14
2026-04-21,Saida,Compra de estoque,36285.840000000004,Pagamento a fornecedor,-36285.840000000004
2026-04-22,Entrada,Recebimento de vendas,70257.78,Recebimento de venda,70257.78
2026-04-22,Saida,Compra de estoque,68007.06,Pagamento a fornecedor,-68007.06
2026-04-23,Entrada,Recebimento de vendas,86485.27,Recebimento de venda,86485.27
2026-04-23,Saida,Compra de estoque,31027.86,Pagamento a fornecedor,-31027.86
2026-04-24,Saida,Compra de estoque,26890.812,Pagamento a fornecedor,-26890.812
2026-04-24,Entrada,Recebimento de vendas,33786.88,Recebimento de venda,33786.88
2026-04-25,Saida,Compra de estoque,45345.744000000006,Pagamento a fornecedor,-45345.744000000006
2026-04-25,Entrada,Recebimento de vendas,64099.630000000005,Recebimento de venda,64099.630000000005
2026-04-26,Saida,Compra de estoque,16917.984,Pagamento a fornecedor,-16917.984
2026-04-26,Entrada,Recebimento de vendas,64341.07,Recebimento de venda,64341.07
2026-04-27,Saida,Compra de estoque,23909.364,Pagamento a fornecedor,-23909.364
2026-04-27,Entrada,Recebimento de vendas,29468.65,Recebimento de venda,29468.65
2026-04-28,Saida,Compra de estoque,19541.196000000004,Pagamento a fornecedor,-19541.196000000004
2026-04-28,Entrada,Recebimento de vendas,34902.59,Recebimento de venda,34902.59
2026-04-29,Saida,Compra de estoque,52753.14000000001,Pagamento a fornecedor,-52753.14000000001
2026-04-29,Entrada,Recebimento de vendas,50424.44,Recebimento de venda,50424.44
2026-04-30,Saida,Compra de estoque,16617.528000000002,Pagamento a fornecedor,-16617.528000000002
2026-04-30,Entrada,Recebimento de vendas,35212.47,Recebimento de venda,35212.47
2026-05-01,Entrada,Recebimento de vendas,50731.29,Recebimento de venda,50731.29
2026-05-01,Saida,Folha,60652.8,Despesa operacional,-60652.8
2026-05-01,Saida,Marketing,9922.5,Despesa operacional,-9922.5
2026-05-01,Saida,Aluguel,31460.8,Despesa operacional,-31460.8
2026-05-01,Saida,Compra de estoque,29953.152000000002,Pagamento a fornecedor,-29953.152000000002
2026-05-01,Saida,Logistica,7865.2,Despesa operacional,-7865.2
2026-05-02,Entrada,Recebimento de vendas,32210.44,Recebimento de venda,32210.44
2026-05-02,Saida,Compra de estoque,14641.452000000001,Pagamento a fornecedor,-14641.452000000001
2026-05-03,Saida,Compra de estoque,15357.924,Pagamento a fornecedor,-15357.924
2026-05-03,Entrada,Recebimento de vendas,26700.36,Recebimento de venda,26700.36
2026-05-04,Saida,Compra de estoque,23759.136000000002,Pagamento a fornecedor,-23759.136000000002
2026-05-04,Entrada,Recebimento de vendas,31076.010000000002,Recebimento de venda,31076.010000000002
2026-05-05,Entrada,Recebimento de vendas,41833.26,Recebimento de venda,41833.26
2026-05-05,Saida,Compra de estoque,19286.964,Pagamento a fornecedor,-19286.964
2026-05-06,Saida,Compra de estoque,23262.228,Pagamento a fornecedor,-23262.228
2026-05-06,Entrada,Recebimento de vendas,58995.82,Recebimento de venda,58995.82
2026-05-07,Entrada,Recebimento de vendas,87184.91,Recebimento de venda,87184.91
2026-05-07,Saida,Compra de estoque,20685.24,Pagamento a fornecedor,-20685.24
2026-05-08,Entrada,Recebimento de vendas,61675.8,Recebimento de venda,61675.8
2026-05-08,Saida,Compra de estoque,27792.18,Pagamento a fornecedor,-27792.18
2026-05-09,Entrada,Recebimento de vendas,45676.45,Recebimento de venda,45676.45
2026-05-09,Saida,Compra de estoque,50904.18,Pagamento a fornecedor,-50904.18
2026-05-10,Entrada,Recebimento de vendas,25927.33,Recebimento de venda,25927.33
2026-05-10,Saida,Compra de estoque,12700.044,Pagamento a fornecedor,-12700.044
2026-05-11,Saida,Compra de estoque,18709.164,Pagamento a fornecedor,-18709.164
2026-05-11,Entrada,Recebimento de vendas,18876.35,Recebimento de venda,18876.35
2026-05-12,Saida,Compra de estoque,31351.428,Pagamento a fornecedor,-31351.428
2026-05-12,Entrada,Recebimento de vendas,70100.61,Recebimento de venda,70100.61
2026-05-13,Entrada,Recebimento de vendas,54353.3,Recebimento de venda,54353.3
2026-05-13,Saida,Compra de estoque,19171.404000000002,Pagamento a fornecedor,-19171.404000000002
2026-05-14,Saida,Compra de estoque,10573.740000000002,Pagamento a fornecedor,-10573.740000000002
2026-05-14,Entrada,Recebimento de vendas,20036.54,Recebimento de venda,20036.54
2026-05-15,Saida,Compra de estoque,18385.596,Pagamento a fornecedor,-18385.596
2026-05-15,Entrada,Recebimento de vendas,54590.33,Recebimento de venda,54590.33
2026-05-16,Entrada,Recebimento de vendas,15188.28,Recebimento de venda,15188.28
2026-05-16,Saida,Compra de estoque,12827.160000000002,Pagamento a fornecedor,-12827.160000000002
2026-05-17,Saida,Compra de estoque,22279.968,Pagamento a fornecedor,-22279.968
2026-05-17,Entrada,Recebimento de vendas,37927.39,Recebimento de venda,37927.39
2026-05-18,Saida,Compra de estoque,19679.868,Pagamento a fornecedor,-19679.868
2026-05-18,Entrada,Recebimento de vendas,47190.35,Recebimento de venda,47190.35
2026-05-19,Saida,Compra de estoque,22950.216000000004,Pagamento a fornecedor,-22950.216000000004
2026-05-19,Entrada,Recebimento de vendas,62056.869999999995,Recebimento de venda,62056.869999999995
2026-05-20,Entrada,Recebimento de vendas,20999.56,Recebimento de venda,20999.56
2026-05-20,Saida,Compra de estoque,7164.72,Pagamento a fornecedor,-7164.72
2026-05-21,Entrada,Recebimento de vendas,85355.43,Recebimento de venda,85355.43
2026-05-21,Saida,Compra de estoque,12676.932,Pagamento a fornecedor,-12676.932
2026-05-22,Entrada,Recebimento de vendas,14880.51,Recebimento de venda,14880.51
2026-05-22,Saida,Compra de estoque,17611.344,Pagamento a fornecedor,-17611.344
2026-05-23,Entrada,Recebimento de vendas,70791.72,Recebimento de venda,70791.72
2026-05-23,Saida,Compra de estoque,70953.84000000001,Pagamento a fornecedor,-70953.84000000001
2026-05-24,Entrada,Recebimento de vendas,63689.75,Recebimento de venda,63689.75
2026-05-24,Saida,Compra de estoque,23897.808,Pagamento a fornecedor,-23897.808
2026-05-25,Entrada,Recebimento de vendas,48039.840000000004,Recebimento de venda,48039.840000000004
2026-05-25,Saida,Compra de estoque,16894.872,Pagamento a fornecedor,-16894.872
2026-05-26,Saida,Compra de estoque,18085.14,Pagamento a fornecedor,-18085.14
2026-05-26,Entrada,Recebimento de vendas,39192.34,Recebimento de venda,39192.34
2026-05-27,Entrada,Recebimento de vendas,51538.87,Recebimento de venda,51538.87
2026-05-27,Saida,Compra de estoque,56797.740000000005,Pagamento a fornecedor,-56797.740000000005
2026-05-28,Saida,Compra de estoque,34552.44,Pagamento a fornecedor,-34552.44
2026-05-28,Entrada,Recebimento de vendas,58525.08,Recebimento de venda,58525.08
2026-05-29,Saida,Compra de estoque,22672.872000000003,Pagamento a fornecedor,-22672.872000000003
2026-05-29,Entrada,Recebimento de vendas,26930.800000000003,Recebimento de venda,26930.800000000003
2026-05-30,Saida,Compra de estoque,44594.604,Pagamento a fornecedor,-44594.604
2026-05-30,Entrada,Recebimento de vendas,43956.39,Recebimento de venda,43956.39
2026-05-31,Entrada,Recebimento de vendas,37652.06,Recebimento de venda,37652.06
2026-05-31,Saida,Compra de estoque,20569.68,Pagamento a fornecedor,-20569.68
2026-06-01,Entrada,Recebimento de vendas,25400.98,Recebimento de venda,25400.98
2026-06-01,Saida,Logistica,7865.2,Despesa operacional,-7865.2
2026-06-01,Saida,Marketing,9922.5,Despesa operacional,-9922.5
2026-06-01,Saida,Folha,60652.8,Despesa operacional,-60652.8
2026-06-01,Saida,Aluguel,31460.8,Despesa operacional,-31460.8
2026-06-01,Saida,Compra de estoque,19876.32,Pagamento a fornecedor,-19876.32
2026-06-02,Entrada,Recebimento de vendas,58757.37,Recebimento de venda,58757.37
2026-06-02,Saida,Compra de estoque,33963.084,Pagamento a fornecedor,-33963.084
2026-06-03,Entrada,Recebimento de vendas,24951.21,Recebimento de venda,24951.21
2026-06-03,Saida,Compra de estoque,11602.224,Pagamento a fornecedor,-11602.224
2026-06-04,Saida,Compra de estoque,18466.488,Pagamento a fornecedor,-18466.488
2026-06-04,Entrada,Recebimento de vendas,31242.190000000002,Recebimento de venda,31242.190000000002
2026-06-05,Entrada,Recebimento de vendas,28500.25,Recebimento de venda,28500.25
2026-06-05,Saida,Compra de estoque,28693.548000000003,Pagamento a fornecedor,-28693.548000000003
2026-06-06,Entrada,Recebimento de vendas,31487.97,Recebimento de venda,31487.97
2026-06-06,Saida,Compra de estoque,22464.864,Pagamento a fornecedor,-22464.864
2026-06-07,Saida,Compra de estoque,18974.951999999997,Pagamento a fornecedor,-18974.951999999997
2026-06-07,Entrada,Recebimento de vendas,29519.530000000002,Recebimento de venda,29519.530000000002
2026-06-08,Entrada,Recebimento de vendas,26055.75,Recebimento de venda,26055.75
2026-06-08,Saida,Compra de estoque,14156.1,Pagamento a fornecedor,-14156.1
2026-06-09,Entrada,Recebimento de vendas,20531.7,Recebimento de venda,20531.7
2026-06-09,Saida,Compra de estoque,39983.76,Pagamento a fornecedor,-39983.76
2026-06-10,Entrada,Recebimento de vendas,32692.94,Recebimento de venda,32692.94
2026-06-10,Saida,Compra de estoque,15508.152,Pagamento a fornecedor,-15508.152
2026-06-11,Saida,Compra de estoque,19980.324,Pagamento a fornecedor,-19980.324
2026-06-11,Entrada,Recebimento de vendas,61044.94,Recebimento de venda,61044.94
2026-06-12,Saida,Compra de estoque,25977.888,Pagamento a fornecedor,-25977.888
2026-06-12,Entrada,Recebimento de vendas,33594.27,Recebimento de venda,33594.27
2026-06-13,Entrada,Recebimento de vendas,53610.0,Recebimento de venda,53610.0
2026-06-13,Saida,Compra de estoque,39983.76,Pagamento a fornecedor,-39983.76
2026-06-14,Entrada,Recebimento de vendas,36194.21,Recebimento de venda,36194.21
2026-06-14,Saida,Compra de estoque,40261.10400000001,Pagamento a fornecedor,-40261.10400000001
2026-06-15,Entrada,Recebimento de vendas,58415.409999999996,Recebimento de venda,58415.409999999996
2026-06-15,Saida,Compra de estoque,36805.86,Pagamento a fornecedor,-36805.86
2026-06-16,Entrada,Recebimento de vendas,62220.950000000004,Recebimento de venda,62220.950000000004
2026-06-16,Saida,Compra de estoque,30854.52,Pagamento a fornecedor,-30854.52
2026-06-17,Entrada,Recebimento de vendas,26391.66,Recebimento de venda,26391.66
2026-06-17,Saida,Compra de estoque,31559.436,Pagamento a fornecedor,-31559.436
2026-06-18,Saida,Compra de estoque,26798.364,Pagamento a fornecedor,-26798.364
2026-06-18,Entrada,Recebimento de vendas,61556.4,Recebimento de venda,61556.4
2026-06-19,Saida,Compra de estoque,15300.144,Pagamento a fornecedor,-15300.144
2026-06-19,Entrada,Recebimento de vendas,18316.63,Recebimento de venda,18316.63
2026-06-20,Entrada,Recebimento de vendas,65077.380000000005,Recebimento de venda,65077.380000000005
2026-06-20,Saida,Compra de estoque,27491.724000000002,Pagamento a fornecedor,-27491.724000000002
2026-06-21,Saida,Compra de estoque,19506.528,Pagamento a fornecedor,-19506.528
2026-06-21,Entrada,Recebimento de vendas,66944.97,Recebimento de venda,66944.97
2026-06-22,Saida,Compra de estoque,21575.052000000003,Pagamento a fornecedor,-21575.052000000003
2026-06-22,Entrada,Recebimento de vendas,25003.04,Recebimento de venda,25003.04
2026-06-23,Saida,Compra de estoque,23239.116,Pagamento a fornecedor,-23239.116
2026-06-23,Entrada,Recebimento de vendas,25847.77,Recebimento de venda,25847.77
2026-06-24,Saida,Compra de estoque,15115.248000000001,Pagamento a fornecedor,-15115.248000000001
2026-06-24,Entrada,Recebimento de vendas,42228.44,Recebimento de venda,42228.44
2026-06-25,Saida,Compra de estoque,35696.484000000004,Pagamento a fornecedor,-35696.484000000004
2026-06-25,Entrada,Recebimento de vendas,63045.59,Recebimento de venda,63045.59
2026-06-26,Saida,Compra de estoque,24579.612000000005,Pagamento a fornecedor,-24579.612000000005
2026-06-26,Entrada,Recebimento de vendas,63578.92,Recebimento de venda,63578.92
2026-06-27,Entrada,Recebimento de vendas,31429.62,Recebimento de venda,31429.62
2026-06-27,Saida,Compra de estoque,20893.248,Pagamento a fornecedor,-20893.248
2026-06-28,Saida,Compra de estoque,27526.392000000003,Pagamento a fornecedor,-27526.392000000003
2026-06-28,Entrada,Recebimento de vendas,63045.33,Recebimento de venda,63045.33
2026-06-29,Saida,Compra de estoque,17923.356000000003,Pagamento a fornecedor,-17923.356000000003
2026-06-29,Entrada,Recebimento de vendas,33901.32,Recebimento de venda,33901.32
2026-06-30,Saida,Compra de estoque,38238.804000000004,Pagamento a fornecedor,-38238.804000000004
2026-06-30,Entrada,Recebimento de vendas,66443.41,Recebimento de venda,66443.41
2026-07-01,Saida,Logistica,7865.2,Despesa operacional,-7865.2
2026-07-01,Saida,Compra de estoque,24186.708,Pagamento a fornecedor,-24186.708
2026-07-01,Saida,Marketing,9922.5,Despesa operacional,-9922.5
2026-07-01,Entrada,Recebimento de vendas,76744.2,Recebimento de venda,76744.2
2026-07-01,Saida,Aluguel,31460.8,Despesa operacional,-31460.8
2026-07-01,Saida,Folha,60652.8,Despesa operacional,-60652.8
2026-07-02,Saida,Compra de estoque,29918.484,Pagamento a fornecedor,-29918.484
2026-07-02,Entrada,Recebimento de vendas,125857.22,Recebimento de venda,125857.22
2026-07-03,Entrada,Recebimento de vendas,17793.3,Recebimento de venda,17793.3
2026-07-03,Saida,Compra de estoque,30080.268,Pagamento a fornecedor,-30080.268
2026-07-04,Entrada,Recebimento de vendas,27690.829999999998,Recebimento de venda,27690.829999999998
2026-07-04,Saida,Compra de estoque,28913.112000000005,Pagamento a fornecedor,-28913.112000000005
2026-07-05,Entrada,Recebimento de vendas,31410.38,Recebimento de venda,31410.38
2026-07-05,Saida,Compra de estoque,28416.204,Pagamento a fornecedor,-28416.204
2026-07-06,Entrada,Recebimento de vendas,36449.52,Recebimento de venda,36449.52
2026-07-06,Saida,Compra de estoque,57329.316,Pagamento a fornecedor,-57329.316
2026-07-07,Saida,Compra de estoque,49679.244000000006,Pagamento a fornecedor,-49679.244000000006
2026-07-07,Entrada,Recebimento de vendas,72120.99,Recebimento de venda,72120.99
2026-07-08,Saida,Compra de estoque,13081.392,Pagamento a fornecedor,-13081.392
2026-07-08,Entrada,Recebimento de vendas,43197.71,Recebimento de venda,43197.71
2026-07-09,Saida,Compra de estoque,13751.640000000001,Pagamento a fornecedor,-13751.640000000001
2026-07-09,Entrada,Recebimento de vendas,53299.490000000005,Recebimento de venda,53299.490000000005
2026-07-10,Entrada,Recebimento de vendas,38316.52,Recebimento de venda,38316.52
2026-07-10,Saida,Compra de estoque,36840.528,Pagamento a fornecedor,-36840.528
2026-07-11,Saida,Compra de estoque,13601.412,Pagamento a fornecedor,-13601.412
2026-07-11,Entrada,Recebimento de vendas,20967.920000000002,Recebimento de venda,20967.920000000002
2026-07-12,Entrada,Recebimento de vendas,44101.28,Recebimento de venda,44101.28
2026-07-12,Saida,Compra de estoque,21713.724000000002,Pagamento a fornecedor,-21713.724000000002
2026-07-13,Entrada,Recebimento de vendas,36724.05,Recebimento de venda,36724.05
2026-07-13,Saida,Compra de estoque,28774.440000000002,Pagamento a fornecedor,-28774.440000000002
2026-07-14,Entrada,Recebimento de vendas,101751.5,Recebimento de venda,101751.5
2026-07-14,Saida,Compra de estoque,28150.416,Pagamento a fornecedor,-28150.416
2026-07-15,Saida,Compra de estoque,26509.464000000004,Pagamento a fornecedor,-26509.464000000004
2026-07-15,Entrada,Recebimento de vendas,36777.48,Recebimento de venda,36777.48
2026-07-16,Entrada,Recebimento de vendas,37450.62,Recebimento de venda,37450.62
2026-07-16,Saida,Compra de estoque,11463.552,Pagamento a fornecedor,-11463.552
2026-07-17,Entrada,Recebimento de vendas,32058.37,Recebimento de venda,32058.37
2026-07-17,Saida,Compra de estoque,56555.064000000006,Pagamento a fornecedor,-56555.064000000006
2026-07-18,Entrada,Recebimento de vendas,34141.33,Recebimento de venda,34141.33
2026-07-18,Saida,Compra de estoque,31848.336000000003,Pagamento a fornecedor,-31848.336000000003
2026-07-19,Saida,Compra de estoque,5200.200000000001,Pagamento a fornecedor,-5200.200000000001
2026-07-19,Entrada,Recebimento de vendas,31708.4,Recebimento de venda,31708.4
2026-07-20,Entrada,Recebimento de vendas,73626.44,Recebimento de venda,73626.44
2026-07-20,Saida,Compra de estoque,34263.54,Pagamento a fornecedor,-34263.54
2026-07-21,Saida,Compra de estoque,19760.760000000002,Pagamento a fornecedor,-19760.760000000002
2026-07-21,Entrada,Recebimento de vendas,12673.8,Recebimento de venda,12673.8
2026-07-22,Saida,Compra de estoque,21817.728,Pagamento a fornecedor,-21817.728
2026-07-22,Entrada,Recebimento de vendas,52410.83,Recebimento de venda,52410.83
2026-07-23,Entrada,Recebimento de vendas,61463.13,Recebimento de venda,61463.13
2026-07-23,Saida,Compra de estoque,12226.248000000001,Pagamento a fornecedor,-12226.248000000001
2026-07-24,Entrada,Recebimento de vendas,33444.9,Recebimento de venda,33444.9
2026-07-24,Saida,Compra de estoque,20558.124,Pagamento a fornecedor,-20558.124
2026-07-25,Entrada,Recebimento de vendas,68165.98,Recebimento de venda,68165.98
2026-07-25,Saida,Compra de estoque,14999.688000000002,Pagamento a fornecedor,-14999.688000000002
2026-07-26,Saida,Compra de estoque,9799.488000000001,Pagamento a fornecedor,-9799.488000000001
2026-07-26,Entrada,Recebimento de vendas,37391.22,Recebimento de venda,37391.22
2026-07-27,Saida,Compra de estoque,19783.872000000003,Pagamento a fornecedor,-19783.872000000003
2026-07-27,Entrada,Recebimento de vendas,24697.22,Recebimento de venda,24697.22
2026-07-28,Saida,Compra de estoque,15843.276000000002,Pagamento a fornecedor,-15843.276000000002
2026-07-28,Entrada,Recebimento de vendas,73796.96,Recebimento de venda,73796.96
2026-07-29,Saida,Compra de estoque,7026.048000000001,Pagamento a fornecedor,-7026.048000000001
2026-07-29,Entrada,Recebimento de vendas,34688.09,Recebimento de venda,34688.09
2026-07-30,Saida,Compra de estoque,18073.584,Pagamento a fornecedor,-18073.584
2026-07-30,Entrada,Recebimento de vendas,55601.53,Recebimento de venda,55601.53
2026-07-31,Entrada,Recebimento de vendas,35118.840000000004,Recebimento de venda,35118.840000000004
2026-07-31,Saida,Compra de estoque,39752.64,Pagamento a fornecedor,-39752.64
2026-08-01,Saida,Compra de estoque,13612.967999999999,Pagamento a fornecedor,-13612.967999999999
2026-08-01,Entrada,Recebimento de vendas,49827.12,Recebimento de venda,49827.12
2026-08-01,Saida,Aluguel,31460.8,Despesa operacional,-31460.8
2026-08-01,Saida,Folha,60652.8,Despesa operacional,-60652.8
2026-08-01,Saida,Marketing,9922.5,Despesa operacional,-9922.5
2026-08-01,Saida,Logistica,7865.2,Despesa operacional,-7865.2
2026-08-02,Entrada,Recebimento de vendas,37866.96000000001,Recebimento de venda,37866.96000000001
2026-08-02,Saida,Compra de estoque,19240.74,Pagamento a fornecedor,-19240.74
2026-08-03,Saida,Compra de estoque,18223.812,Pagamento a fornecedor,-18223.812
2026-08-03,Entrada,Recebimento de vendas,28686.920000000002,Recebimento de venda,28686.920000000002
2026-08-04,Saida,Compra de estoque,22256.856000000003,Pagamento a fornecedor,-22256.856000000003
2026-08-04,Entrada,Recebimento de vendas,58865.78,Recebimento de venda,58865.78
2026-08-05,Saida,Compra de estoque,7650.072,Pagamento a fornecedor,-7650.072
2026-08-05,Entrada,Recebimento de vendas,56883.89,Recebimento de venda,56883.89
2026-08-06,Entrada,Recebimento de vendas,43799.95,Recebimento de venda,43799.95
2026-08-06,Saida,Compra de estoque,9036.792,Pagamento a fornecedor,-9036.792
2026-08-07,Saida,Compra de estoque,24487.164,Pagamento a fornecedor,-24487.164
2026-08-07,Entrada,Recebimento de vendas,26469.21,Recebimento de venda,26469.21
2026-08-08,Saida,Compra de estoque,32992.380000000005,Pagamento a fornecedor,-32992.380000000005
2026-08-08,Entrada,Recebimento de vendas,64966.29,Recebimento de venda,64966.29
2026-08-09,Saida,Compra de estoque,25665.876000000004,Pagamento a fornecedor,-25665.876000000004
2026-08-09,Entrada,Recebimento de vendas,60490.950000000004,Recebimento de venda,60490.950000000004
2026-08-10,Saida,Compra de estoque,30380.724000000002,Pagamento a fornecedor,-30380.724000000002
2026-08-10,Entrada,Recebimento de vendas,43335.869999999995,Recebimento de venda,43335.869999999995
2026-08-11,Entrada,Recebimento de vendas,17810.63,Recebimento de venda,17810.63
2026-08-11,Saida,Compra de estoque,17611.344,Pagamento a fornecedor,-17611.344
2026-08-12,Entrada,Recebimento de vendas,67100.48,Recebimento de venda,67100.48
2026-08-12,Saida,Compra de estoque,31085.640000000003,Pagamento a fornecedor,-31085.640000000003
2026-08-13,Entrada,Recebimento de vendas,43046.64,Recebimento de venda,43046.64
2026-08-13,Saida,Compra de estoque,20731.464,Pagamento a fornecedor,-20731.464
2026-08-14,Entrada,Recebimento de vendas,60231.04,Recebimento de venda,60231.04
2026-08-14,Saida,Compra de estoque,37753.452000000005,Pagamento a fornecedor,-37753.452000000005
2026-08-15,Entrada,Recebimento de vendas,5778.68,Recebimento de venda,5778.68
2026-08-15,Saida,Compra de estoque,22407.084,Pagamento a fornecedor,-22407.084
2026-08-16,Saida,Compra de estoque,35511.588,Pagamento a fornecedor,-35511.588
2026-08-16,Entrada,Recebimento de vendas,60936.69,Recebimento de venda,60936.69
2026-08-17,Saida,Compra de estoque,32044.788,Pagamento a fornecedor,-32044.788
2026-08-17,Entrada,Recebimento de vendas,102865.07,Recebimento de venda,102865.07
2026-08-18,Entrada,Recebimento de vendas,21153.67,Recebimento de venda,21153.67
2026-08-18,Saida,Compra de estoque,18397.152000000002,Pagamento a fornecedor,-18397.152000000002
2026-08-19,Saida,Compra de estoque,47136.924000000006,Pagamento a fornecedor,-47136.924000000006
2026-08-19,Entrada,Recebimento de vendas,52083.68,Recebimento de venda,52083.68
2026-08-20,Saida,Compra de estoque,25862.328,Pagamento a fornecedor,-25862.328
2026-08-20,Entrada,Recebimento de vendas,59416.76,Recebimento de venda,59416.76
2026-08-21,Saida,Compra de estoque,12988.944,Pagamento a fornecedor,-12988.944
2026-08-21,Entrada,Recebimento de vendas,58787.020000000004,Recebimento de venda,58787.020000000004
2026-08-22,Entrada,Recebimento de vendas,59668.85,Recebimento de venda,59668.85
2026-08-22,Saida,Compra de estoque,15912.612000000001,Pagamento a fornecedor,-15912.612000000001
2026-08-23,Saida,Compra de estoque,27410.832000000002,Pagamento a fornecedor,-27410.832000000002
2026-08-23,Entrada,Recebimento de vendas,49117.07,Recebimento de venda,49117.07
2026-08-24,Saida,Compra de estoque,16594.416,Pagamento a fornecedor,-16594.416
2026-08-24,Entrada,Recebimento de vendas,17323.31,Recebimento de venda,17323.31
2026-08-25,Saida,Compra de estoque,14803.236000000003,Pagamento a fornecedor,-14803.236000000003
2026-08-25,Entrada,Recebimento de vendas,72593.94,Recebimento de venda,72593.94
2026-08-26,Entrada,Recebimento de vendas,32084.67,Recebimento de venda,32084.67
2026-08-26,Saida,Compra de estoque,20431.007999999998,Pagamento a fornecedor,-20431.007999999998
2026-08-27,Saida,Compra de estoque,12180.024000000001,Pagamento a fornecedor,-12180.024000000001
2026-08-27,Entrada,Recebimento de vendas,24934.71,Recebimento de venda,24934.71
2026-08-28,Saida,Compra de estoque,12954.276000000002,Pagamento a fornecedor,-12954.276000000002
2026-08-28,Entrada,Recebimento de vendas,56051.11,Recebimento de venda,56051.11
2026-08-29,Entrada,Recebimento de vendas,75062.45999999999,Recebimento de venda,75062.45999999999
2026-08-29,Saida,Compra de estoque,40203.32400000001,Pagamento a fornecedor,-40203.32400000001
2026-08-30,Entrada,Recebimento de vendas,70022.98,Recebimento de venda,70022.98
2026-08-30,Saida,Compra de estoque,22938.66,Pagamento a fornecedor,-22938.66
2026-08-31,Entrada,Recebimento de vendas,20871.89,Recebimento de venda,20871.89
2026-08-31,Saida,Compra de estoque,12364.92,Pagamento a fornecedor,-12364.92
2026-09-01,Saida,Aluguel,31460.8,Despesa operacional,-31460.8
2026-09-01,Saida,Folha,60652.8,Despesa operacional,-60652.8
2026-09-01,Saida,Logistica,7865.2,Despesa operacional,-7865.2
2026-09-01,Saida,Compra de estoque,13636.080000000002,Pagamento a fornecedor,-13636.080000000002
2026-09-01,Entrada,Recebimento de vendas,31723.11,Recebimento de venda,31723.11
2026-09-01,Saida,Marketing,9922.5,Despesa operacional,-9922.5
2026-09-02,Entrada,Recebimento de vendas,10787.66,Recebimento de venda,10787.66
2026-09-02,Saida,Compra de estoque,14757.012,Pagamento a fornecedor,-14757.012
2026-09-03,Saida,Compra de estoque,23493.348,Pagamento a fornecedor,-23493.348
2026-09-03,Entrada,Recebimento de vendas,42198.42,Recebimento de venda,42198.42
2026-09-04,Entrada,Recebimento de vendas,50854.38,Recebimento de venda,50854.38
2026-09-04,Saida,Compra de estoque,30530.952000000005,Pagamento a fornecedor,-30530.952000000005
2026-09-05,Entrada,Recebimento de vendas,80228.8,Recebimento de venda,80228.8
2026-09-05,Saida,Compra de estoque,33258.168,Pagamento a fornecedor,-33258.168
2026-09-06,Entrada,Recebimento de vendas,24586.329999999998,Recebimento de venda,24586.329999999998
2026-09-06,Saida,Compra de estoque,24267.600000000002,Pagamento a fornecedor,-24267.600000000002
2026-09-07,Saida,Compra de estoque,38134.8,Pagamento a fornecedor,-38134.8
2026-09-07,Entrada,Recebimento de vendas,58886.65,Recebimento de venda,58886.65
2026-09-08,Entrada,Recebimento de vendas,18248.55,Recebimento de venda,18248.55
2026-09-08,Saida,Compra de estoque,26162.784,Pagamento a fornecedor,-26162.784
2026-09-09,Entrada,Recebimento de vendas,33853.4,Recebimento de venda,33853.4
2026-09-09,Saida,Compra de estoque,17357.112,Pagamento a fornecedor,-17357.112
2026-09-10,Entrada,Recebimento de vendas,35544.8,Recebimento de venda,35544.8
2026-09-10,Saida,Compra de estoque,32992.380000000005,Pagamento a fornecedor,-32992.380000000005
2026-09-11,Saida,Compra de estoque,12942.720000000001,Pagamento a fornecedor,-12942.720000000001
2026-09-11,Entrada,Recebimento de vendas,41781.62,Recebimento de venda,41781.62
2026-09-12,Saida,Compra de estoque,13728.528000000002,Pagamento a fornecedor,-13728.528000000002
2026-09-12,Entrada,Recebimento de vendas,39516.1,Recebimento de venda,39516.1
2026-09-13,Saida,Compra de estoque,23886.252000000004,Pagamento a fornecedor,-23886.252000000004
2026-09-13,Entrada,Recebimento de vendas,27088.879999999997,Recebimento de venda,27088.879999999997
2026-09-14,Entrada,Recebimento de vendas,14414.45,Recebimento de venda,14414.45
2026-09-14,Saida,Compra de estoque,43103.880000000005,Pagamento a fornecedor,-43103.880000000005
2026-09-15,Entrada,Recebimento de vendas,49967.71000000001,Recebimento de venda,49967.71000000001
2026-09-15,Saida,Compra de estoque,12122.244,Pagamento a fornecedor,-12122.244
2026-09-16,Entrada,Recebimento de vendas,65097.21,Recebimento de venda,65097.21
2026-09-16,Saida,Compra de estoque,21967.956000000002,Pagamento a fornecedor,-21967.956000000002
2026-09-17,Entrada,Recebimento de vendas,113640.47,Recebimento de venda,113640.47
2026-09-17,Saida,Compra de estoque,28092.636000000002,Pagamento a fornecedor,-28092.636000000002
2026-09-18,Entrada,Recebimento de vendas,35920.98,Recebimento de venda,35920.98
2026-09-18,Saida,Compra de estoque,13289.400000000001,Pagamento a fornecedor,-13289.400000000001
2026-09-19,Entrada,Recebimento de vendas,27845.32,Recebimento de venda,27845.32
2026-09-19,Saida,Compra de estoque,38874.384000000005,Pagamento a fornecedor,-38874.384000000005
2026-09-20,Entrada,Recebimento de vendas,14080.06,Recebimento de venda,14080.06
2026-09-20,Saida,Compra de estoque,42410.520000000004,Pagamento a fornecedor,-42410.520000000004
2026-09-21,Entrada,Recebimento de vendas,76637.72,Recebimento de venda,76637.72
2026-09-21,Saida,Compra de estoque,24175.152000000002,Pagamento a fornecedor,-24175.152000000002
2026-09-22,Entrada,Recebimento de vendas,18793.62,Recebimento de venda,18793.62
2026-09-22,Saida,Compra de estoque,7626.960000000001,Pagamento a fornecedor,-7626.960000000001
2026-09-23,Saida,Compra de estoque,5073.084,Pagamento a fornecedor,-5073.084
2026-09-23,Entrada,Recebimento de vendas,19856.07,Recebimento de venda,19856.07
2026-09-24,Entrada,Recebimento de vendas,70415.35,Recebimento de venda,70415.35
2026-09-24,Saida,Compra de estoque,42248.736,Pagamento a fornecedor,-42248.736
2026-09-25,Entrada,Recebimento de vendas,110276.88,Recebimento de venda,110276.88
2026-09-25,Saida,Compra de estoque,20257.668,Pagamento a fornecedor,-20257.668
2026-09-26,Saida,Compra de estoque,6679.368,Pagamento a fornecedor,-6679.368
2026-09-26,Entrada,Recebimento de vendas,3023.41,Recebimento de venda,3023.41
2026-09-27,Saida,Compra de estoque,25411.644,Pagamento a fornecedor,-25411.644
2026-09-27,Entrada,Recebimento de vendas,39356.979999999996,Recebimento de venda,39356.979999999996
2026-09-28,Saida,Compra de estoque,31154.976000000002,Pagamento a fornecedor,-31154.976000000002
2026-09-28,Entrada,Recebimento de vendas,39982.15,Recebimento de venda,39982.15
2026-09-29,Entrada,Recebimento de vendas,47022.69,Recebimento de venda,47022.69
2026-09-29,Saida,Compra de estoque,5546.88,Pagamento a fornecedor,-5546.88
2026-09-30,Saida,Compra de estoque,17830.908,Pagamento a fornecedor,-17830.908
2026-09-30,Entrada,Recebimento de vendas,24574.6,Recebimento de venda,24574.6
2026-10-01,Entrada,Recebimento de vendas,33306.32,Recebimento de venda,33306.32
2026-10-01,Saida,Compra de estoque,23400.9,Pagamento a fornecedor,-23400.9
2026-10-02,Saida,Compra de estoque,33477.732,Pagamento a fornecedor,-33477.732
2026-10-02,Entrada,Recebimento de vendas,46063.659999999996,Recebimento de venda,46063.659999999996
2026-10-03,Entrada,Recebimento de vendas,80678.41,Recebimento de venda,80678.41
2026-10-03,Saida,Compra de estoque,47795.616,Pagamento a fornecedor,-47795.616
2026-10-04,Entrada,Recebimento de vendas,42975.99,Recebimento de venda,42975.99
2026-10-04,Saida,Compra de estoque,36875.195999999996,Pagamento a fornecedor,-36875.195999999996
2026-10-05,Entrada,Recebimento de vendas,37202.15,Recebimento de venda,37202.15
2026-10-05,Saida,Compra de estoque,23308.452000000005,Pagamento a fornecedor,-23308.452000000005
2026-10-06,Entrada,Recebimento de vendas,33676.12,Recebimento de venda,33676.12
2026-10-06,Saida,Compra de estoque,26798.364,Pagamento a fornecedor,-26798.364
2026-10-07,Entrada,Recebimento de vendas,21664.379999999997,Recebimento de venda,21664.379999999997
2026-10-07,Saida,Compra de estoque,13116.060000000001,Pagamento a fornecedor,-13116.060000000001
2026-10-08,Saida,Compra de estoque,12746.268000000002,Pagamento a fornecedor,-12746.268000000002
2026-10-08,Entrada,Recebimento de vendas,2941.66,Recebimento de venda,2941.66
2026-10-09,Entrada,Recebimento de vendas,50498.33,Recebimento de venda,50498.33
2026-10-09,Saida,Compra de estoque,24868.512000000002,Pagamento a fornecedor,-24868.512000000002
2026-10-10,Entrada,Recebimento de vendas,31513.55,Recebimento de venda,31513.55
2026-10-10,Saida,Compra de estoque,10677.744,Pagamento a fornecedor,-10677.744
2026-10-11,Entrada,Recebimento de vendas,25624.26,Recebimento de venda,25624.26
2026-10-11,Saida,Compra de estoque,32241.24,Pagamento a fornecedor,-32241.24
2026-10-12,Entrada,Recebimento de vendas,14596.32,Recebimento de venda,14596.32
2026-10-12,Saida,Compra de estoque,21540.384000000002,Pagamento a fornecedor,-21540.384000000002
2026-10-13,Entrada,Recebimento de vendas,74025.95999999999,Recebimento de venda,74025.95999999999
2026-10-13,Saida,Compra de estoque,55480.356,Pagamento a fornecedor,-55480.356
2026-10-14,Saida,Compra de estoque,28427.760000000002,Pagamento a fornecedor,-28427.760000000002
2026-10-14,Entrada,Recebimento de vendas,11232.28,Recebimento de venda,11232.28
2026-10-15,Saida,Compra de estoque,13381.848000000002,Pagamento a fornecedor,-13381.848000000002
2026-10-15,Entrada,Recebimento de vendas,15952.68,Recebimento de venda,15952.68
2026-10-16,Saida,Compra de estoque,47552.94,Pagamento a fornecedor,-47552.94
2026-10-16,Entrada,Recebimento de vendas,21719.84,Recebimento de venda,21719.84
2026-10-17,Entrada,Recebimento de vendas,10244.34,Recebimento de venda,10244.34
2026-10-17,Saida,Compra de estoque,55295.46000000001,Pagamento a fornecedor,-55295.46000000001
2026-10-18,Entrada,Recebimento de vendas,7119.14,Recebimento de venda,7119.14
2026-10-18,Saida,Compra de estoque,41613.156,Pagamento a fornecedor,-41613.156
2026-10-19,Saida,Compra de estoque,33339.060000000005,Pagamento a fornecedor,-33339.060000000005
2026-10-19,Entrada,Recebimento de vendas,79778.22,Recebimento de venda,79778.22
2026-10-20,Entrada,Recebimento de vendas,10389.599999999999,Recebimento de venda,10389.599999999999
2026-10-20,Saida,Compra de estoque,10978.2,Pagamento a fornecedor,-10978.2
2026-10-21,Entrada,Recebimento de vendas,7507.04,Recebimento de venda,7507.04
2026-10-21,Saida,Compra de estoque,45761.76,Pagamento a fornecedor,-45761.76
2026-10-22,Saida,Compra de estoque,25504.092000000004,Pagamento a fornecedor,-25504.092000000004
2026-10-22,Entrada,Recebimento de vendas,9168.119999999999,Recebimento de venda,9168.119999999999
2026-10-23,Saida,Compra de estoque,9961.272,Pagamento a fornecedor,-9961.272
2026-10-23,Entrada,Recebimento de vendas,12015.91,Recebimento de venda,12015.91
2026-10-24,Saida,Compra de estoque,30935.412,Pagamento a fornecedor,-30935.412
2026-10-24,Entrada,Recebimento de vendas,24337.35,Recebimento de venda,24337.35
2026-10-25,Entrada,Recebimento de vendas,16456.49,Recebimento de venda,16456.49
2026-10-25,Saida,Compra de estoque,40758.012,Pagamento a fornecedor,-40758.012
2026-10-26,Saida,Compra de estoque,15623.712000000001,Pagamento a fornecedor,-15623.712000000001
2026-10-26,Entrada,Recebimento de vendas,3114.72,Recebimento de venda,3114.72
2026-10-27,Saida,Compra de estoque,25631.208,Pagamento a fornecedor,-25631.208
2026-10-27,Entrada,Recebimento de vendas,17074.2,Recebimento de venda,17074.2
2026-10-28,Entrada,Recebimento de vendas,44657.99,Recebimento de venda,44657.99
2026-10-28,Saida,Compra de estoque,24776.064000000002,Pagamento a fornecedor,-24776.064000000002
2026-10-29,Entrada,Recebimento de vendas,49876.29,Recebimento de venda,49876.29
2026-10-29,Saida,Compra de estoque,20465.676000000003,Pagamento a fornecedor,-20465.676000000003
2026-10-30,Saida,Compra de estoque,11579.112000000001,Pagamento a fornecedor,-11579.112000000001
2026-10-30,Entrada,Recebimento de vendas,10587.38,Recebimento de venda,10587.38
2026-10-31,Entrada,Recebimento de vendas,17300.0,Recebimento de venda,17300.0
2026-11-01,Entrada,Recebimento de vendas,2577.4,Recebimento de venda,2577.4
2026-11-02,Entrada,Recebimento de vendas,6273.74,Recebimento de venda,6273.74
2026-11-03,Entrada,Recebimento de vendas,9577.98,Recebimento de venda,9577.98
2026-11-04,Entrada,Recebimento de vendas,2257.2,Recebimento de venda,2257.2
2026-11-05,Entrada,Recebimento de vendas,35344.5,Recebimento de venda,35344.5
2026-11-06,Entrada,Recebimento de vendas,13137.6,Recebimento de venda,13137.6
2026-11-07,Entrada,Recebimento de vendas,8720.78,Recebimento de venda,8720.78
2026-11-08,Entrada,Recebimento de vendas,43884.490000000005,Recebimento de venda,43884.490000000005
2026-11-09,Entrada,Recebimento de vendas,6130.08,Recebimento de venda,6130.08
2026-11-10,Entrada,Recebimento de vendas,21605.08,Recebimento de venda,21605.08
2026-11-11,Entrada,Recebimento de vendas,23306.76,Recebimento de venda,23306.76
2026-11-12,Entrada,Recebimento de vendas,15583.05,Recebimento de venda,15583.05
2026-11-13,Entrada,Recebimento de vendas,19242.04,Recebimento de venda,19242.04
2026-11-14,Entrada,Recebimento de vendas,3686.5,Recebimento de venda,3686.5
2026-11-15,Entrada,Recebimento de vendas,16992.65,Recebimento de venda,16992.65
2026-11-17,Entrada,Recebimento de vendas,17736.25,Recebimento de venda,17736.25
2026-11-20,Entrada,Recebimento de vendas,17547.84,Recebimento de venda,17547.84
2026-11-21,Entrada,Recebimento de vendas,2994.3,Recebimento de venda,2994.3
2026-11-22,Entrada,Recebimento de vendas,1088.25,Recebimento de venda,1088.25
2026-11-24,Entrada,Recebimento de vendas,10733.21,Recebimento de venda,10733.21
2026-11-25,Entrada,Recebimento de vendas,8824.98,Recebimento de venda,8824.98
2026-11-28,Entrada,Recebimento de vendas,3205.44,Recebimento de venda,3205.44
2026-11-29,Entrada,Recebimento de vendas,8592.48,Recebimento de venda,8592.48
