venda_id,data,produto_id,linha,categoria,vendedor_id,quantidade,preco_unitario,custo_mercadoria,receita_bruta,prazo_recebimento_dias,margem_contribuicao
VND000001,2024-01-01,P006,Moveis Domesticos,Estofados,V001,3,980.0,1560.0,3175.2,0,1615.1999999999998
VND000002,2024-01-01,P014,Servicos sob Demanda,Projetos,V005,2,4784.0,4200.0,10524.8,45,6324.799999999999
VND000003,2024-01-01,P013,Moveis Comerciais,Mesas,V004,1,3783.0,2200.0,3404.7,0,1204.6999999999998
VND000004,2024-01-01,P011,Moveis Comerciais,Atendimento,V001,3,3104.0,5550.0,10056.96,0,4506.959999999999
VND000005,2024-01-01,P002,Moveis Domesticos,Mesas,V008,1,2134.0,1250.0,2176.68,45,926.6799999999998
VND000006,2024-01-01,P011,Moveis Comerciais,Atendimento,V004,2,3200.0,3700.0,5760.0,7,2060.0
VND000007,2024-01-01,P011,Moveis Comerciais,Atendimento,V007,1,3200.0,1850.0,3392.0,45,1542.0
VND000008,2024-01-01,P010,Moveis Comerciais,Armazenagem,V001,3,2450.0,4200.0,7938.0,0,3738.0
VND000009,2024-01-01,P010,Moveis Comerciais,Armazenagem,V005,2,2376.5,2800.0,5228.3,30,2428.3
VND000010,2024-01-02,P006,Moveis Domesticos,Estofados,V005,1,980.0,520.0,1078.0,7,558.0
VND000011,2024-01-02,P005,Moveis Domesticos,Sala,V004,3,1250.0,2160.0,3375.0,0,1215.0
VND000012,2024-01-02,P001,Moveis Domesticos,Estofados,V007,1,1757.5,1100.0,1862.95,15,762.95
VND000013,2024-01-03,P010,Moveis Comerciais,Armazenagem,V003,1,2450.0,1400.0,2523.5,60,1123.5
VND000014,2024-01-03,P011,Moveis Comerciais,Atendimento,V008,2,3040.0,3700.0,6201.6,15,2501.6000000000004
VND000015,2024-01-03,P004,Moveis Domesticos,Dormitorio,V002,1,2852.0,1850.0,2709.4,7,859.4000000000001
VND000016,2024-01-03,P005,Moveis Domesticos,Sala,V004,1,1187.5,720.0,1068.75,45,348.75
VND000017,2024-01-03,P011,Moveis Comerciais,Atendimento,V006,2,3104.0,3700.0,6021.76,15,2321.76
VND000018,2024-01-03,P001,Moveis Domesticos,Estofados,V001,1,1850.0,1100.0,1998.0,0,898.0
VND000019,2024-01-04,P018,Servicos sob Demanda,Projetos,V006,2,6596.0,5200.0,12796.24,60,7596.24
VND000020,2024-01-04,P009,Moveis Comerciais,Mesas,V004,1,1750.0,980.0,1575.0,30,595.0
VND000021,2024-01-04,P007,Moveis Domesticos,Escritorio,V001,1,1282.5,760.0,1385.1,0,625.0999999999999
VND000022,2024-01-04,P009,Moveis Comerciais,Mesas,V008,1,1697.5,980.0,1731.45,7,751.45
VND000023,2024-01-04,P010,Moveis Comerciais,Armazenagem,V008,2,2254.0,2800.0,4598.16,0,1798.1599999999999
VND000024,2024-01-04,P009,Moveis Comerciais,Mesas,V002,3,1610.0,2940.0,4588.5,7,1648.5
VND000025,2024-01-05,P018,Servicos sob Demanda,Projetos,V003,5,6460.0,13000.0,33269.0,15,20269.0
VND000026,2024-01-05,P002,Moveis Domesticos,Mesas,V006,1,2024.0,1250.0,1963.28,7,713.28
VND000027,2024-01-05,P002,Moveis Domesticos,Mesas,V003,1,2200.0,1250.0,2266.0,45,1016.0
VND000028,2024-01-05,P003,Moveis Domesticos,Dormitorio,V005,3,2600.0,4500.0,8580.0,0,4080.0
VND000029,2024-01-05,P004,Moveis Domesticos,Dormitorio,V008,1,3007.0,1850.0,3067.14,30,1217.1399999999999
VND000030,2024-01-06,P017,Servicos sob Demanda,Consultoria,V001,1,2716.0,900.0,2933.28,30,2033.2800000000002
VND000031,2024-01-06,P017,Servicos sob Demanda,Consultoria,V002,2,2716.0,1800.0,5160.4,0,3360.3999999999996
VND000032,2024-01-06,P002,Moveis Domesticos,Mesas,V006,4,2134.0,5000.0,8279.92,45,3279.92
VND000033,2024-01-06,P001,Moveis Domesticos,Estofados,V003,1,1757.5,1100.0,1810.22,7,710.22
VND000034,2024-01-06,P008,Moveis Comerciais,Cadeiras,V007,3,1150.0,1920.0,3657.0,15,1737.0
VND000035,2024-01-06,P010,Moveis Comerciais,Armazenagem,V008,2,2450.0,2800.0,4998.0,45,2198.0
VND000036,2024-01-06,P002,Moveis Domesticos,Mesas,V006,1,2134.0,1250.0,2069.98,0,819.98
VND000037,2024-01-07,P002,Moveis Domesticos,Mesas,V002,1,2200.0,1250.0,2090.0,0,840.0
VND000038,2024-01-07,P009,Moveis Comerciais,Mesas,V002,2,1697.5,1960.0,3225.25,45,1265.25
VND000039,2024-01-07,P015,Servicos sob Demanda,Projetos,V008,1,8500.0,3500.0,8670.0,7,5170.0
VND000040,2024-01-07,P009,Moveis Comerciais,Mesas,V002,1,1750.0,980.0,1662.5,30,682.5
VND000041,2024-01-07,P002,Moveis Domesticos,Mesas,V006,1,2024.0,1250.0,1963.28,45,713.28
VND000042,2024-01-07,P016,Servicos sob Demanda,Projetos,V001,5,12125.0,26000.0,65475.0,30,39475.0
VND000043,2024-01-08,P004,Moveis Domesticos,Dormitorio,V004,1,3100.0,1850.0,2790.0,30,940.0
VND000044,2024-01-08,P005,Moveis Domesticos,Sala,V004,3,1212.5,2160.0,3273.75,45,1113.75
VND000045,2024-01-08,P010,Moveis Comerciais,Armazenagem,V001,3,2327.5,4200.0,7541.1,30,3341.1000000000004
VND000046,2024-01-08,P015,Servicos sob Demanda,Projetos,V002,1,8245.0,3500.0,7832.75,0,4332.75
VND000047,2024-01-08,P012,Moveis Comerciais,Estacoes,V006,1,4416.0,2850.0,4283.52,60,1433.5200000000004
VND000048,2024-01-08,P013,Moveis Comerciais,Mesas,V002,4,3783.0,8800.0,14375.4,0,5575.4
VND000049,2024-01-08,P009,Moveis Comerciais,Mesas,V001,1,1697.5,980.0,1833.3,15,853.3
VND000050,2024-01-09,P010,Moveis Comerciais,Armazenagem,V005,2,2450.0,2800.0,5390.0,45,2590.0
VND000051,2024-01-09,P013,Moveis Comerciais,Mesas,V003,1,3900.0,2200.0,4017.0,0,1817.0
VND000052,2024-01-09,P017,Servicos sob Demanda,Consultoria,V002,1,2660.0,900.0,2527.0,30,1627.0
VND000053,2024-01-09,P017,Servicos sob Demanda,Consultoria,V001,2,2576.0,1800.0,5564.16,60,3764.16
VND000054,2024-01-09,P002,Moveis Domesticos,Mesas,V006,2,2134.0,2500.0,4139.96,30,1639.96
VND000055,2024-01-09,P001,Moveis Domesticos,Estofados,V003,2,1794.5,2200.0,3696.67,15,1496.67
VND000056,2024-01-09,P016,Servicos sob Demanda,Projetos,V004,1,11500.0,5200.0,10350.0,45,5150.0
VND000057,2024-01-09,P005,Moveis Domesticos,Sala,V001,1,1150.0,720.0,1242.0,30,522.0
VND000058,2024-01-10,P002,Moveis Domesticos,Mesas,V006,1,2024.0,1250.0,1963.28,30,713.28
VND000059,2024-01-10,P001,Moveis Domesticos,Estofados,V007,1,1850.0,1100.0,1961.0,45,861.0
VND000060,2024-01-10,P004,Moveis Domesticos,Dormitorio,V005,1,2945.0,1850.0,3239.5,60,1389.5
VND000061,2024-01-11,P008,Moveis Comerciais,Cadeiras,V001,3,1092.5,1920.0,3539.7,7,1619.6999999999998
VND000062,2024-01-11,P011,Moveis Comerciais,Atendimento,V002,2,3104.0,3700.0,5897.6,0,2197.6000000000004
VND000063,2024-01-11,P015,Servicos sob Demanda,Projetos,V007,1,8500.0,3500.0,9010.0,60,5510.0
VND000064,2024-01-11,P007,Moveis Domesticos,Escritorio,V002,3,1242.0,2280.0,3539.7,15,1259.6999999999998
VND000065,2024-01-11,P009,Moveis Comerciais,Mesas,V006,3,1697.5,2940.0,4939.72,15,1999.7200000000003
VND000066,2024-01-12,P009,Moveis Comerciais,Mesas,V004,2,1750.0,1960.0,3150.0,30,1190.0
VND000067,2024-01-12,P005,Moveis Domesticos,Sala,V004,1,1250.0,720.0,1125.0,7,405.0
VND000068,2024-01-12,P009,Moveis Comerciais,Mesas,V004,3,1750.0,2940.0,4725.0,45,1785.0
VND000069,2024-01-12,P009,Moveis Comerciais,Mesas,V007,2,1697.5,1960.0,3598.7,45,1638.6999999999998
VND000070,2024-01-13,P014,Servicos sob Demanda,Projetos,V006,1,5200.0,2100.0,5044.0,15,2944.0
VND000071,2024-01-13,P003,Moveis Domesticos,Dormitorio,V006,2,2470.0,3000.0,4791.8,15,1791.8000000000002
VND000072,2024-01-13,P002,Moveis Domesticos,Mesas,V007,1,2200.0,1250.0,2332.0,60,1082.0
VND000073,2024-01-13,P018,Servicos sob Demanda,Projetos,V007,2,6460.0,5200.0,13695.2,30,8495.2
VND000074,2024-01-13,P001,Moveis Domesticos,Estofados,V004,1,1794.5,1100.0,1615.05,0,515.05
VND000075,2024-01-13,P003,Moveis Domesticos,Dormitorio,V007,5,2600.0,7500.0,13780.0,0,6280.0
VND000076,2024-01-13,P012,Moveis Comerciais,Estacoes,V004,1,4800.0,2850.0,4320.0,0,1470.0
VND000077,2024-01-13,P016,Servicos sob Demanda,Projetos,V002,1,12500.0,5200.0,11875.0,15,6675.0
VND000078,2024-01-14,P006,Moveis Domesticos,Estofados,V003,1,931.0,520.0,958.93,15,438.92999999999995
VND000079,2024-01-14,P013,Moveis Comerciais,Mesas,V005,4,3900.0,8800.0,17160.0,30,8360.0
VND000080,2024-01-14,P002,Moveis Domesticos,Mesas,V004,3,2200.0,3750.0,5940.0,0,2190.0
VND000081,2024-01-14,P001,Moveis Domesticos,Estofados,V005,2,1794.5,2200.0,3947.9,7,1747.9
VND000082,2024-01-14,P011,Moveis Comerciais,Atendimento,V001,3,3040.0,5550.0,9849.6,60,4299.6
VND000083,2024-01-14,P011,Moveis Comerciais,Atendimento,V007,3,3040.0,5550.0,9667.2,30,4117.200000000001
VND000084,2024-01-14,P010,Moveis Comerciais,Armazenagem,V004,3,2327.5,4200.0,6284.25,15,2084.25
VND000085,2024-01-14,P002,Moveis Domesticos,Mesas,V008,1,2090.0,1250.0,2131.8,60,881.8000000000002
VND000086,2024-01-14,P007,Moveis Domesticos,Escritorio,V004,3,1309.5,2280.0,3535.65,45,1255.65
VND000087,2024-01-15,P002,Moveis Domesticos,Mesas,V008,5,2200.0,6250.0,11220.0,30,4970.0
VND000088,2024-01-15,P015,Servicos sob Demanda,Projetos,V002,1,8245.0,3500.0,7832.75,30,4332.75
VND000089,2024-01-15,P001,Moveis Domesticos,Estofados,V005,3,1757.5,3300.0,5799.75,45,2499.75
VND000090,2024-01-15,P005,Moveis Domesticos,Sala,V003,2,1187.5,1440.0,2446.25,0,1006.25
VND000091,2024-01-16,P009,Moveis Comerciais,Mesas,V002,3,1610.0,2940.0,4588.5,0,1648.5
VND000092,2024-01-16,P006,Moveis Domesticos,Estofados,V004,1,980.0,520.0,882.0,0,362.0
VND000093,2024-01-16,P007,Moveis Domesticos,Escritorio,V008,1,1350.0,760.0,1377.0,45,617.0
VND000094,2024-01-16,P008,Moveis Comerciais,Cadeiras,V008,2,1150.0,1280.0,2346.0,60,1066.0
VND000095,2024-01-16,P008,Moveis Comerciais,Cadeiras,V003,3,1150.0,1920.0,3553.5,0,1633.5
VND000096,2024-01-16,P015,Servicos sob Demanda,Projetos,V003,1,8075.0,3500.0,8317.25,45,4817.25
VND000097,2024-01-16,P007,Moveis Domesticos,Escritorio,V002,5,1350.0,3800.0,6412.5,0,2612.5
VND000098,2024-01-17,P001,Moveis Domesticos,Estofados,V005,1,1794.5,1100.0,1973.95,30,873.95
VND000099,2024-01-17,P005,Moveis Domesticos,Sala,V006,1,1250.0,720.0,1212.5,0,492.5
VND000100,2024-01-17,P011,Moveis Comerciais,Atendimento,V004,1,3200.0,1850.0,2880.0,15,1030.0
VND000101,2024-01-17,P006,Moveis Domesticos,Estofados,V004,1,980.0,520.0,882.0,0,362.0
VND000102,2024-01-17,P008,Moveis Comerciais,Cadeiras,V007,1,1150.0,640.0,1219.0,45,579.0
VND000103,2024-01-17,P014,Servicos sob Demanda,Projetos,V008,1,5200.0,2100.0,5304.0,30,3204.0
VND000104,2024-01-18,P001,Moveis Domesticos,Estofados,V004,1,1702.0,1100.0,1531.8,0,431.79999999999995
VND000105,2024-01-18,P003,Moveis Domesticos,Dormitorio,V006,1,2600.0,1500.0,2522.0,7,1022.0
VND000106,2024-01-18,P009,Moveis Comerciais,Mesas,V005,2,1662.5,1960.0,3657.5,30,1697.5
VND000107,2024-01-18,P003,Moveis Domesticos,Dormitorio,V005,2,2392.0,3000.0,5262.4,30,2262.3999999999996
VND000108,2024-01-18,P018,Servicos sob Demanda,Projetos,V004,2,6460.0,5200.0,11628.0,30,6428.0
VND000109,2024-01-18,P003,Moveis Domesticos,Dormitorio,V007,1,2600.0,1500.0,2756.0,15,1256.0
VND000110,2024-01-19,P015,Servicos sob Demanda,Projetos,V001,1,8500.0,3500.0,9180.0,30,5680.0
VND000111,2024-01-19,P003,Moveis Domesticos,Dormitorio,V005,2,2600.0,3000.0,5720.0,30,2720.0
VND000112,2024-01-19,P002,Moveis Domesticos,Mesas,V008,4,2200.0,5000.0,8976.0,30,3976.0
VND000113,2024-01-19,P005,Moveis Domesticos,Sala,V002,2,1212.5,1440.0,2303.75,45,863.75
VND000114,2024-01-19,P004,Moveis Domesticos,Dormitorio,V002,2,3007.0,3700.0,5713.3,30,2013.3000000000002
VND000115,2024-01-20,P008,Moveis Comerciais,Cadeiras,V006,1,1092.5,640.0,1059.72,30,419.72
VND000116,2024-01-20,P002,Moveis Domesticos,Mesas,V004,1,2200.0,1250.0,1980.0,45,730.0
VND000117,2024-01-20,P016,Servicos sob Demanda,Projetos,V008,1,12125.0,5200.0,12367.5,45,7167.5
VND000118,2024-01-20,P006,Moveis Domesticos,Estofados,V006,3,950.6,1560.0,2766.25,0,1206.25
VND000119,2024-01-20,P016,Servicos sob Demanda,Projetos,V004,2,12500.0,10400.0,22500.0,0,12100.0
VND000120,2024-01-20,P018,Servicos sob Demanda,Projetos,V006,3,6800.0,7800.0,19788.0,30,11988.0
VND000121,2024-01-21,P003,Moveis Domesticos,Dormitorio,V002,2,2600.0,3000.0,4940.0,45,1940.0
VND000122,2024-01-21,P015,Servicos sob Demanda,Projetos,V001,1,8500.0,3500.0,9180.0,30,5680.0
VND000123,2024-01-21,P007,Moveis Domesticos,Escritorio,V001,1,1309.5,760.0,1414.26,30,654.26
VND000124,2024-01-21,P008,Moveis Comerciais,Cadeiras,V008,1,1150.0,640.0,1173.0,7,533.0
VND000125,2024-01-21,P013,Moveis Comerciais,Mesas,V008,5,3900.0,11000.0,19890.0,30,8890.0
VND000126,2024-01-21,P002,Moveis Domesticos,Mesas,V003,3,2200.0,3750.0,6798.0,0,3048.0
VND000127,2024-01-21,P015,Servicos sob Demanda,Projetos,V007,2,8500.0,7000.0,18020.0,45,11020.0
VND000128,2024-01-21,P013,Moveis Comerciais,Mesas,V004,1,3588.0,2200.0,3229.2,0,1029.1999999999998
VND000129,2024-01-22,P004,Moveis Domesticos,Dormitorio,V006,3,3007.0,5550.0,8750.37,7,3200.370000000001
VND000130,2024-01-22,P002,Moveis Domesticos,Mesas,V002,4,2134.0,5000.0,8109.2,30,3109.2
VND000131,2024-01-22,P007,Moveis Domesticos,Escritorio,V002,1,1350.0,760.0,1282.5,15,522.5
VND000132,2024-01-22,P017,Servicos sob Demanda,Consultoria,V008,1,2716.0,900.0,2770.32,7,1870.3200000000002
VND000133,2024-01-22,P004,Moveis Domesticos,Dormitorio,V002,1,3100.0,1850.0,2945.0,15,1095.0
VND000134,2024-01-22,P009,Moveis Comerciais,Mesas,V008,1,1697.5,980.0,1731.45,0,751.45
VND000135,2024-01-23,P005,Moveis Domesticos,Sala,V005,4,1150.0,2880.0,5060.0,30,2180.0
VND000136,2024-01-23,P001,Moveis Domesticos,Estofados,V004,2,1794.5,2200.0,3230.1,0,1030.1
VND000137,2024-01-23,P002,Moveis Domesticos,Mesas,V006,3,2090.0,3750.0,6081.9,30,2331.8999999999996
VND000138,2024-01-23,P009,Moveis Comerciais,Mesas,V004,2,1750.0,1960.0,3150.0,30,1190.0
VND000139,2024-01-23,P015,Servicos sob Demanda,Projetos,V003,1,8500.0,3500.0,8755.0,30,5255.0
VND000140,2024-01-23,P018,Servicos sob Demanda,Projetos,V008,2,6256.0,5200.0,12762.24,15,7562.24
VND000141,2024-01-23,P012,Moveis Comerciais,Estacoes,V006,2,4656.0,5700.0,9032.64,15,3332.6399999999994
VND000142,2024-01-24,P010,Moveis Comerciais,Armazenagem,V008,2,2450.0,2800.0,4998.0,0,2198.0
VND000143,2024-01-24,P013,Moveis Comerciais,Mesas,V002,1,3783.0,2200.0,3593.85,7,1393.85
VND000144,2024-01-24,P002,Moveis Domesticos,Mesas,V002,1,2024.0,1250.0,1922.8,7,672.8
VND000145,2024-01-24,P008,Moveis Comerciais,Cadeiras,V001,3,1115.5,1920.0,3614.22,60,1694.2199999999998
VND000146,2024-01-24,P006,Moveis Domesticos,Estofados,V003,1,980.0,520.0,1009.4,45,489.4
VND000147,2024-01-25,P017,Servicos sob Demanda,Consultoria,V006,5,2716.0,4500.0,13172.6,30,8672.6
VND000148,2024-01-25,P005,Moveis Domesticos,Sala,V002,1,1250.0,720.0,1187.5,7,467.5
VND000149,2024-01-25,P014,Servicos sob Demanda,Projetos,V001,1,5200.0,2100.0,5616.0,45,3516.0
VND000150,2024-01-25,P014,Servicos sob Demanda,Projetos,V003,1,4940.0,2100.0,5088.2,0,2988.2
VND000151,2024-01-25,P006,Moveis Domesticos,Estofados,V001,1,980.0,520.0,1058.4,30,538.4000000000001
VND000152,2024-01-25,P017,Servicos sob Demanda,Consultoria,V004,1,2800.0,900.0,2520.0,45,1620.0
VND000153,2024-01-25,P004,Moveis Domesticos,Dormitorio,V005,2,2945.0,3700.0,6479.0,15,2779.0
VND000154,2024-01-25,P009,Moveis Comerciais,Mesas,V002,3,1610.0,2940.0,4588.5,30,1648.5
VND000155,2024-01-25,P002,Moveis Domesticos,Mesas,V002,3,2200.0,3750.0,6270.0,30,2520.0
VND000156,2024-01-25,P005,Moveis Domesticos,Sala,V001,4,1187.5,2880.0,5130.0,45,2250.0
VND000157,2024-01-26,P008,Moveis Comerciais,Cadeiras,V002,1,1150.0,640.0,1092.5,15,452.5
VND000158,2024-01-26,P013,Moveis Comerciais,Mesas,V001,1,3783.0,2200.0,4085.64,45,1885.6399999999999
VND000159,2024-01-26,P003,Moveis Domesticos,Dormitorio,V003,1,2470.0,1500.0,2544.1,30,1044.1
VND000160,2024-01-26,P014,Servicos sob Demanda,Projetos,V007,1,5200.0,2100.0,5512.0,30,3412.0
VND000161,2024-01-26,P004,Moveis Domesticos,Dormitorio,V004,3,3100.0,5550.0,8370.0,7,2820.0
VND000162,2024-01-27,P014,Servicos sob Demanda,Projetos,V002,2,5044.0,4200.0,9583.6,15,5383.6
VND000163,2024-01-27,P006,Moveis Domesticos,Estofados,V004,3,980.0,1560.0,2646.0,7,1086.0
VND000164,2024-01-27,P012,Moveis Comerciais,Estacoes,V006,3,4800.0,8550.0,13968.0,0,5418.0
VND000165,2024-01-27,P009,Moveis Comerciais,Mesas,V003,1,1750.0,980.0,1802.5,45,822.5
VND000166,2024-01-28,P001,Moveis Domesticos,Estofados,V007,1,1757.5,1100.0,1862.95,30,762.95
VND000167,2024-01-28,P003,Moveis Domesticos,Dormitorio,V004,2,2392.0,3000.0,4305.6,7,1305.6000000000004
VND000168,2024-01-28,P009,Moveis Comerciais,Mesas,V001,1,1697.5,980.0,1833.3,7,853.3
VND000169,2024-01-28,P002,Moveis Domesticos,Mesas,V005,1,2200.0,1250.0,2420.0,0,1170.0
VND000170,2024-01-28,P015,Servicos sob Demanda,Projetos,V002,1,8500.0,3500.0,8075.0,15,4575.0
VND000171,2024-01-28,P004,Moveis Domesticos,Dormitorio,V001,1,2945.0,1850.0,3180.6,0,1330.6
VND000172,2024-01-28,P002,Moveis Domesticos,Mesas,V008,1,2134.0,1250.0,2176.68,0,926.6799999999998
VND000173,2024-01-29,P013,Moveis Comerciais,Mesas,V003,1,3588.0,2200.0,3695.64,15,1495.6399999999999
VND000174,2024-01-29,P018,Servicos sob Demanda,Projetos,V004,1,6596.0,2600.0,5936.4,0,3336.3999999999996
VND000175,2024-01-29,P005,Moveis Domesticos,Sala,V007,1,1250.0,720.0,1325.0,30,605.0
VND000176,2024-01-29,P006,Moveis Domesticos,Estofados,V007,1,950.6,520.0,1007.64,60,487.64
VND000177,2024-01-29,P017,Servicos sob Demanda,Consultoria,V008,1,2716.0,900.0,2770.32,15,1870.3200000000002
VND000178,2024-01-29,P010,Moveis Comerciais,Armazenagem,V005,1,2450.0,1400.0,2695.0,15,1295.0
VND000179,2024-01-29,P002,Moveis Domesticos,Mesas,V008,1,2090.0,1250.0,2131.8,7,881.8000000000002
VND000180,2024-01-29,P009,Moveis Comerciais,Mesas,V004,1,1662.5,980.0,1496.25,60,516.25
VND000181,2024-01-29,P009,Moveis Comerciais,Mesas,V007,1,1610.0,980.0,1706.6,60,726.5999999999999
VND000182,2024-01-30,P010,Moveis Comerciais,Armazenagem,V004,1,2327.5,1400.0,2094.75,45,694.75
VND000183,2024-01-30,P008,Moveis Comerciais,Cadeiras,V008,1,1092.5,640.0,1114.35,45,474.3499999999999
VND000184,2024-01-31,P009,Moveis Comerciais,Mesas,V003,2,1662.5,1960.0,3424.75,15,1464.75
VND000185,2024-01-31,P009,Moveis Comerciais,Mesas,V002,3,1750.0,2940.0,4987.5,45,2047.5
VND000186,2024-01-31,P014,Servicos sob Demanda,Projetos,V001,1,4940.0,2100.0,5335.2,0,3235.2
VND000187,2024-01-31,P008,Moveis Comerciais,Cadeiras,V001,2,1115.5,1280.0,2409.48,30,1129.48
VND000188,2024-01-31,P001,Moveis Domesticos,Estofados,V004,2,1850.0,2200.0,3330.0,0,1130.0
VND000189,2024-01-31,P005,Moveis Domesticos,Sala,V002,1,1150.0,720.0,1092.5,45,372.5
VND000190,2024-01-31,P018,Servicos sob Demanda,Projetos,V004,1,6596.0,2600.0,5936.4,45,3336.3999999999996
VND000191,2024-01-31,P010,Moveis Comerciais,Armazenagem,V002,1,2450.0,1400.0,2327.5,60,927.5
VND000192,2024-01-31,P018,Servicos sob Demanda,Projetos,V005,1,6460.0,2600.0,7106.0,15,4506.0
VND000193,2024-01-31,P016,Servicos sob Demanda,Projetos,V007,1,11500.0,5200.0,12190.0,0,6990.0
VND000194,2024-02-01,P007,Moveis Domesticos,Escritorio,V007,1,1242.0,760.0,1316.52,15,556.52
VND000195,2024-02-01,P003,Moveis Domesticos,Dormitorio,V002,2,2470.0,3000.0,4693.0,45,1693.0
VND000196,2024-02-01,P018,Servicos sob Demanda,Projetos,V006,2,6460.0,5200.0,12532.4,30,7332.4
VND000197,2024-02-01,P008,Moveis Comerciais,Cadeiras,V003,4,1150.0,2560.0,4738.0,15,2178.0
VND000198,2024-02-01,P001,Moveis Domesticos,Estofados,V003,1,1757.5,1100.0,1810.22,15,710.22
VND000199,2024-02-01,P017,Servicos sob Demanda,Consultoria,V007,1,2800.0,900.0,2968.0,60,2068.0
VND000200,2024-02-02,P001,Moveis Domesticos,Estofados,V002,1,1794.5,1100.0,1704.78,60,604.78
VND000201,2024-02-02,P008,Moveis Comerciais,Cadeiras,V007,1,1092.5,640.0,1158.05,45,518.05
VND000202,2024-02-02,P017,Servicos sob Demanda,Consultoria,V005,1,2800.0,900.0,3080.0,15,2180.0
VND000203,2024-02-02,P017,Servicos sob Demanda,Consultoria,V005,2,2800.0,1800.0,6160.0,30,4360.0
VND000204,2024-02-02,P010,Moveis Comerciais,Armazenagem,V003,1,2327.5,1400.0,2397.33,0,997.3299999999999
VND000205,2024-02-02,P017,Servicos sob Demanda,Consultoria,V005,1,2800.0,900.0,3080.0,30,2180.0
VND000206,2024-02-03,P004,Moveis Domesticos,Dormitorio,V004,1,2852.0,1850.0,2566.8,15,716.8000000000002
VND000207,2024-02-03,P016,Servicos sob Demanda,Projetos,V006,1,11875.0,5200.0,11518.75,45,6318.75
VND000208,2024-02-03,P007,Moveis Domesticos,Escritorio,V006,3,1309.5,2280.0,3810.64,30,1530.6399999999999
VND000209,2024-02-03,P018,Servicos sob Demanda,Projetos,V003,1,6460.0,2600.0,6653.8,30,4053.8
VND000210,2024-02-03,P007,Moveis Domesticos,Escritorio,V005,1,1282.5,760.0,1410.75,0,650.75
VND000211,2024-02-03,P003,Moveis Domesticos,Dormitorio,V001,3,2600.0,4500.0,8424.0,0,3924.0
VND000212,2024-02-03,P003,Moveis Domesticos,Dormitorio,V008,1,2470.0,1500.0,2519.4,45,1019.4000000000001
VND000213,2024-02-04,P005,Moveis Domesticos,Sala,V007,1,1212.5,720.0,1285.25,0,565.25
VND000214,2024-02-04,P008,Moveis Comerciais,Cadeiras,V006,3,1092.5,1920.0,3179.18,7,1259.1799999999998
VND000215,2024-02-04,P006,Moveis Domesticos,Estofados,V003,1,950.6,520.0,979.12,7,459.12
VND000216,2024-02-04,P012,Moveis Comerciais,Estacoes,V004,1,4800.0,2850.0,4320.0,15,1470.0
VND000217,2024-02-04,P005,Moveis Domesticos,Sala,V001,1,1187.5,720.0,1282.5,15,562.5
VND000218,2024-02-05,P008,Moveis Comerciais,Cadeiras,V008,1,1115.5,640.0,1137.81,30,497.80999999999995
VND000219,2024-02-05,P014,Servicos sob Demanda,Projetos,V002,1,5200.0,2100.0,4940.0,45,2840.0
VND000220,2024-02-05,P018,Servicos sob Demanda,Projetos,V007,3,6800.0,7800.0,21624.0,30,13824.0
VND000221,2024-02-05,P017,Servicos sob Demanda,Consultoria,V002,1,2800.0,900.0,2660.0,0,1760.0
VND000222,2024-02-05,P001,Moveis Domesticos,Estofados,V002,3,1850.0,3300.0,5272.5,0,1972.5
VND000223,2024-02-05,P014,Servicos sob Demanda,Projetos,V008,2,5044.0,4200.0,10289.76,7,6089.76
VND000224,2024-02-05,P004,Moveis Domesticos,Dormitorio,V007,2,3100.0,3700.0,6572.0,7,2872.0
VND000225,2024-02-05,P013,Moveis Comerciais,Mesas,V005,3,3900.0,6600.0,12870.0,60,6270.0
VND000226,2024-02-05,P001,Moveis Domesticos,Estofados,V005,1,1794.5,1100.0,1973.95,45,873.95
VND000227,2024-02-06,P006,Moveis Domesticos,Estofados,V002,3,901.6,1560.0,2569.56,15,1009.56
VND000228,2024-02-06,P017,Servicos sob Demanda,Consultoria,V004,1,2660.0,900.0,2394.0,0,1494.0
VND000229,2024-02-06,P007,Moveis Domesticos,Escritorio,V004,1,1350.0,760.0,1215.0,7,455.0
VND000230,2024-02-06,P013,Moveis Comerciais,Mesas,V004,2,3900.0,4400.0,7020.0,7,2620.0
VND000231,2024-02-06,P002,Moveis Domesticos,Mesas,V006,2,2090.0,2500.0,4054.6,0,1554.6
VND000232,2024-02-07,P015,Servicos sob Demanda,Projetos,V004,1,8075.0,3500.0,7267.5,0,3767.5
VND000233,2024-02-07,P013,Moveis Comerciais,Mesas,V001,4,3705.0,8800.0,16005.6,30,7205.6
VND000234,2024-02-07,P005,Moveis Domesticos,Sala,V007,1,1250.0,720.0,1325.0,30,605.0
VND000235,2024-02-07,P008,Moveis Comerciais,Cadeiras,V007,2,1058.0,1280.0,2242.96,30,962.96
VND000236,2024-02-07,P010,Moveis Comerciais,Armazenagem,V002,1,2327.5,1400.0,2211.12,60,811.1199999999999
VND000237,2024-02-07,P011,Moveis Comerciais,Atendimento,V001,3,3104.0,5550.0,10056.96,0,4506.959999999999
VND000238,2024-02-07,P006,Moveis Domesticos,Estofados,V008,2,980.0,1040.0,1999.2,60,959.2
VND000239,2024-02-07,P015,Servicos sob Demanda,Projetos,V003,2,8245.0,7000.0,16984.7,45,9984.7
VND000240,2024-02-08,P005,Moveis Domesticos,Sala,V006,1,1250.0,720.0,1212.5,60,492.5
VND000241,2024-02-08,P001,Moveis Domesticos,Estofados,V002,1,1757.5,1100.0,1669.62,45,569.6199999999999
VND000242,2024-02-08,P003,Moveis Domesticos,Dormitorio,V006,2,2600.0,3000.0,5044.0,0,2044.0
VND000243,2024-02-08,P018,Servicos sob Demanda,Projetos,V001,3,6596.0,7800.0,21371.04,30,13571.04
VND000244,2024-02-08,P003,Moveis Domesticos,Dormitorio,V004,3,2600.0,4500.0,7020.0,60,2520.0
VND000245,2024-02-09,P002,Moveis Domesticos,Mesas,V001,1,2024.0,1250.0,2185.92,0,935.9200000000001
VND000246,2024-02-09,P014,Servicos sob Demanda,Projetos,V001,4,5044.0,8400.0,21790.08,30,13390.080000000002
VND000247,2024-02-09,P007,Moveis Domesticos,Escritorio,V004,1,1350.0,760.0,1215.0,7,455.0
VND000248,2024-02-09,P002,Moveis Domesticos,Mesas,V007,1,2200.0,1250.0,2332.0,30,1082.0
VND000249,2024-02-09,P015,Servicos sob Demanda,Projetos,V002,1,8075.0,3500.0,7671.25,7,4171.25
VND000250,2024-02-10,P011,Moveis Comerciais,Atendimento,V003,2,3200.0,3700.0,6592.0,15,2892.0
VND000251,2024-02-10,P001,Moveis Domesticos,Estofados,V007,1,1850.0,1100.0,1961.0,7,861.0
VND000252,2024-02-10,P014,Servicos sob Demanda,Projetos,V006,2,5044.0,4200.0,9785.36,30,5585.360000000001
VND000253,2024-02-10,P017,Servicos sob Demanda,Consultoria,V001,2,2660.0,1800.0,5745.6,30,3945.6000000000004
VND000254,2024-02-10,P008,Moveis Comerciais,Cadeiras,V001,2,1058.0,1280.0,2285.28,15,1005.2800000000002
VND000255,2024-02-10,P003,Moveis Domesticos,Dormitorio,V005,1,2600.0,1500.0,2860.0,15,1360.0
VND000256,2024-02-10,P013,Moveis Comerciais,Mesas,V001,1,3783.0,2200.0,4085.64,0,1885.6399999999999
VND000257,2024-02-10,P017,Servicos sob Demanda,Consultoria,V002,1,2716.0,900.0,2580.2,30,1680.1999999999998
VND000258,2024-02-10,P006,Moveis Domesticos,Estofados,V003,1,901.6,520.0,928.65,30,408.65
VND000259,2024-02-11,P010,Moveis Comerciais,Armazenagem,V006,2,2376.5,2800.0,4610.41,15,1810.4099999999999
VND000260,2024-02-11,P007,Moveis Domesticos,Escritorio,V007,4,1350.0,3040.0,5724.0,30,2684.0
VND000261,2024-02-11,P009,Moveis Comerciais,Mesas,V007,2,1662.5,1960.0,3524.5,15,1564.5
VND000262,2024-02-11,P002,Moveis Domesticos,Mesas,V003,1,2090.0,1250.0,2152.7,15,902.6999999999998
VND000263,2024-02-11,P004,Moveis Domesticos,Dormitorio,V001,2,3100.0,3700.0,6696.0,30,2996.0
VND000264,2024-02-11,P004,Moveis Domesticos,Dormitorio,V002,1,3100.0,1850.0,2945.0,30,1095.0
VND000265,2024-02-11,P001,Moveis Domesticos,Estofados,V002,1,1794.5,1100.0,1704.78,15,604.78
VND000266,2024-02-11,P001,Moveis Domesticos,Estofados,V004,2,1850.0,2200.0,3330.0,60,1130.0
VND000267,2024-02-11,P009,Moveis Comerciais,Mesas,V007,1,1750.0,980.0,1855.0,30,875.0
VND000268,2024-02-11,P009,Moveis Comerciais,Mesas,V006,2,1697.5,1960.0,3293.15,15,1333.15
VND000269,2024-02-12,P007,Moveis Domesticos,Escritorio,V007,4,1350.0,3040.0,5724.0,30,2684.0
VND000270,2024-02-12,P004,Moveis Domesticos,Dormitorio,V004,1,3100.0,1850.0,2790.0,15,940.0
VND000271,2024-02-12,P006,Moveis Domesticos,Estofados,V005,1,931.0,520.0,1024.1,7,504.0999999999999
VND000272,2024-02-12,P017,Servicos sob Demanda,Consultoria,V008,1,2576.0,900.0,2627.52,60,1727.52
VND000273,2024-02-13,P015,Servicos sob Demanda,Projetos,V005,2,8245.0,7000.0,18139.0,30,11139.0
VND000274,2024-02-13,P001,Moveis Domesticos,Estofados,V002,3,1850.0,3300.0,5272.5,60,1972.5
VND000275,2024-02-13,P012,Moveis Comerciais,Estacoes,V006,1,4800.0,2850.0,4656.0,60,1806.0
VND000276,2024-02-13,P012,Moveis Comerciais,Estacoes,V004,1,4560.0,2850.0,4104.0,15,1254.0
VND000277,2024-02-13,P015,Servicos sob Demanda,Projetos,V001,1,7820.0,3500.0,8445.6,30,4945.6
VND000278,2024-02-13,P018,Servicos sob Demanda,Projetos,V003,1,6800.0,2600.0,7004.0,30,4404.0
VND000279,2024-02-14,P015,Servicos sob Demanda,Projetos,V003,2,7820.0,7000.0,16109.2,0,9109.2
VND000280,2024-02-14,P015,Servicos sob Demanda,Projetos,V006,1,8500.0,3500.0,8245.0,30,4745.0
VND000281,2024-02-14,P001,Moveis Domesticos,Estofados,V006,1,1850.0,1100.0,1794.5,30,694.5
VND000282,2024-02-14,P004,Moveis Domesticos,Dormitorio,V004,1,3007.0,1850.0,2706.3,15,856.3000000000002
VND000283,2024-02-14,P010,Moveis Comerciais,Armazenagem,V004,1,2450.0,1400.0,2205.0,15,805.0
VND000284,2024-02-15,P008,Moveis Comerciais,Cadeiras,V002,1,1150.0,640.0,1092.5,45,452.5
VND000285,2024-02-15,P017,Servicos sob Demanda,Consultoria,V002,1,2716.0,900.0,2580.2,7,1680.1999999999998
VND000286,2024-02-15,P013,Moveis Comerciais,Mesas,V007,3,3900.0,6600.0,12402.0,30,5802.0
VND000287,2024-02-15,P002,Moveis Domesticos,Mesas,V001,2,2134.0,2500.0,4609.44,15,2109.4399999999996
VND000288,2024-02-15,P008,Moveis Comerciais,Cadeiras,V007,2,1150.0,1280.0,2438.0,60,1158.0
VND000289,2024-02-16,P008,Moveis Comerciais,Cadeiras,V007,2,1092.5,1280.0,2316.1,30,1036.1
VND000290,2024-02-16,P018,Servicos sob Demanda,Projetos,V004,1,6800.0,2600.0,6120.0,0,3520.0
VND000291,2024-02-16,P006,Moveis Domesticos,Estofados,V004,1,950.6,520.0,855.54,30,335.53999999999996
VND000292,2024-02-16,P004,Moveis Domesticos,Dormitorio,V002,1,2945.0,1850.0,2797.75,15,947.75
VND000293,2024-02-16,P006,Moveis Domesticos,Estofados,V004,2,901.6,1040.0,1622.88,0,582.8800000000001
VND000294,2024-02-16,P008,Moveis Comerciais,Cadeiras,V003,1,1150.0,640.0,1184.5,30,544.5
VND000295,2024-02-16,P002,Moveis Domesticos,Mesas,V001,6,2200.0,7500.0,14256.0,30,6756.0
VND000296,2024-02-17,P001,Moveis Domesticos,Estofados,V005,1,1850.0,1100.0,2035.0,7,935.0
VND000297,2024-02-17,P001,Moveis Domesticos,Estofados,V004,1,1850.0,1100.0,1665.0,15,565.0
VND000298,2024-02-17,P005,Moveis Domesticos,Sala,V004,1,1250.0,720.0,1125.0,7,405.0
VND000299,2024-02-17,P012,Moveis Comerciais,Estacoes,V001,4,4560.0,11400.0,19699.2,45,8299.2
VND000300,2024-02-18,P010,Moveis Comerciais,Armazenagem,V007,1,2327.5,1400.0,2467.15,45,1067.15
VND000301,2024-02-18,P009,Moveis Comerciais,Mesas,V008,1,1750.0,980.0,1785.0,0,805.0
VND000302,2024-02-18,P007,Moveis Domesticos,Escritorio,V004,1,1350.0,760.0,1215.0,45,455.0
VND000303,2024-02-18,P004,Moveis Domesticos,Dormitorio,V001,2,3007.0,3700.0,6495.12,7,2795.12
VND000304,2024-02-18,P008,Moveis Comerciais,Cadeiras,V004,1,1150.0,640.0,1035.0,30,395.0
VND000305,2024-02-18,P006,Moveis Domesticos,Estofados,V001,1,901.6,520.0,973.73,60,453.73
VND000306,2024-02-18,P014,Servicos sob Demanda,Projetos,V007,1,5044.0,2100.0,5346.64,0,3246.6400000000003
VND000307,2024-02-18,P014,Servicos sob Demanda,Projetos,V008,1,4784.0,2100.0,4879.68,30,2779.6800000000003
VND000308,2024-02-18,P011,Moveis Comerciais,Atendimento,V001,1,3104.0,1850.0,3352.32,45,1502.3200000000002
VND000309,2024-02-19,P017,Servicos sob Demanda,Consultoria,V001,1,2800.0,900.0,3024.0,30,2124.0
VND000310,2024-02-19,P007,Moveis Domesticos,Escritorio,V005,1,1350.0,760.0,1485.0,60,725.0
VND000311,2024-02-19,P007,Moveis Domesticos,Escritorio,V005,3,1350.0,2280.0,4455.0,60,2175.0
VND000312,2024-02-19,P005,Moveis Domesticos,Sala,V008,1,1250.0,720.0,1275.0,0,555.0
VND000313,2024-02-20,P010,Moveis Comerciais,Armazenagem,V007,1,2450.0,1400.0,2597.0,30,1197.0
VND000314,2024-02-20,P015,Servicos sob Demanda,Projetos,V008,1,8500.0,3500.0,8670.0,15,5170.0
VND000315,2024-02-20,P008,Moveis Comerciais,Cadeiras,V005,1,1150.0,640.0,1265.0,15,625.0
VND000316,2024-02-20,P003,Moveis Domesticos,Dormitorio,V003,1,2600.0,1500.0,2678.0,15,1178.0
VND000317,2024-02-21,P011,Moveis Comerciais,Atendimento,V001,2,3104.0,3700.0,6704.64,45,3004.6400000000003
VND000318,2024-02-21,P008,Moveis Comerciais,Cadeiras,V002,4,1092.5,2560.0,4151.5,45,1591.5
VND000319,2024-02-21,P001,Moveis Domesticos,Estofados,V007,1,1757.5,1100.0,1862.95,15,762.95
VND000320,2024-02-21,P003,Moveis Domesticos,Dormitorio,V006,2,2600.0,3000.0,5044.0,45,2044.0
VND000321,2024-02-21,P013,Moveis Comerciais,Mesas,V002,1,3900.0,2200.0,3705.0,30,1505.0
VND000322,2024-02-21,P009,Moveis Comerciais,Mesas,V008,1,1750.0,980.0,1785.0,30,805.0
VND000323,2024-02-21,P001,Moveis Domesticos,Estofados,V008,1,1757.5,1100.0,1792.65,45,692.6500000000001
VND000324,2024-02-21,P007,Moveis Domesticos,Escritorio,V008,1,1350.0,760.0,1377.0,30,617.0
VND000325,2024-02-21,P007,Moveis Domesticos,Escritorio,V001,3,1350.0,2280.0,4374.0,15,2094.0
VND000326,2024-02-22,P001,Moveis Domesticos,Estofados,V002,1,1850.0,1100.0,1757.5,60,657.5
VND000327,2024-02-22,P003,Moveis Domesticos,Dormitorio,V004,1,2522.0,1500.0,2269.8,30,769.8000000000002
VND000328,2024-02-22,P006,Moveis Domesticos,Estofados,V004,1,980.0,520.0,882.0,30,362.0
VND000329,2024-02-22,P015,Servicos sob Demanda,Projetos,V003,1,8500.0,3500.0,8755.0,0,5255.0
VND000330,2024-02-22,P012,Moveis Comerciais,Estacoes,V002,1,4800.0,2850.0,4560.0,45,1710.0
VND000331,2024-02-23,P015,Servicos sob Demanda,Projetos,V003,1,8500.0,3500.0,8755.0,15,5255.0
VND000332,2024-02-23,P008,Moveis Comerciais,Cadeiras,V007,1,1092.5,640.0,1158.05,0,518.05
VND000333,2024-02-23,P008,Moveis Comerciais,Cadeiras,V001,3,1150.0,1920.0,3726.0,30,1806.0
VND000334,2024-02-24,P015,Servicos sob Demanda,Projetos,V003,1,8245.0,3500.0,8492.35,45,4992.35
VND000335,2024-02-24,P004,Moveis Domesticos,Dormitorio,V001,1,3100.0,1850.0,3348.0,45,1498.0
VND000336,2024-02-24,P018,Servicos sob Demanda,Projetos,V001,1,6460.0,2600.0,6976.8,0,4376.8
VND000337,2024-02-24,P009,Moveis Comerciais,Mesas,V002,2,1697.5,1960.0,3225.25,7,1265.25
VND000338,2024-02-24,P003,Moveis Domesticos,Dormitorio,V008,1,2522.0,1500.0,2572.44,30,1072.44
VND000339,2024-02-25,P008,Moveis Comerciais,Cadeiras,V008,1,1150.0,640.0,1173.0,0,533.0
VND000340,2024-02-25,P017,Servicos sob Demanda,Consultoria,V005,1,2800.0,900.0,3080.0,45,2180.0
VND000341,2024-02-25,P002,Moveis Domesticos,Mesas,V007,2,2134.0,2500.0,4524.08,45,2024.08
VND000342,2024-02-25,P014,Servicos sob Demanda,Projetos,V006,2,5044.0,4200.0,9785.36,60,5585.360000000001
VND000343,2024-02-25,P009,Moveis Comerciais,Mesas,V004,2,1610.0,1960.0,2898.0,7,938.0
VND000344,2024-02-25,P008,Moveis Comerciais,Cadeiras,V002,2,1150.0,1280.0,2185.0,30,905.0
VND000345,2024-02-25,P009,Moveis Comerciais,Mesas,V001,4,1697.5,3920.0,7333.2,0,3413.2
VND000346,2024-02-25,P004,Moveis Domesticos,Dormitorio,V005,3,3007.0,5550.0,9923.1,7,4373.1
VND000347,2024-02-25,P012,Moveis Comerciais,Estacoes,V007,3,4800.0,8550.0,15264.0,30,6714.0
VND000348,2024-02-25,P008,Moveis Comerciais,Cadeiras,V007,1,1150.0,640.0,1219.0,0,579.0
VND000349,2024-02-25,P006,Moveis Domesticos,Estofados,V002,2,980.0,1040.0,1862.0,45,822.0
VND000350,2024-02-25,P006,Moveis Domesticos,Estofados,V003,2,950.6,1040.0,1958.24,60,918.24
VND000351,2024-02-26,P008,Moveis Comerciais,Cadeiras,V007,1,1115.5,640.0,1182.43,45,542.4300000000001
VND000352,2024-02-26,P004,Moveis Domesticos,Dormitorio,V008,1,2852.0,1850.0,2909.04,60,1059.04
VND000353,2024-02-26,P008,Moveis Comerciais,Cadeiras,V003,2,1150.0,1280.0,2369.0,7,1089.0
VND000354,2024-02-26,P014,Servicos sob Demanda,Projetos,V001,1,5200.0,2100.0,5616.0,30,3516.0
VND000355,2024-02-26,P003,Moveis Domesticos,Dormitorio,V007,1,2522.0,1500.0,2673.32,30,1173.3200000000002
VND000356,2024-02-26,P016,Servicos sob Demanda,Projetos,V003,1,11500.0,5200.0,11845.0,60,6645.0
VND000357,2024-02-26,P014,Servicos sob Demanda,Projetos,V001,3,5200.0,6300.0,16848.0,30,10548.0
VND000358,2024-02-27,P005,Moveis Domesticos,Sala,V008,1,1250.0,720.0,1275.0,60,555.0
VND000359,2024-02-27,P003,Moveis Domesticos,Dormitorio,V002,1,2522.0,1500.0,2395.9,30,895.9000000000001
VND000360,2024-02-27,P017,Servicos sob Demanda,Consultoria,V004,1,2800.0,900.0,2520.0,7,1620.0
VND000361,2024-02-27,P007,Moveis Domesticos,Escritorio,V005,1,1309.5,760.0,1440.45,30,680.45
VND000362,2024-02-27,P008,Moveis Comerciais,Cadeiras,V006,2,1150.0,1280.0,2231.0,30,951.0
VND000363,2024-02-28,P017,Servicos sob Demanda,Consultoria,V003,1,2660.0,900.0,2739.8,0,1839.8000000000002
VND000364,2024-02-28,P001,Moveis Domesticos,Estofados,V001,1,1850.0,1100.0,1998.0,15,898.0
VND000365,2024-02-28,P006,Moveis Domesticos,Estofados,V006,3,980.0,1560.0,2851.8,0,1291.8000000000002
VND000366,2024-02-28,P006,Moveis Domesticos,Estofados,V008,4,931.0,2080.0,3798.48,0,1718.48
VND000367,2024-02-28,P002,Moveis Domesticos,Mesas,V001,1,2134.0,1250.0,2304.72,45,1054.7199999999998
VND000368,2024-02-28,P014,Servicos sob Demanda,Projetos,V003,2,5044.0,4200.0,10390.64,0,6190.639999999999
VND000369,2024-02-28,P015,Servicos sob Demanda,Projetos,V008,4,7820.0,14000.0,31905.6,15,17905.6
VND000370,2024-02-28,P009,Moveis Comerciais,Mesas,V005,1,1750.0,980.0,1925.0,0,945.0
VND000371,2024-02-28,P008,Moveis Comerciais,Cadeiras,V005,3,1115.5,1920.0,3681.15,45,1761.15
VND000372,2024-02-29,P017,Servicos sob Demanda,Consultoria,V002,1,2800.0,900.0,2660.0,7,1760.0
VND000373,2024-02-29,P014,Servicos sob Demanda,Projetos,V002,1,5200.0,2100.0,4940.0,45,2840.0
VND000374,2024-02-29,P016,Servicos sob Demanda,Projetos,V004,1,12125.0,5200.0,10912.5,15,5712.5
VND000375,2024-02-29,P009,Moveis Comerciais,Mesas,V003,1,1697.5,980.0,1748.42,30,768.4200000000001
VND000376,2024-02-29,P007,Moveis Domesticos,Escritorio,V005,2,1282.5,1520.0,2821.5,45,1301.5
VND000377,2024-02-29,P002,Moveis Domesticos,Mesas,V003,1,2090.0,1250.0,2152.7,30,902.6999999999998
VND000378,2024-02-29,P004,Moveis Domesticos,Dormitorio,V002,2,2945.0,3700.0,5595.5,60,1895.5
VND000379,2024-02-29,P015,Servicos sob Demanda,Projetos,V005,1,8075.0,3500.0,8882.5,15,5382.5
VND000380,2024-02-29,P015,Servicos sob Demanda,Projetos,V001,2,8075.0,7000.0,17442.0,30,10442.0
VND000381,2024-02-29,P007,Moveis Domesticos,Escritorio,V005,1,1350.0,760.0,1485.0,60,725.0
VND000382,2024-02-29,P004,Moveis Domesticos,Dormitorio,V006,1,2945.0,1850.0,2856.65,7,1006.6500000000001
VND000383,2024-02-29,P008,Moveis Comerciais,Cadeiras,V005,1,1115.5,640.0,1227.05,45,587.05
VND000384,2024-02-29,P005,Moveis Domesticos,Sala,V005,1,1187.5,720.0,1306.25,45,586.25
VND000385,2024-02-29,P002,Moveis Domesticos,Mesas,V002,2,2200.0,2500.0,4180.0,15,1680.0
VND000386,2024-02-29,P004,Moveis Domesticos,Dormitorio,V005,1,3007.0,1850.0,3307.7,30,1457.6999999999998
VND000387,2024-03-01,P003,Moveis Domesticos,Dormitorio,V001,1,2600.0,1500.0,2808.0,45,1308.0
VND000388,2024-03-01,P001,Moveis Domesticos,Estofados,V006,5,1794.5,5500.0,8703.32,60,3203.3199999999997
VND000389,2024-03-01,P002,Moveis Domesticos,Mesas,V005,1,2024.0,1250.0,2226.4,30,976.4000000000001
VND000390,2024-03-01,P014,Servicos sob Demanda,Projetos,V004,1,4940.0,2100.0,4446.0,45,2346.0
VND000391,2024-03-01,P001,Moveis Domesticos,Estofados,V001,2,1794.5,2200.0,3876.12,0,1676.12
VND000392,2024-03-01,P002,Moveis Domesticos,Mesas,V003,1,2134.0,1250.0,2198.02,15,948.02
VND000393,2024-03-01,P003,Moveis Domesticos,Dormitorio,V006,4,2470.0,6000.0,9583.6,30,3583.6000000000004
VND000394,2024-03-02,P004,Moveis Domesticos,Dormitorio,V001,2,3100.0,3700.0,6696.0,0,2996.0
VND000395,2024-03-02,P015,Servicos sob Demanda,Projetos,V004,1,8500.0,3500.0,7650.0,7,4150.0
VND000396,2024-03-02,P009,Moveis Comerciais,Mesas,V005,2,1697.5,1960.0,3734.5,0,1774.5
VND000397,2024-03-02,P017,Servicos sob Demanda,Consultoria,V005,3,2660.0,2700.0,8778.0,7,6078.0
VND000398,2024-03-02,P007,Moveis Domesticos,Escritorio,V006,3,1309.5,2280.0,3810.64,7,1530.6399999999999
VND000399,2024-03-02,P006,Moveis Domesticos,Estofados,V004,1,931.0,520.0,837.9,15,317.9
VND000400,2024-03-02,P004,Moveis Domesticos,Dormitorio,V004,1,3007.0,1850.0,2706.3,7,856.3000000000002
VND000401,2024-03-02,P001,Moveis Domesticos,Estofados,V003,2,1850.0,2200.0,3811.0,15,1611.0
VND000402,2024-03-02,P012,Moveis Comerciais,Estacoes,V007,3,4656.0,8550.0,14806.08,15,6256.08
VND000403,2024-03-02,P008,Moveis Comerciais,Cadeiras,V007,1,1150.0,640.0,1219.0,15,579.0
VND000404,2024-03-02,P009,Moveis Comerciais,Mesas,V001,1,1697.5,980.0,1833.3,15,853.3
VND000405,2024-03-03,P003,Moveis Domesticos,Dormitorio,V005,1,2522.0,1500.0,2774.2,0,1274.1999999999998
VND000406,2024-03-03,P002,Moveis Domesticos,Mesas,V001,1,2134.0,1250.0,2304.72,7,1054.7199999999998
VND000407,2024-03-04,P002,Moveis Domesticos,Mesas,V004,4,2024.0,5000.0,7286.4,30,2286.3999999999996
VND000408,2024-03-04,P006,Moveis Domesticos,Estofados,V002,2,901.6,1040.0,1713.04,15,673.04
VND000409,2024-03-04,P010,Moveis Comerciais,Armazenagem,V004,1,2254.0,1400.0,2028.6,30,628.5999999999999
VND000410,2024-03-05,P001,Moveis Domesticos,Estofados,V005,2,1850.0,2200.0,4070.0,30,1870.0
VND000411,2024-03-05,P001,Moveis Domesticos,Estofados,V005,3,1794.5,3300.0,5921.85,7,2621.8500000000004
VND000412,2024-03-05,P009,Moveis Comerciais,Mesas,V005,3,1750.0,2940.0,5775.0,7,2835.0
VND000413,2024-03-05,P001,Moveis Domesticos,Estofados,V008,1,1757.5,1100.0,1792.65,7,692.6500000000001
VND000414,2024-03-05,P006,Moveis Domesticos,Estofados,V002,3,980.0,1560.0,2793.0,45,1233.0
VND000415,2024-03-05,P002,Moveis Domesticos,Mesas,V005,2,2200.0,2500.0,4840.0,7,2340.0
VND000416,2024-03-06,P009,Moveis Comerciais,Mesas,V001,1,1697.5,980.0,1833.3,30,853.3
VND000417,2024-03-06,P002,Moveis Domesticos,Mesas,V005,4,2090.0,5000.0,9196.0,30,4196.0
VND000418,2024-03-06,P004,Moveis Domesticos,Dormitorio,V008,1,3007.0,1850.0,3067.14,0,1217.1399999999999
VND000419,2024-03-06,P004,Moveis Domesticos,Dormitorio,V008,1,3007.0,1850.0,3067.14,30,1217.1399999999999
VND000420,2024-03-06,P013,Moveis Comerciais,Mesas,V002,2,3783.0,4400.0,7187.7,15,2787.7
VND000421,2024-03-06,P010,Moveis Comerciais,Armazenagem,V007,1,2254.0,1400.0,2389.24,45,989.2399999999998
VND000422,2024-03-06,P009,Moveis Comerciais,Mesas,V001,1,1750.0,980.0,1890.0,45,910.0
VND000423,2024-03-06,P009,Moveis Comerciais,Mesas,V007,1,1750.0,980.0,1855.0,7,875.0
VND000424,2024-03-07,P006,Moveis Domesticos,Estofados,V007,2,980.0,1040.0,2077.6,0,1037.6
VND000425,2024-03-07,P004,Moveis Domesticos,Dormitorio,V004,2,2945.0,3700.0,5301.0,7,1601.0
VND000426,2024-03-07,P004,Moveis Domesticos,Dormitorio,V001,3,3100.0,5550.0,10044.0,30,4494.0
VND000427,2024-03-07,P006,Moveis Domesticos,Estofados,V006,5,950.6,2600.0,4610.41,7,2010.4099999999999
VND000428,2024-03-07,P015,Servicos sob Demanda,Projetos,V008,1,8245.0,3500.0,8409.9,45,4909.9
VND000429,2024-03-07,P009,Moveis Comerciais,Mesas,V005,2,1750.0,1960.0,3850.0,30,1890.0
VND000430,2024-03-07,P007,Moveis Domesticos,Escritorio,V003,1,1350.0,760.0,1390.5,15,630.5
VND000431,2024-03-07,P006,Moveis Domesticos,Estofados,V001,1,931.0,520.0,1005.48,0,485.48
VND000432,2024-03-08,P010,Moveis Comerciais,Armazenagem,V004,2,2450.0,2800.0,4410.0,15,1610.0
VND000433,2024-03-08,P008,Moveis Comerciais,Cadeiras,V003,6,1150.0,3840.0,7107.0,7,3267.0
VND000434,2024-03-08,P003,Moveis Domesticos,Dormitorio,V004,1,2392.0,1500.0,2152.8,45,652.8000000000002
VND000435,2024-03-08,P010,Moveis Comerciais,Armazenagem,V001,2,2450.0,2800.0,5292.0,15,2492.0
VND000436,2024-03-08,P004,Moveis Domesticos,Dormitorio,V008,2,3007.0,3700.0,6134.28,0,2434.2799999999997
VND000437,2024-03-08,P010,Moveis Comerciais,Armazenagem,V008,1,2450.0,1400.0,2499.0,15,1099.0
VND000438,2024-03-08,P007,Moveis Domesticos,Escritorio,V003,1,1350.0,760.0,1390.5,30,630.5
VND000439,2024-03-08,P002,Moveis Domesticos,Mesas,V003,4,2200.0,5000.0,9064.0,45,4064.0
VND000440,2024-03-08,P014,Servicos sob Demanda,Projetos,V006,1,4940.0,2100.0,4791.8,15,2691.8
VND000441,2024-03-08,P005,Moveis Domesticos,Sala,V001,1,1150.0,720.0,1242.0,45,522.0
VND000442,2024-03-09,P009,Moveis Comerciais,Mesas,V001,1,1750.0,980.0,1890.0,15,910.0
VND000443,2024-03-09,P001,Moveis Domesticos,Estofados,V004,1,1702.0,1100.0,1531.8,60,431.79999999999995
VND000444,2024-03-09,P018,Servicos sob Demanda,Projetos,V003,1,6460.0,2600.0,6653.8,30,4053.8
VND000445,2024-03-09,P011,Moveis Comerciais,Atendimento,V005,1,3200.0,1850.0,3520.0,30,1670.0
VND000446,2024-03-09,P018,Servicos sob Demanda,Projetos,V001,4,6460.0,10400.0,27907.2,15,17507.2
VND000447,2024-03-10,P008,Moveis Comerciais,Cadeiras,V008,1,1150.0,640.0,1173.0,30,533.0
VND000448,2024-03-10,P015,Servicos sob Demanda,Projetos,V001,1,8500.0,3500.0,9180.0,0,5680.0
VND000449,2024-03-10,P001,Moveis Domesticos,Estofados,V005,3,1794.5,3300.0,5921.85,0,2621.8500000000004
VND000450,2024-03-11,P001,Moveis Domesticos,Estofados,V001,1,1850.0,1100.0,1998.0,15,898.0
VND000451,2024-03-11,P011,Moveis Comerciais,Atendimento,V003,2,3040.0,3700.0,6262.4,0,2562.3999999999996
VND000452,2024-03-11,P004,Moveis Domesticos,Dormitorio,V003,1,2945.0,1850.0,3033.35,45,1183.35
VND000453,2024-03-11,P011,Moveis Comerciais,Atendimento,V008,1,3040.0,1850.0,3100.8,0,1250.8000000000002
VND000454,2024-03-11,P010,Moveis Comerciais,Armazenagem,V006,1,2450.0,1400.0,2376.5,30,976.5
VND000455,2024-03-11,P002,Moveis Domesticos,Mesas,V004,1,2200.0,1250.0,1980.0,7,730.0
VND000456,2024-03-11,P005,Moveis Domesticos,Sala,V008,2,1150.0,1440.0,2346.0,7,906.0
VND000457,2024-03-12,P001,Moveis Domesticos,Estofados,V003,1,1850.0,1100.0,1905.5,0,805.5
VND000458,2024-03-12,P001,Moveis Domesticos,Estofados,V005,1,1794.5,1100.0,1973.95,15,873.95
VND000459,2024-03-12,P004,Moveis Domesticos,Dormitorio,V003,1,2945.0,1850.0,3033.35,0,1183.35
VND000460,2024-03-12,P018,Servicos sob Demanda,Projetos,V008,3,6460.0,7800.0,19767.6,15,11967.599999999999
VND000461,2024-03-12,P008,Moveis Comerciais,Cadeiras,V004,1,1115.5,640.0,1003.95,7,363.95000000000005
VND000462,2024-03-12,P002,Moveis Domesticos,Mesas,V001,1,2134.0,1250.0,2304.72,30,1054.7199999999998
VND000463,2024-03-12,P007,Moveis Domesticos,Escritorio,V004,1,1350.0,760.0,1215.0,30,455.0
VND000464,2024-03-12,P009,Moveis Comerciais,Mesas,V003,3,1697.5,2940.0,5245.28,15,2305.2799999999997
VND000465,2024-03-12,P001,Moveis Domesticos,Estofados,V001,2,1702.0,2200.0,3676.32,0,1476.3200000000002
VND000466,2024-03-13,P017,Servicos sob Demanda,Consultoria,V006,3,2800.0,2700.0,8148.0,30,5448.0
VND000467,2024-03-13,P002,Moveis Domesticos,Mesas,V003,1,2200.0,1250.0,2266.0,15,1016.0
VND000468,2024-03-13,P011,Moveis Comerciais,Atendimento,V001,3,3040.0,5550.0,9849.6,30,4299.6
VND000469,2024-03-14,P006,Moveis Domesticos,Estofados,V007,1,931.0,520.0,986.86,30,466.86
VND000470,2024-03-14,P005,Moveis Domesticos,Sala,V003,1,1250.0,720.0,1287.5,30,567.5
VND000471,2024-03-14,P010,Moveis Comerciais,Armazenagem,V005,3,2450.0,4200.0,8085.0,0,3885.0
VND000472,2024-03-14,P005,Moveis Domesticos,Sala,V001,1,1212.5,720.0,1309.5,15,589.5
VND000473,2024-03-15,P002,Moveis Domesticos,Mesas,V001,2,2090.0,2500.0,4514.4,30,2014.3999999999996
VND000474,2024-03-15,P007,Moveis Domesticos,Escritorio,V002,1,1242.0,760.0,1179.9,15,419.9000000000001
VND000475,2024-03-15,P017,Servicos sob Demanda,Consultoria,V005,3,2800.0,2700.0,9240.0,30,6540.0
VND000476,2024-03-15,P017,Servicos sob Demanda,Consultoria,V006,1,2800.0,900.0,2716.0,30,1816.0
VND000477,2024-03-15,P018,Servicos sob Demanda,Projetos,V007,1,6460.0,2600.0,6847.6,0,4247.6
VND000478,2024-03-15,P002,Moveis Domesticos,Mesas,V008,2,2090.0,2500.0,4263.6,30,1763.6000000000004
VND000479,2024-03-15,P016,Servicos sob Demanda,Projetos,V006,3,12125.0,15600.0,35283.75,30,19683.75
VND000480,2024-03-15,P002,Moveis Domesticos,Mesas,V001,1,2200.0,1250.0,2376.0,7,1126.0
VND000481,2024-03-15,P009,Moveis Comerciais,Mesas,V003,1,1662.5,980.0,1712.38,15,732.3800000000001
VND000482,2024-03-16,P009,Moveis Comerciais,Mesas,V007,2,1697.5,1960.0,3598.7,15,1638.6999999999998
VND000483,2024-03-16,P005,Moveis Domesticos,Sala,V003,1,1212.5,720.0,1248.88,0,528.8800000000001
VND000484,2024-03-16,P001,Moveis Domesticos,Estofados,V003,2,1794.5,2200.0,3696.67,45,1496.67
VND000485,2024-03-16,P005,Moveis Domesticos,Sala,V002,3,1250.0,2160.0,3562.5,45,1402.5
VND000486,2024-03-16,P017,Servicos sob Demanda,Consultoria,V008,1,2660.0,900.0,2713.2,15,1813.1999999999998
VND000487,2024-03-16,P013,Moveis Comerciais,Mesas,V006,1,3900.0,2200.0,3783.0,45,1583.0
VND000488,2024-03-16,P009,Moveis Comerciais,Mesas,V007,1,1610.0,980.0,1706.6,15,726.5999999999999
VND000489,2024-03-16,P007,Moveis Domesticos,Escritorio,V007,2,1350.0,1520.0,2862.0,60,1342.0
VND000490,2024-03-17,P015,Servicos sob Demanda,Projetos,V007,1,8075.0,3500.0,8559.5,30,5059.5
VND000491,2024-03-17,P012,Moveis Comerciais,Estacoes,V004,2,4656.0,5700.0,8380.8,30,2680.7999999999993
VND000492,2024-03-17,P011,Moveis Comerciais,Atendimento,V001,3,3200.0,5550.0,10368.0,60,4818.0
VND000493,2024-03-17,P011,Moveis Comerciais,Atendimento,V007,5,3104.0,9250.0,16451.2,30,7201.200000000001
VND000494,2024-03-17,P015,Servicos sob Demanda,Projetos,V007,1,8500.0,3500.0,9010.0,30,5510.0
VND000495,2024-03-17,P007,Moveis Domesticos,Escritorio,V004,1,1350.0,760.0,1215.0,15,455.0
VND000496,2024-03-17,P001,Moveis Domesticos,Estofados,V007,1,1794.5,1100.0,1902.17,0,802.1700000000001
VND000497,2024-03-17,P011,Moveis Comerciais,Atendimento,V007,1,3104.0,1850.0,3290.24,15,1440.2399999999998
VND000498,2024-03-17,P015,Servicos sob Demanda,Projetos,V002,2,8500.0,7000.0,16150.0,15,9150.0
VND000499,2024-03-17,P008,Moveis Comerciais,Cadeiras,V004,1,1092.5,640.0,983.25,30,343.25
VND000500,2024-03-17,P005,Moveis Domesticos,Sala,V007,1,1187.5,720.0,1258.75,15,538.75
VND000501,2024-03-17,P017,Servicos sob Demanda,Consultoria,V008,3,2576.0,2700.0,7882.56,60,5182.56
VND000502,2024-03-17,P014,Servicos sob Demanda,Projetos,V002,3,4940.0,6300.0,14079.0,0,7779.0
VND000503,2024-03-18,P013,Moveis Comerciais,Mesas,V008,3,3705.0,6600.0,11337.3,15,4737.299999999999
VND000504,2024-03-18,P013,Moveis Comerciais,Mesas,V004,2,3705.0,4400.0,6669.0,0,2269.0
VND000505,2024-03-18,P001,Moveis Domesticos,Estofados,V001,5,1850.0,5500.0,9990.0,7,4490.0
VND000506,2024-03-18,P017,Servicos sob Demanda,Consultoria,V005,1,2800.0,900.0,3080.0,7,2180.0
VND000507,2024-03-18,P003,Moveis Domesticos,Dormitorio,V005,1,2600.0,1500.0,2860.0,45,1360.0
VND000508,2024-03-18,P009,Moveis Comerciais,Mesas,V005,2,1750.0,1960.0,3850.0,60,1890.0
VND000509,2024-03-18,P009,Moveis Comerciais,Mesas,V004,1,1662.5,980.0,1496.25,30,516.25
VND000510,2024-03-19,P014,Servicos sob Demanda,Projetos,V006,1,4940.0,2100.0,4791.8,30,2691.8
VND000511,2024-03-19,P004,Moveis Domesticos,Dormitorio,V006,1,2945.0,1850.0,2856.65,0,1006.6500000000001
VND000512,2024-03-19,P012,Moveis Comerciais,Estacoes,V002,1,4800.0,2850.0,4560.0,45,1710.0
VND000513,2024-03-19,P005,Moveis Domesticos,Sala,V005,1,1250.0,720.0,1375.0,15,655.0
VND000514,2024-03-19,P001,Moveis Domesticos,Estofados,V002,1,1850.0,1100.0,1757.5,45,657.5
VND000515,2024-03-19,P001,Moveis Domesticos,Estofados,V004,1,1702.0,1100.0,1531.8,30,431.79999999999995
VND000516,2024-03-19,P004,Moveis Domesticos,Dormitorio,V008,1,3100.0,1850.0,3162.0,15,1312.0
VND000517,2024-03-19,P009,Moveis Comerciais,Mesas,V001,1,1750.0,980.0,1890.0,45,910.0
VND000518,2024-03-19,P015,Servicos sob Demanda,Projetos,V003,1,8500.0,3500.0,8755.0,0,5255.0
VND000519,2024-03-20,P005,Moveis Domesticos,Sala,V005,3,1212.5,2160.0,4001.25,30,1841.25
VND000520,2024-03-20,P012,Moveis Comerciais,Estacoes,V001,1,4800.0,2850.0,5184.0,0,2334.0
VND000521,2024-03-20,P007,Moveis Domesticos,Escritorio,V008,1,1309.5,760.0,1335.69,0,575.69
VND000522,2024-03-20,P002,Moveis Domesticos,Mesas,V006,1,2200.0,1250.0,2134.0,30,884.0
VND000523,2024-03-20,P015,Servicos sob Demanda,Projetos,V002,7,8245.0,24500.0,54829.25,30,30329.25
VND000524,2024-03-21,P012,Moveis Comerciais,Estacoes,V006,2,4800.0,5700.0,9312.0,45,3612.0
VND000525,2024-03-21,P008,Moveis Comerciais,Cadeiras,V002,1,1092.5,640.0,1037.88,45,397.8800000000001
VND000526,2024-03-21,P005,Moveis Domesticos,Sala,V003,1,1250.0,720.0,1287.5,30,567.5
VND000527,2024-03-21,P007,Moveis Domesticos,Escritorio,V003,2,1350.0,1520.0,2781.0,60,1261.0
VND000528,2024-03-21,P003,Moveis Domesticos,Dormitorio,V003,2,2600.0,3000.0,5356.0,0,2356.0
VND000529,2024-03-21,P013,Moveis Comerciais,Mesas,V003,1,3783.0,2200.0,3896.49,60,1696.4899999999998
VND000530,2024-03-21,P018,Servicos sob Demanda,Projetos,V006,3,6460.0,7800.0,18798.6,0,10998.599999999999
VND000531,2024-03-21,P012,Moveis Comerciais,Estacoes,V003,1,4560.0,2850.0,4696.8,7,1846.8000000000002
VND000532,2024-03-21,P008,Moveis Comerciais,Cadeiras,V008,2,1150.0,1280.0,2346.0,30,1066.0
VND000533,2024-03-21,P003,Moveis Domesticos,Dormitorio,V001,1,2600.0,1500.0,2808.0,30,1308.0
VND000534,2024-03-21,P010,Moveis Comerciais,Armazenagem,V005,2,2450.0,2800.0,5390.0,7,2590.0
VND000535,2024-03-21,P005,Moveis Domesticos,Sala,V001,1,1250.0,720.0,1350.0,30,630.0
VND000536,2024-03-21,P010,Moveis Comerciais,Armazenagem,V002,3,2376.5,4200.0,6773.02,0,2573.0200000000004
VND000537,2024-03-21,P007,Moveis Domesticos,Escritorio,V002,1,1350.0,760.0,1282.5,45,522.5
VND000538,2024-03-22,P005,Moveis Domesticos,Sala,V006,3,1250.0,2160.0,3637.5,15,1477.5
VND000539,2024-03-22,P005,Moveis Domesticos,Sala,V004,2,1187.5,1440.0,2137.5,30,697.5
VND000540,2024-03-22,P010,Moveis Comerciais,Armazenagem,V003,3,2327.5,4200.0,7191.98,30,2991.9799999999996
VND000541,2024-03-22,P004,Moveis Domesticos,Dormitorio,V008,1,3100.0,1850.0,3162.0,15,1312.0
VND000542,2024-03-22,P009,Moveis Comerciais,Mesas,V003,1,1662.5,980.0,1712.38,15,732.3800000000001
VND000543,2024-03-22,P011,Moveis Comerciais,Atendimento,V007,1,3104.0,1850.0,3290.24,30,1440.2399999999998
VND000544,2024-03-23,P002,Moveis Domesticos,Mesas,V001,1,2024.0,1250.0,2185.92,15,935.9200000000001
VND000545,2024-03-23,P001,Moveis Domesticos,Estofados,V003,1,1850.0,1100.0,1905.5,60,805.5
VND000546,2024-03-23,P011,Moveis Comerciais,Atendimento,V006,2,2944.0,3700.0,5711.36,45,2011.3599999999997
VND000547,2024-03-23,P017,Servicos sob Demanda,Consultoria,V004,1,2716.0,900.0,2444.4,30,1544.4
VND000548,2024-03-23,P017,Servicos sob Demanda,Consultoria,V005,1,2800.0,900.0,3080.0,0,2180.0
VND000549,2024-03-23,P003,Moveis Domesticos,Dormitorio,V007,1,2470.0,1500.0,2618.2,30,1118.1999999999998
VND000550,2024-03-23,P006,Moveis Domesticos,Estofados,V006,4,950.6,2080.0,3688.33,15,1608.33
VND000551,2024-03-23,P015,Servicos sob Demanda,Projetos,V004,1,8500.0,3500.0,7650.0,30,4150.0
VND000552,2024-03-24,P002,Moveis Domesticos,Mesas,V005,3,2200.0,3750.0,7260.0,15,3510.0
VND000553,2024-03-24,P004,Moveis Domesticos,Dormitorio,V007,1,3007.0,1850.0,3187.42,0,1337.42
VND000554,2024-03-24,P003,Moveis Domesticos,Dormitorio,V001,1,2522.0,1500.0,2723.76,0,1223.7600000000002
VND000555,2024-03-24,P015,Servicos sob Demanda,Projetos,V007,1,8500.0,3500.0,9010.0,7,5510.0
VND000556,2024-03-24,P007,Moveis Domesticos,Escritorio,V008,3,1309.5,2280.0,4007.07,60,1727.0700000000002
VND000557,2024-03-24,P017,Servicos sob Demanda,Consultoria,V003,1,2800.0,900.0,2884.0,0,1984.0
VND000558,2024-03-24,P011,Moveis Comerciais,Atendimento,V003,1,3200.0,1850.0,3296.0,15,1446.0
VND000559,2024-03-24,P002,Moveis Domesticos,Mesas,V005,1,2024.0,1250.0,2226.4,30,976.4000000000001
VND000560,2024-03-24,P003,Moveis Domesticos,Dormitorio,V002,1,2600.0,1500.0,2470.0,0,970.0
VND000561,2024-03-25,P006,Moveis Domesticos,Estofados,V002,1,980.0,520.0,931.0,60,411.0
VND000562,2024-03-25,P018,Servicos sob Demanda,Projetos,V004,2,6800.0,5200.0,12240.0,7,7040.0
VND000563,2024-03-25,P001,Moveis Domesticos,Estofados,V006,1,1794.5,1100.0,1740.66,0,640.6600000000001
VND000564,2024-03-25,P011,Moveis Comerciais,Atendimento,V003,2,3104.0,3700.0,6394.24,0,2694.24
VND000565,2024-03-25,P008,Moveis Comerciais,Cadeiras,V002,1,1150.0,640.0,1092.5,7,452.5
VND000566,2024-03-25,P003,Moveis Domesticos,Dormitorio,V005,1,2522.0,1500.0,2774.2,30,1274.1999999999998
VND000567,2024-03-26,P005,Moveis Domesticos,Sala,V004,5,1150.0,3600.0,5175.0,15,1575.0
VND000568,2024-03-26,P010,Moveis Comerciais,Armazenagem,V005,1,2450.0,1400.0,2695.0,15,1295.0
VND000569,2024-03-26,P015,Servicos sob Demanda,Projetos,V006,2,8075.0,7000.0,15665.5,60,8665.5
VND000570,2024-03-26,P008,Moveis Comerciais,Cadeiras,V002,1,1150.0,640.0,1092.5,15,452.5
VND000571,2024-03-26,P011,Moveis Comerciais,Atendimento,V003,3,3040.0,5550.0,9393.6,7,3843.6000000000004
VND000572,2024-03-27,P011,Moveis Comerciais,Atendimento,V007,1,3200.0,1850.0,3392.0,30,1542.0
VND000573,2024-03-27,P006,Moveis Domesticos,Estofados,V007,1,980.0,520.0,1038.8,30,518.8
VND000574,2024-03-27,P009,Moveis Comerciais,Mesas,V004,1,1697.5,980.0,1527.75,15,547.75
VND000575,2024-03-27,P004,Moveis Domesticos,Dormitorio,V003,2,2852.0,3700.0,5875.12,30,2175.12
VND000576,2024-03-27,P001,Moveis Domesticos,Estofados,V005,1,1850.0,1100.0,2035.0,45,935.0
VND000577,2024-03-27,P014,Servicos sob Demanda,Projetos,V002,1,5200.0,2100.0,4940.0,30,2840.0
VND000578,2024-03-27,P009,Moveis Comerciais,Mesas,V003,2,1697.5,1960.0,3496.85,30,1536.85
VND000579,2024-03-27,P005,Moveis Domesticos,Sala,V001,1,1187.5,720.0,1282.5,60,562.5
VND000580,2024-03-27,P008,Moveis Comerciais,Cadeiras,V006,2,1115.5,1280.0,2164.07,45,884.0700000000002
VND000581,2024-03-28,P008,Moveis Comerciais,Cadeiras,V002,4,1150.0,2560.0,4370.0,30,1810.0
VND000582,2024-03-28,P001,Moveis Domesticos,Estofados,V005,4,1794.5,4400.0,7895.8,0,3495.8
VND000583,2024-03-28,P006,Moveis Domesticos,Estofados,V001,1,980.0,520.0,1058.4,15,538.4000000000001
VND000584,2024-03-28,P006,Moveis Domesticos,Estofados,V006,1,980.0,520.0,950.6,15,430.6
VND000585,2024-03-28,P009,Moveis Comerciais,Mesas,V001,1,1610.0,980.0,1738.8,15,758.8
VND000586,2024-03-28,P003,Moveis Domesticos,Dormitorio,V001,1,2470.0,1500.0,2667.6,15,1167.6
VND000587,2024-03-28,P010,Moveis Comerciais,Armazenagem,V004,1,2450.0,1400.0,2205.0,15,805.0
VND000588,2024-03-28,P018,Servicos sob Demanda,Projetos,V005,2,6460.0,5200.0,14212.0,30,9012.0
VND000589,2024-03-28,P009,Moveis Comerciais,Mesas,V003,4,1697.5,3920.0,6993.7,60,3073.7
VND000590,2024-03-28,P013,Moveis Comerciais,Mesas,V004,1,3900.0,2200.0,3510.0,0,1310.0
VND000591,2024-03-29,P015,Servicos sob Demanda,Projetos,V006,1,8500.0,3500.0,8245.0,45,4745.0
VND000592,2024-03-29,P002,Moveis Domesticos,Mesas,V002,3,2200.0,3750.0,6270.0,15,2520.0
VND000593,2024-03-29,P003,Moveis Domesticos,Dormitorio,V005,2,2600.0,3000.0,5720.0,0,2720.0
VND000594,2024-03-29,P010,Moveis Comerciais,Armazenagem,V005,1,2254.0,1400.0,2479.4,30,1079.4
VND000595,2024-03-29,P003,Moveis Domesticos,Dormitorio,V004,1,2600.0,1500.0,2340.0,7,840.0
VND000596,2024-03-29,P015,Servicos sob Demanda,Projetos,V002,1,8245.0,3500.0,7832.75,7,4332.75
VND000597,2024-03-29,P018,Servicos sob Demanda,Projetos,V004,1,6460.0,2600.0,5814.0,0,3214.0
VND000598,2024-03-30,P015,Servicos sob Demanda,Projetos,V007,1,8500.0,3500.0,9010.0,45,5510.0
VND000599,2024-03-30,P005,Moveis Domesticos,Sala,V004,1,1250.0,720.0,1125.0,45,405.0
VND000600,2024-03-30,P001,Moveis Domesticos,Estofados,V005,1,1794.5,1100.0,1973.95,60,873.95
VND000601,2024-03-30,P004,Moveis Domesticos,Dormitorio,V006,3,3007.0,5550.0,8750.37,15,3200.370000000001
VND000602,2024-03-30,P014,Servicos sob Demanda,Projetos,V005,5,5200.0,10500.0,28600.0,0,18100.0
VND000603,2024-03-30,P006,Moveis Domesticos,Estofados,V008,2,980.0,1040.0,1999.2,30,959.2
VND000604,2024-03-30,P002,Moveis Domesticos,Mesas,V003,1,2024.0,1250.0,2084.72,7,834.7199999999998
VND000605,2024-03-30,P018,Servicos sob Demanda,Projetos,V002,1,6800.0,2600.0,6460.0,30,3860.0
VND000606,2024-03-30,P013,Moveis Comerciais,Mesas,V001,1,3783.0,2200.0,4085.64,30,1885.6399999999999
VND000607,2024-03-30,P011,Moveis Comerciais,Atendimento,V002,3,3200.0,5550.0,9120.0,30,3570.0
VND000608,2024-03-31,P009,Moveis Comerciais,Mesas,V002,4,1697.5,3920.0,6450.5,30,2530.5
VND000609,2024-03-31,P001,Moveis Domesticos,Estofados,V003,1,1794.5,1100.0,1848.34,30,748.3399999999999
VND000610,2024-03-31,P014,Servicos sob Demanda,Projetos,V001,1,4784.0,2100.0,5166.72,0,3066.7200000000003
VND000611,2024-03-31,P007,Moveis Domesticos,Escritorio,V008,1,1350.0,760.0,1377.0,30,617.0
VND000612,2024-03-31,P014,Servicos sob Demanda,Projetos,V001,1,5200.0,2100.0,5616.0,30,3516.0
VND000613,2024-03-31,P004,Moveis Domesticos,Dormitorio,V008,5,3100.0,9250.0,15810.0,30,6560.0
VND000614,2024-03-31,P001,Moveis Domesticos,Estofados,V001,3,1794.5,3300.0,5814.18,30,2514.1800000000003
VND000615,2024-04-01,P007,Moveis Domesticos,Escritorio,V001,1,1309.5,760.0,1414.26,30,654.26
VND000616,2024-04-01,P003,Moveis Domesticos,Dormitorio,V002,1,2470.0,1500.0,2346.5,0,846.5
VND000617,2024-04-01,P008,Moveis Comerciais,Cadeiras,V001,1,1115.5,640.0,1204.74,60,564.74
VND000618,2024-04-01,P005,Moveis Domesticos,Sala,V007,1,1187.5,720.0,1258.75,30,538.75
VND000619,2024-04-01,P003,Moveis Domesticos,Dormitorio,V005,3,2600.0,4500.0,8580.0,45,4080.0
VND000620,2024-04-01,P002,Moveis Domesticos,Mesas,V002,3,2200.0,3750.0,6270.0,15,2520.0
VND000621,2024-04-01,P009,Moveis Comerciais,Mesas,V006,3,1750.0,2940.0,5092.5,30,2152.5
VND000622,2024-04-01,P002,Moveis Domesticos,Mesas,V001,1,2134.0,1250.0,2304.72,0,1054.7199999999998
VND000623,2024-04-02,P003,Moveis Domesticos,Dormitorio,V003,1,2522.0,1500.0,2597.66,0,1097.6599999999999
VND000624,2024-04-02,P002,Moveis Domesticos,Mesas,V004,1,2200.0,1250.0,1980.0,60,730.0
VND000625,2024-04-03,P005,Moveis Domesticos,Sala,V006,2,1212.5,1440.0,2352.25,15,912.25
VND000626,2024-04-03,P009,Moveis Comerciais,Mesas,V004,1,1662.5,980.0,1496.25,60,516.25
VND000627,2024-04-03,P010,Moveis Comerciais,Armazenagem,V006,2,2450.0,2800.0,4753.0,0,1953.0
VND000628,2024-04-03,P014,Servicos sob Demanda,Projetos,V005,1,5200.0,2100.0,5720.0,60,3620.0
VND000629,2024-04-03,P003,Moveis Domesticos,Dormitorio,V003,1,2600.0,1500.0,2678.0,60,1178.0
VND000630,2024-04-03,P004,Moveis Domesticos,Dormitorio,V006,2,3100.0,3700.0,6014.0,15,2314.0
VND000631,2024-04-03,P010,Moveis Comerciais,Armazenagem,V004,1,2327.5,1400.0,2094.75,15,694.75
VND000632,2024-04-03,P010,Moveis Comerciais,Armazenagem,V008,1,2327.5,1400.0,2374.05,7,974.0500000000002
VND000633,2024-04-04,P004,Moveis Domesticos,Dormitorio,V002,1,3007.0,1850.0,2856.65,45,1006.6500000000001
VND000634,2024-04-04,P001,Moveis Domesticos,Estofados,V007,2,1850.0,2200.0,3922.0,15,1722.0
VND000635,2024-04-04,P006,Moveis Domesticos,Estofados,V001,1,931.0,520.0,1005.48,30,485.48
VND000636,2024-04-04,P008,Moveis Comerciais,Cadeiras,V003,1,1150.0,640.0,1184.5,15,544.5
VND000637,2024-04-04,P007,Moveis Domesticos,Escritorio,V005,2,1350.0,1520.0,2970.0,45,1450.0
VND000638,2024-04-04,P015,Servicos sob Demanda,Projetos,V004,3,8500.0,10500.0,22950.0,30,12450.0
VND000639,2024-04-04,P013,Moveis Comerciais,Mesas,V005,1,3783.0,2200.0,4161.3,0,1961.3000000000002
VND000640,2024-04-05,P018,Servicos sob Demanda,Projetos,V005,1,6800.0,2600.0,7480.0,60,4880.0
VND000641,2024-04-05,P004,Moveis Domesticos,Dormitorio,V004,1,3100.0,1850.0,2790.0,0,940.0
VND000642,2024-04-05,P010,Moveis Comerciais,Armazenagem,V006,1,2327.5,1400.0,2257.67,30,857.6700000000001
VND000643,2024-04-05,P001,Moveis Domesticos,Estofados,V008,2,1850.0,2200.0,3774.0,0,1574.0
VND000644,2024-04-05,P010,Moveis Comerciais,Armazenagem,V007,1,2376.5,1400.0,2519.09,30,1119.0900000000001
VND000645,2024-04-06,P008,Moveis Comerciais,Cadeiras,V006,1,1115.5,640.0,1082.04,45,442.03999999999996
VND000646,2024-04-06,P018,Servicos sob Demanda,Projetos,V007,4,6460.0,10400.0,27390.4,7,16990.4
VND000647,2024-04-06,P008,Moveis Comerciais,Cadeiras,V002,1,1150.0,640.0,1092.5,15,452.5
VND000648,2024-04-06,P003,Moveis Domesticos,Dormitorio,V008,1,2522.0,1500.0,2572.44,60,1072.44
VND000649,2024-04-06,P018,Servicos sob Demanda,Projetos,V008,2,6460.0,5200.0,13178.4,0,7978.4
VND000650,2024-04-06,P018,Servicos sob Demanda,Projetos,V002,2,6596.0,5200.0,12532.4,15,7332.4
VND000651,2024-04-06,P005,Moveis Domesticos,Sala,V005,1,1212.5,720.0,1333.75,30,613.75
VND000652,2024-04-07,P004,Moveis Domesticos,Dormitorio,V004,1,3100.0,1850.0,2790.0,7,940.0
VND000653,2024-04-07,P010,Moveis Comerciais,Armazenagem,V001,1,2450.0,1400.0,2646.0,0,1246.0
VND000654,2024-04-07,P003,Moveis Domesticos,Dormitorio,V006,1,2600.0,1500.0,2522.0,15,1022.0
VND000655,2024-04-07,P001,Moveis Domesticos,Estofados,V007,3,1850.0,3300.0,5883.0,45,2583.0
VND000656,2024-04-07,P013,Moveis Comerciais,Mesas,V004,1,3900.0,2200.0,3510.0,15,1310.0
VND000657,2024-04-07,P015,Servicos sob Demanda,Projetos,V004,1,8245.0,3500.0,7420.5,30,3920.5
VND000658,2024-04-07,P016,Servicos sob Demanda,Projetos,V002,1,12125.0,5200.0,11518.75,15,6318.75
VND000659,2024-04-07,P014,Servicos sob Demanda,Projetos,V004,2,5200.0,4200.0,9360.0,0,5160.0
VND000660,2024-04-08,P001,Moveis Domesticos,Estofados,V003,2,1757.5,2200.0,3620.45,30,1420.4499999999998
VND000661,2024-04-08,P018,Servicos sob Demanda,Projetos,V004,1,6596.0,2600.0,5936.4,30,3336.3999999999996
VND000662,2024-04-08,P007,Moveis Domesticos,Escritorio,V007,1,1282.5,760.0,1359.45,15,599.45
VND000663,2024-04-08,P010,Moveis Comerciais,Armazenagem,V008,1,2376.5,1400.0,2424.03,60,1024.0300000000002
VND000664,2024-04-09,P007,Moveis Domesticos,Escritorio,V007,1,1350.0,760.0,1431.0,45,671.0
VND000665,2024-04-09,P004,Moveis Domesticos,Dormitorio,V004,3,3100.0,5550.0,8370.0,30,2820.0
VND000666,2024-04-09,P002,Moveis Domesticos,Mesas,V005,2,2134.0,2500.0,4694.8,0,2194.8
VND000667,2024-04-09,P005,Moveis Domesticos,Sala,V007,1,1212.5,720.0,1285.25,15,565.25
VND000668,2024-04-09,P016,Servicos sob Demanda,Projetos,V004,1,11500.0,5200.0,10350.0,30,5150.0
VND000669,2024-04-10,P004,Moveis Domesticos,Dormitorio,V002,1,3100.0,1850.0,2945.0,15,1095.0
VND000670,2024-04-10,P009,Moveis Comerciais,Mesas,V001,1,1750.0,980.0,1890.0,30,910.0
VND000671,2024-04-10,P006,Moveis Domesticos,Estofados,V004,3,901.6,1560.0,2434.32,60,874.3200000000002
VND000672,2024-04-10,P008,Moveis Comerciais,Cadeiras,V001,3,1150.0,1920.0,3726.0,30,1806.0
VND000673,2024-04-11,P007,Moveis Domesticos,Escritorio,V004,1,1350.0,760.0,1215.0,0,455.0
VND000674,2024-04-11,P004,Moveis Domesticos,Dormitorio,V004,1,2852.0,1850.0,2566.8,60,716.8000000000002
VND000675,2024-04-11,P009,Moveis Comerciais,Mesas,V002,3,1750.0,2940.0,4987.5,15,2047.5
VND000676,2024-04-11,P001,Moveis Domesticos,Estofados,V006,2,1850.0,2200.0,3589.0,0,1389.0
VND000677,2024-04-11,P008,Moveis Comerciais,Cadeiras,V003,3,1150.0,1920.0,3553.5,45,1633.5
VND000678,2024-04-12,P004,Moveis Domesticos,Dormitorio,V004,2,2945.0,3700.0,5301.0,7,1601.0
VND000679,2024-04-12,P010,Moveis Comerciais,Armazenagem,V008,2,2450.0,2800.0,4998.0,45,2198.0
VND000680,2024-04-12,P016,Servicos sob Demanda,Projetos,V004,1,12125.0,5200.0,10912.5,30,5712.5
VND000681,2024-04-12,P005,Moveis Domesticos,Sala,V007,1,1250.0,720.0,1325.0,0,605.0
VND000682,2024-04-12,P015,Servicos sob Demanda,Projetos,V001,1,8500.0,3500.0,9180.0,15,5680.0
VND000683,2024-04-12,P005,Moveis Domesticos,Sala,V004,1,1212.5,720.0,1091.25,45,371.25
VND000684,2024-04-12,P003,Moveis Domesticos,Dormitorio,V002,2,2600.0,3000.0,4940.0,60,1940.0
VND000685,2024-04-12,P007,Moveis Domesticos,Escritorio,V007,1,1350.0,760.0,1431.0,45,671.0
VND000686,2024-04-12,P004,Moveis Domesticos,Dormitorio,V005,2,3100.0,3700.0,6820.0,7,3120.0
VND000687,2024-04-12,P007,Moveis Domesticos,Escritorio,V002,2,1309.5,1520.0,2488.05,30,968.0500000000002
VND000688,2024-04-13,P005,Moveis Domesticos,Sala,V005,2,1212.5,1440.0,2667.5,15,1227.5
VND000689,2024-04-13,P018,Servicos sob Demanda,Projetos,V005,1,6800.0,2600.0,7480.0,30,4880.0
VND000690,2024-04-13,P008,Moveis Comerciais,Cadeiras,V003,1,1115.5,640.0,1148.96,45,508.96000000000004
VND000691,2024-04-13,P013,Moveis Comerciais,Mesas,V008,1,3900.0,2200.0,3978.0,30,1778.0
VND000692,2024-04-13,P009,Moveis Comerciais,Mesas,V008,1,1697.5,980.0,1731.45,7,751.45
VND000693,2024-04-13,P002,Moveis Domesticos,Mesas,V007,1,2024.0,1250.0,2145.44,45,895.44
VND000694,2024-04-13,P012,Moveis Comerciais,Estacoes,V003,3,4800.0,8550.0,14832.0,7,6282.0
VND000695,2024-04-14,P010,Moveis Comerciais,Armazenagem,V008,1,2450.0,1400.0,2499.0,30,1099.0
VND000696,2024-04-14,P003,Moveis Domesticos,Dormitorio,V006,1,2522.0,1500.0,2446.34,60,946.3400000000001
VND000697,2024-04-14,P008,Moveis Comerciais,Cadeiras,V003,4,1150.0,2560.0,4738.0,7,2178.0
VND000698,2024-04-14,P018,Servicos sob Demanda,Projetos,V006,1,6460.0,2600.0,6266.2,7,3666.2
VND000699,2024-04-14,P006,Moveis Domesticos,Estofados,V001,1,980.0,520.0,1058.4,7,538.4000000000001
VND000700,2024-04-14,P004,Moveis Domesticos,Dormitorio,V004,1,3100.0,1850.0,2790.0,15,940.0
VND000701,2024-04-14,P001,Moveis Domesticos,Estofados,V006,2,1850.0,2200.0,3589.0,30,1389.0
VND000702,2024-04-14,P006,Moveis Domesticos,Estofados,V007,1,931.0,520.0,986.86,60,466.86
VND000703,2024-04-14,P016,Servicos sob Demanda,Projetos,V002,1,12500.0,5200.0,11875.0,15,6675.0
VND000704,2024-04-14,P010,Moveis Comerciais,Armazenagem,V003,1,2254.0,1400.0,2321.62,0,921.6199999999999
VND000705,2024-04-15,P003,Moveis Domesticos,Dormitorio,V008,1,2522.0,1500.0,2572.44,30,1072.44
VND000706,2024-04-15,P003,Moveis Domesticos,Dormitorio,V003,2,2600.0,3000.0,5356.0,15,2356.0
VND000707,2024-04-15,P013,Moveis Comerciais,Mesas,V005,2,3900.0,4400.0,8580.0,7,4180.0
VND000708,2024-04-15,P012,Moveis Comerciais,Estacoes,V005,1,4800.0,2850.0,5280.0,30,2430.0
VND000709,2024-04-16,P001,Moveis Domesticos,Estofados,V003,1,1794.5,1100.0,1848.34,0,748.3399999999999
VND000710,2024-04-16,P016,Servicos sob Demanda,Projetos,V005,1,11875.0,5200.0,13062.5,45,7862.5
VND000711,2024-04-16,P004,Moveis Domesticos,Dormitorio,V005,1,3100.0,1850.0,3410.0,7,1560.0
VND000712,2024-04-16,P018,Servicos sob Demanda,Projetos,V004,1,6800.0,2600.0,6120.0,60,3520.0
VND000713,2024-04-16,P004,Moveis Domesticos,Dormitorio,V005,2,2945.0,3700.0,6479.0,30,2779.0
VND000714,2024-04-16,P009,Moveis Comerciais,Mesas,V003,1,1750.0,980.0,1802.5,0,822.5
VND000715,2024-04-16,P005,Moveis Domesticos,Sala,V003,1,1150.0,720.0,1184.5,30,464.5
VND000716,2024-04-16,P005,Moveis Domesticos,Sala,V005,1,1250.0,720.0,1375.0,15,655.0
VND000717,2024-04-16,P007,Moveis Domesticos,Escritorio,V004,2,1309.5,1520.0,2357.1,15,837.0999999999999
VND000718,2024-04-16,P011,Moveis Comerciais,Atendimento,V002,1,3104.0,1850.0,2948.8,15,1098.8000000000002
VND000719,2024-04-16,P001,Moveis Domesticos,Estofados,V007,3,1702.0,3300.0,5412.36,15,2112.3599999999997
VND000720,2024-04-16,P012,Moveis Comerciais,Estacoes,V003,1,4416.0,2850.0,4548.48,30,1698.4799999999996
VND000721,2024-04-17,P014,Servicos sob Demanda,Projetos,V005,1,5200.0,2100.0,5720.0,45,3620.0
VND000722,2024-04-17,P003,Moveis Domesticos,Dormitorio,V005,3,2392.0,4500.0,7893.6,30,3393.6000000000004
VND000723,2024-04-17,P013,Moveis Comerciais,Mesas,V006,1,3783.0,2200.0,3669.51,15,1469.5100000000002
VND000724,2024-04-17,P007,Moveis Domesticos,Escritorio,V005,2,1350.0,1520.0,2970.0,7,1450.0
VND000725,2024-04-17,P016,Servicos sob Demanda,Projetos,V003,2,12500.0,10400.0,25750.0,45,15350.0
VND000726,2024-04-17,P008,Moveis Comerciais,Cadeiras,V004,1,1150.0,640.0,1035.0,7,395.0
VND000727,2024-04-17,P014,Servicos sob Demanda,Projetos,V003,2,4784.0,4200.0,9855.04,45,5655.040000000001
VND000728,2024-04-18,P001,Moveis Domesticos,Estofados,V003,1,1850.0,1100.0,1905.5,30,805.5
VND000729,2024-04-18,P007,Moveis Domesticos,Escritorio,V005,3,1350.0,2280.0,4455.0,30,2175.0
VND000730,2024-04-18,P006,Moveis Domesticos,Estofados,V006,1,980.0,520.0,950.6,30,430.6
VND000731,2024-04-18,P010,Moveis Comerciais,Armazenagem,V008,1,2450.0,1400.0,2499.0,0,1099.0
VND000732,2024-04-18,P001,Moveis Domesticos,Estofados,V001,2,1850.0,2200.0,3996.0,0,1796.0
VND000733,2024-04-18,P010,Moveis Comerciais,Armazenagem,V003,1,2327.5,1400.0,2397.33,30,997.3299999999999
VND000734,2024-04-18,P016,Servicos sob Demanda,Projetos,V001,3,12125.0,15600.0,39285.0,45,23685.0
VND000735,2024-04-19,P007,Moveis Domesticos,Escritorio,V008,1,1350.0,760.0,1377.0,60,617.0
VND000736,2024-04-19,P001,Moveis Domesticos,Estofados,V001,1,1794.5,1100.0,1938.06,7,838.06
VND000737,2024-04-19,P018,Servicos sob Demanda,Projetos,V005,2,6800.0,5200.0,14960.0,7,9760.0
VND000738,2024-04-19,P002,Moveis Domesticos,Mesas,V001,1,2134.0,1250.0,2304.72,0,1054.7199999999998
VND000739,2024-04-19,P002,Moveis Domesticos,Mesas,V001,1,2200.0,1250.0,2376.0,0,1126.0
VND000740,2024-04-19,P004,Moveis Domesticos,Dormitorio,V001,3,2945.0,5550.0,9541.8,30,3991.7999999999993
VND000741,2024-04-19,P003,Moveis Domesticos,Dormitorio,V006,1,2600.0,1500.0,2522.0,0,1022.0
VND000742,2024-04-20,P002,Moveis Domesticos,Mesas,V005,2,2200.0,2500.0,4840.0,45,2340.0
VND000743,2024-04-20,P012,Moveis Comerciais,Estacoes,V005,2,4800.0,5700.0,10560.0,30,4860.0
VND000744,2024-04-20,P009,Moveis Comerciais,Mesas,V002,1,1662.5,980.0,1579.38,15,599.3800000000001
VND000745,2024-04-20,P001,Moveis Domesticos,Estofados,V006,3,1702.0,3300.0,4952.82,45,1652.8199999999997
VND000746,2024-04-20,P015,Servicos sob Demanda,Projetos,V008,2,8075.0,7000.0,16473.0,0,9473.0
VND000747,2024-04-20,P012,Moveis Comerciais,Estacoes,V007,3,4800.0,8550.0,15264.0,45,6714.0
VND000748,2024-04-21,P002,Moveis Domesticos,Mesas,V001,3,2200.0,3750.0,7128.0,30,3378.0
VND000749,2024-04-21,P018,Servicos sob Demanda,Projetos,V004,1,6800.0,2600.0,6120.0,7,3520.0
VND000750,2024-04-21,P005,Moveis Domesticos,Sala,V004,1,1250.0,720.0,1125.0,0,405.0
VND000751,2024-04-21,P016,Servicos sob Demanda,Projetos,V007,1,12500.0,5200.0,13250.0,45,8050.0
VND000752,2024-04-21,P001,Moveis Domesticos,Estofados,V006,1,1850.0,1100.0,1794.5,30,694.5
VND000753,2024-04-21,P017,Servicos sob Demanda,Consultoria,V003,1,2660.0,900.0,2739.8,7,1839.8000000000002
VND000754,2024-04-21,P002,Moveis Domesticos,Mesas,V006,2,2134.0,2500.0,4139.96,45,1639.96
VND000755,2024-04-21,P004,Moveis Domesticos,Dormitorio,V006,1,2945.0,1850.0,2856.65,7,1006.6500000000001
VND000756,2024-04-21,P001,Moveis Domesticos,Estofados,V005,3,1702.0,3300.0,5616.6,45,2316.6000000000004
VND000757,2024-04-21,P010,Moveis Comerciais,Armazenagem,V003,4,2450.0,5600.0,10094.0,30,4494.0
VND000758,2024-04-21,P001,Moveis Domesticos,Estofados,V007,1,1702.0,1100.0,1804.12,45,704.1199999999999
VND000759,2024-04-22,P009,Moveis Comerciais,Mesas,V002,2,1662.5,1960.0,3158.75,45,1198.75
VND000760,2024-04-22,P003,Moveis Domesticos,Dormitorio,V002,2,2600.0,3000.0,4940.0,45,1940.0
VND000761,2024-04-22,P001,Moveis Domesticos,Estofados,V003,1,1794.5,1100.0,1848.34,30,748.3399999999999
VND000762,2024-04-22,P006,Moveis Domesticos,Estofados,V008,2,980.0,1040.0,1999.2,15,959.2
VND000763,2024-04-22,P005,Moveis Domesticos,Sala,V003,1,1212.5,720.0,1248.88,15,528.8800000000001
VND000764,2024-04-22,P002,Moveis Domesticos,Mesas,V002,2,2200.0,2500.0,4180.0,7,1680.0
VND000765,2024-04-22,P014,Servicos sob Demanda,Projetos,V005,1,5200.0,2100.0,5720.0,30,3620.0
VND000766,2024-04-23,P006,Moveis Domesticos,Estofados,V002,2,901.6,1040.0,1713.04,30,673.04
VND000767,2024-04-23,P017,Servicos sob Demanda,Consultoria,V007,3,2800.0,2700.0,8904.0,15,6204.0
VND000768,2024-04-23,P012,Moveis Comerciais,Estacoes,V006,1,4560.0,2850.0,4423.2,7,1573.1999999999998
VND000769,2024-04-23,P017,Servicos sob Demanda,Consultoria,V004,1,2800.0,900.0,2520.0,45,1620.0
VND000770,2024-04-24,P009,Moveis Comerciais,Mesas,V007,1,1610.0,980.0,1706.6,30,726.5999999999999
VND000771,2024-04-24,P003,Moveis Domesticos,Dormitorio,V006,1,2600.0,1500.0,2522.0,0,1022.0
VND000772,2024-04-24,P002,Moveis Domesticos,Mesas,V006,1,2090.0,1250.0,2027.3,45,777.3
VND000773,2024-04-24,P002,Moveis Domesticos,Mesas,V006,1,2134.0,1250.0,2069.98,60,819.98
VND000774,2024-04-24,P003,Moveis Domesticos,Dormitorio,V001,1,2600.0,1500.0,2808.0,15,1308.0
VND000775,2024-04-24,P009,Moveis Comerciais,Mesas,V004,1,1750.0,980.0,1575.0,15,595.0
VND000776,2024-04-24,P015,Servicos sob Demanda,Projetos,V003,2,8500.0,7000.0,17510.0,30,10510.0
VND000777,2024-04-25,P004,Moveis Domesticos,Dormitorio,V005,1,3007.0,1850.0,3307.7,30,1457.6999999999998
VND000778,2024-04-25,P015,Servicos sob Demanda,Projetos,V001,1,8500.0,3500.0,9180.0,45,5680.0
VND000779,2024-04-25,P009,Moveis Comerciais,Mesas,V001,1,1697.5,980.0,1833.3,15,853.3
VND000780,2024-04-25,P002,Moveis Domesticos,Mesas,V004,1,2200.0,1250.0,1980.0,0,730.0
VND000781,2024-04-25,P009,Moveis Comerciais,Mesas,V004,1,1750.0,980.0,1575.0,7,595.0
VND000782,2024-04-25,P016,Servicos sob Demanda,Projetos,V006,1,11500.0,5200.0,11155.0,45,5955.0
VND000783,2024-04-25,P005,Moveis Domesticos,Sala,V004,2,1187.5,1440.0,2137.5,7,697.5
VND000784,2024-04-25,P009,Moveis Comerciais,Mesas,V007,1,1610.0,980.0,1706.6,30,726.5999999999999
VND000785,2024-04-26,P005,Moveis Domesticos,Sala,V003,1,1212.5,720.0,1248.88,15,528.8800000000001
VND000786,2024-04-26,P005,Moveis Domesticos,Sala,V008,1,1150.0,720.0,1173.0,15,453.0
VND000787,2024-04-26,P002,Moveis Domesticos,Mesas,V007,1,2024.0,1250.0,2145.44,30,895.44
VND000788,2024-04-26,P002,Moveis Domesticos,Mesas,V002,1,2090.0,1250.0,1985.5,0,735.5
VND000789,2024-04-26,P001,Moveis Domesticos,Estofados,V001,2,1850.0,2200.0,3996.0,30,1796.0
VND000790,2024-04-26,P015,Servicos sob Demanda,Projetos,V008,2,8500.0,7000.0,17340.0,30,10340.0
VND000791,2024-04-26,P011,Moveis Comerciais,Atendimento,V008,2,3104.0,3700.0,6332.16,15,2632.16
VND000792,2024-04-26,P013,Moveis Comerciais,Mesas,V005,1,3783.0,2200.0,4161.3,30,1961.3000000000002
VND000793,2024-04-26,P016,Servicos sob Demanda,Projetos,V004,2,12125.0,10400.0,21825.0,45,11425.0
VND000794,2024-04-27,P011,Moveis Comerciais,Atendimento,V001,1,3104.0,1850.0,3352.32,7,1502.3200000000002
VND000795,2024-04-27,P007,Moveis Domesticos,Escritorio,V003,2,1350.0,1520.0,2781.0,30,1261.0
VND000796,2024-04-27,P009,Moveis Comerciais,Mesas,V003,1,1697.5,980.0,1748.42,30,768.4200000000001
VND000797,2024-04-27,P013,Moveis Comerciais,Mesas,V002,1,3900.0,2200.0,3705.0,0,1505.0
VND000798,2024-04-27,P006,Moveis Domesticos,Estofados,V004,1,980.0,520.0,882.0,30,362.0
VND000799,2024-04-27,P004,Moveis Domesticos,Dormitorio,V002,1,3007.0,1850.0,2856.65,45,1006.6500000000001
VND000800,2024-04-27,P013,Moveis Comerciais,Mesas,V004,2,3783.0,4400.0,6809.4,0,2409.3999999999996
VND000801,2024-04-28,P016,Servicos sob Demanda,Projetos,V006,1,11875.0,5200.0,11518.75,0,6318.75
VND000802,2024-04-28,P008,Moveis Comerciais,Cadeiras,V004,1,1150.0,640.0,1035.0,30,395.0
VND000803,2024-04-28,P004,Moveis Domesticos,Dormitorio,V002,5,3007.0,9250.0,14283.25,60,5033.25
VND000804,2024-04-28,P003,Moveis Domesticos,Dormitorio,V005,2,2470.0,3000.0,5434.0,15,2434.0
VND000805,2024-04-28,P003,Moveis Domesticos,Dormitorio,V006,2,2600.0,3000.0,5044.0,45,2044.0
VND000806,2024-04-28,P015,Servicos sob Demanda,Projetos,V002,1,8245.0,3500.0,7832.75,45,4332.75
VND000807,2024-04-28,P012,Moveis Comerciais,Estacoes,V006,1,4416.0,2850.0,4283.52,0,1433.5200000000004
VND000808,2024-04-29,P016,Servicos sob Demanda,Projetos,V007,1,12125.0,5200.0,12852.5,45,7652.5
VND000809,2024-04-29,P009,Moveis Comerciais,Mesas,V005,2,1750.0,1960.0,3850.0,60,1890.0
VND000810,2024-04-29,P002,Moveis Domesticos,Mesas,V007,1,2090.0,1250.0,2215.4,0,965.4000000000001
VND000811,2024-04-29,P001,Moveis Domesticos,Estofados,V003,4,1702.0,4400.0,7012.24,7,2612.24
VND000812,2024-04-29,P015,Servicos sob Demanda,Projetos,V003,2,7820.0,7000.0,16109.2,30,9109.2
VND000813,2024-04-30,P017,Servicos sob Demanda,Consultoria,V003,2,2800.0,1800.0,5768.0,45,3968.0
VND000814,2024-04-30,P001,Moveis Domesticos,Estofados,V007,1,1794.5,1100.0,1902.17,7,802.1700000000001
VND000815,2024-04-30,P001,Moveis Domesticos,Estofados,V003,1,1702.0,1100.0,1753.06,60,653.06
VND000816,2024-04-30,P007,Moveis Domesticos,Escritorio,V006,1,1309.5,760.0,1270.21,15,510.21000000000004
VND000817,2024-04-30,P012,Moveis Comerciais,Estacoes,V003,2,4656.0,5700.0,9591.36,0,3891.3600000000006
VND000818,2024-04-30,P011,Moveis Comerciais,Atendimento,V002,2,2944.0,3700.0,5593.6,60,1893.6000000000004
VND000819,2024-04-30,P007,Moveis Domesticos,Escritorio,V007,1,1282.5,760.0,1359.45,45,599.45
VND000820,2024-04-30,P014,Servicos sob Demanda,Projetos,V008,3,5200.0,6300.0,15912.0,45,9612.0
VND000821,2024-04-30,P010,Moveis Comerciais,Armazenagem,V007,3,2450.0,4200.0,7791.0,45,3591.0
VND000822,2024-05-01,P010,Moveis Comerciais,Armazenagem,V005,3,2450.0,4200.0,8085.0,15,3885.0
VND000823,2024-05-01,P006,Moveis Domesticos,Estofados,V004,3,980.0,1560.0,2646.0,30,1086.0
VND000824,2024-05-01,P004,Moveis Domesticos,Dormitorio,V002,3,3100.0,5550.0,8835.0,30,3285.0
VND000825,2024-05-01,P009,Moveis Comerciais,Mesas,V008,1,1662.5,980.0,1695.75,15,715.75
VND000826,2024-05-01,P003,Moveis Domesticos,Dormitorio,V005,1,2600.0,1500.0,2860.0,30,1360.0
VND000827,2024-05-01,P007,Moveis Domesticos,Escritorio,V008,2,1350.0,1520.0,2754.0,60,1234.0
VND000828,2024-05-01,P015,Servicos sob Demanda,Projetos,V007,1,8500.0,3500.0,9010.0,0,5510.0
VND000829,2024-05-01,P014,Servicos sob Demanda,Projetos,V004,2,5200.0,4200.0,9360.0,0,5160.0
VND000830,2024-05-02,P002,Moveis Domesticos,Mesas,V005,1,2200.0,1250.0,2420.0,15,1170.0
VND000831,2024-05-02,P009,Moveis Comerciais,Mesas,V008,1,1662.5,980.0,1695.75,15,715.75
VND000832,2024-05-02,P003,Moveis Domesticos,Dormitorio,V003,3,2600.0,4500.0,8034.0,0,3534.0
VND000833,2024-05-02,P014,Servicos sob Demanda,Projetos,V007,1,4784.0,2100.0,5071.04,30,2971.04
VND000834,2024-05-02,P015,Servicos sob Demanda,Projetos,V005,1,8075.0,3500.0,8882.5,0,5382.5
VND000835,2024-05-02,P014,Servicos sob Demanda,Projetos,V005,1,4940.0,2100.0,5434.0,0,3334.0
VND000836,2024-05-02,P013,Moveis Comerciais,Mesas,V001,3,3900.0,6600.0,12636.0,0,6036.0
VND000837,2024-05-02,P018,Servicos sob Demanda,Projetos,V005,1,6596.0,2600.0,7255.6,7,4655.6
VND000838,2024-05-02,P009,Moveis Comerciais,Mesas,V003,3,1697.5,2940.0,5245.28,0,2305.2799999999997
VND000839,2024-05-03,P018,Servicos sob Demanda,Projetos,V001,1,6800.0,2600.0,7344.0,30,4744.0
VND000840,2024-05-03,P004,Moveis Domesticos,Dormitorio,V003,2,3007.0,3700.0,6194.42,30,2494.42
VND000841,2024-05-03,P002,Moveis Domesticos,Mesas,V002,1,2200.0,1250.0,2090.0,30,840.0
VND000842,2024-05-03,P006,Moveis Domesticos,Estofados,V001,2,950.6,1040.0,2053.3,0,1013.3000000000002
VND000843,2024-05-03,P007,Moveis Domesticos,Escritorio,V003,2,1309.5,1520.0,2697.57,0,1177.5700000000002
VND000844,2024-05-03,P002,Moveis Domesticos,Mesas,V003,1,2134.0,1250.0,2198.02,7,948.02
VND000845,2024-05-03,P013,Moveis Comerciais,Mesas,V003,1,3705.0,2200.0,3816.15,0,1616.15
VND000846,2024-05-04,P014,Servicos sob Demanda,Projetos,V004,2,5200.0,4200.0,9360.0,15,5160.0
VND000847,2024-05-04,P017,Servicos sob Demanda,Consultoria,V006,1,2716.0,900.0,2634.52,60,1734.52
VND000848,2024-05-04,P009,Moveis Comerciais,Mesas,V008,1,1662.5,980.0,1695.75,45,715.75
VND000849,2024-05-04,P014,Servicos sob Demanda,Projetos,V005,1,5044.0,2100.0,5548.4,0,3448.3999999999996
VND000850,2024-05-04,P008,Moveis Comerciais,Cadeiras,V002,5,1150.0,3200.0,5462.5,30,2262.5
VND000851,2024-05-04,P002,Moveis Domesticos,Mesas,V004,1,2200.0,1250.0,1980.0,30,730.0
VND000852,2024-05-04,P017,Servicos sob Demanda,Consultoria,V007,2,2660.0,1800.0,5639.2,45,3839.2
VND000853,2024-05-04,P015,Servicos sob Demanda,Projetos,V005,1,8500.0,3500.0,9350.0,0,5850.0
VND000854,2024-05-04,P006,Moveis Domesticos,Estofados,V008,1,980.0,520.0,999.6,60,479.6
VND000855,2024-05-05,P013,Moveis Comerciais,Mesas,V005,2,3900.0,4400.0,8580.0,7,4180.0
VND000856,2024-05-05,P008,Moveis Comerciais,Cadeiras,V001,2,1150.0,1280.0,2484.0,0,1204.0
VND000857,2024-05-05,P001,Moveis Domesticos,Estofados,V002,1,1794.5,1100.0,1704.78,45,604.78
VND000858,2024-05-05,P010,Moveis Comerciais,Armazenagem,V007,1,2450.0,1400.0,2597.0,15,1197.0
VND000859,2024-05-05,P015,Servicos sob Demanda,Projetos,V005,1,8500.0,3500.0,9350.0,60,5850.0
VND000860,2024-05-05,P001,Moveis Domesticos,Estofados,V002,1,1850.0,1100.0,1757.5,45,657.5
VND000861,2024-05-06,P009,Moveis Comerciais,Mesas,V006,1,1750.0,980.0,1697.5,15,717.5
VND000862,2024-05-06,P004,Moveis Domesticos,Dormitorio,V007,2,3100.0,3700.0,6572.0,30,2872.0
VND000863,2024-05-06,P009,Moveis Comerciais,Mesas,V001,2,1697.5,1960.0,3666.6,0,1706.6
VND000864,2024-05-06,P009,Moveis Comerciais,Mesas,V006,1,1662.5,980.0,1612.62,45,632.6199999999999
VND000865,2024-05-06,P007,Moveis Domesticos,Escritorio,V008,2,1350.0,1520.0,2754.0,0,1234.0
VND000866,2024-05-06,P006,Moveis Domesticos,Estofados,V005,2,931.0,1040.0,2048.2,15,1008.1999999999998
VND000867,2024-05-07,P001,Moveis Domesticos,Estofados,V002,2,1850.0,2200.0,3515.0,7,1315.0
VND000868,2024-05-07,P001,Moveis Domesticos,Estofados,V003,1,1850.0,1100.0,1905.5,30,805.5
VND000869,2024-05-08,P007,Moveis Domesticos,Escritorio,V007,1,1350.0,760.0,1431.0,30,671.0
VND000870,2024-05-08,P009,Moveis Comerciais,Mesas,V001,2,1610.0,1960.0,3477.6,30,1517.6
VND000871,2024-05-08,P013,Moveis Comerciais,Mesas,V002,2,3900.0,4400.0,7410.0,15,3010.0
VND000872,2024-05-08,P001,Moveis Domesticos,Estofados,V001,1,1702.0,1100.0,1838.16,30,738.1600000000001
VND000873,2024-05-08,P009,Moveis Comerciais,Mesas,V007,1,1662.5,980.0,1762.25,30,782.25
VND000874,2024-05-08,P007,Moveis Domesticos,Escritorio,V006,3,1350.0,2280.0,3928.5,15,1648.5
VND000875,2024-05-09,P008,Moveis Comerciais,Cadeiras,V001,2,1092.5,1280.0,2359.8,7,1079.8000000000002
VND000876,2024-05-09,P009,Moveis Comerciais,Mesas,V006,2,1750.0,1960.0,3395.0,15,1435.0
VND000877,2024-05-09,P001,Moveis Domesticos,Estofados,V008,2,1794.5,2200.0,3660.78,30,1460.7800000000002
VND000878,2024-05-09,P008,Moveis Comerciais,Cadeiras,V008,1,1150.0,640.0,1173.0,30,533.0
VND000879,2024-05-09,P006,Moveis Domesticos,Estofados,V005,1,931.0,520.0,1024.1,30,504.0999999999999
VND000880,2024-05-09,P006,Moveis Domesticos,Estofados,V001,1,980.0,520.0,1058.4,30,538.4000000000001
VND000881,2024-05-10,P008,Moveis Comerciais,Cadeiras,V002,1,1115.5,640.0,1059.72,15,419.72
VND000882,2024-05-10,P007,Moveis Domesticos,Escritorio,V003,3,1350.0,2280.0,4171.5,0,1891.5
VND000883,2024-05-10,P006,Moveis Domesticos,Estofados,V004,3,980.0,1560.0,2646.0,45,1086.0
VND000884,2024-05-10,P003,Moveis Domesticos,Dormitorio,V001,1,2392.0,1500.0,2583.36,60,1083.3600000000001
VND000885,2024-05-10,P009,Moveis Comerciais,Mesas,V003,2,1750.0,1960.0,3605.0,60,1645.0
VND000886,2024-05-10,P017,Servicos sob Demanda,Consultoria,V003,1,2716.0,900.0,2797.48,7,1897.48
VND000887,2024-05-11,P013,Moveis Comerciais,Mesas,V007,1,3900.0,2200.0,4134.0,7,1934.0
VND000888,2024-05-11,P009,Moveis Comerciais,Mesas,V004,1,1750.0,980.0,1575.0,30,595.0
VND000889,2024-05-11,P003,Moveis Domesticos,Dormitorio,V006,2,2470.0,3000.0,4791.8,15,1791.8000000000002
VND000890,2024-05-11,P001,Moveis Domesticos,Estofados,V003,4,1757.5,4400.0,7240.9,30,2840.8999999999996
VND000891,2024-05-11,P017,Servicos sob Demanda,Consultoria,V003,2,2660.0,1800.0,5479.6,30,3679.6000000000004
VND000892,2024-05-11,P004,Moveis Domesticos,Dormitorio,V007,1,3007.0,1850.0,3187.42,30,1337.42
VND000893,2024-05-12,P015,Servicos sob Demanda,Projetos,V001,1,8245.0,3500.0,8904.6,30,5404.6
VND000894,2024-05-12,P011,Moveis Comerciais,Atendimento,V005,2,3200.0,3700.0,7040.0,45,3340.0
VND000895,2024-05-12,P002,Moveis Domesticos,Mesas,V006,1,2090.0,1250.0,2027.3,15,777.3
VND000896,2024-05-12,P004,Moveis Domesticos,Dormitorio,V005,2,3007.0,3700.0,6615.4,30,2915.3999999999996
VND000897,2024-05-12,P006,Moveis Domesticos,Estofados,V005,1,980.0,520.0,1078.0,45,558.0
VND000898,2024-05-12,P016,Servicos sob Demanda,Projetos,V006,2,12125.0,10400.0,23522.5,60,13122.5
VND000899,2024-05-12,P012,Moveis Comerciais,Estacoes,V007,4,4800.0,11400.0,20352.0,15,8952.0
VND000900,2024-05-13,P007,Moveis Domesticos,Escritorio,V003,1,1309.5,760.0,1348.78,30,588.78
VND000901,2024-05-13,P015,Servicos sob Demanda,Projetos,V003,1,7820.0,3500.0,8054.6,7,4554.6
VND000902,2024-05-13,P003,Moveis Domesticos,Dormitorio,V006,2,2522.0,3000.0,4892.68,30,1892.6800000000003
VND000903,2024-05-13,P015,Servicos sob Demanda,Projetos,V005,2,8075.0,7000.0,17765.0,0,10765.0
VND000904,2024-05-13,P018,Servicos sob Demanda,Projetos,V003,1,6800.0,2600.0,7004.0,30,4404.0
VND000905,2024-05-13,P005,Moveis Domesticos,Sala,V001,1,1212.5,720.0,1309.5,45,589.5
VND000906,2024-05-13,P002,Moveis Domesticos,Mesas,V007,2,2200.0,2500.0,4664.0,0,2164.0
VND000907,2024-05-13,P008,Moveis Comerciais,Cadeiras,V006,1,1092.5,640.0,1059.72,7,419.72
VND000908,2024-05-13,P010,Moveis Comerciais,Armazenagem,V008,1,2450.0,1400.0,2499.0,45,1099.0
VND000909,2024-05-14,P008,Moveis Comerciais,Cadeiras,V003,2,1150.0,1280.0,2369.0,15,1089.0
VND000910,2024-05-14,P007,Moveis Domesticos,Escritorio,V001,1,1350.0,760.0,1458.0,15,698.0
VND000911,2024-05-14,P002,Moveis Domesticos,Mesas,V007,2,2134.0,2500.0,4524.08,45,2024.08
VND000912,2024-05-14,P009,Moveis Comerciais,Mesas,V003,4,1750.0,3920.0,7210.0,30,3290.0
VND000913,2024-05-14,P007,Moveis Domesticos,Escritorio,V008,2,1350.0,1520.0,2754.0,7,1234.0
VND000914,2024-05-14,P010,Moveis Comerciais,Armazenagem,V004,3,2327.5,4200.0,6284.25,7,2084.25
VND000915,2024-05-14,P012,Moveis Comerciais,Estacoes,V004,1,4656.0,2850.0,4190.4,7,1340.3999999999996
VND000916,2024-05-14,P012,Moveis Comerciais,Estacoes,V007,3,4416.0,8550.0,14042.88,30,5492.879999999999
VND000917,2024-05-15,P005,Moveis Domesticos,Sala,V008,4,1187.5,2880.0,4845.0,30,1965.0
VND000918,2024-05-15,P001,Moveis Domesticos,Estofados,V003,2,1757.5,2200.0,3620.45,0,1420.4499999999998
VND000919,2024-05-15,P015,Servicos sob Demanda,Projetos,V003,1,8500.0,3500.0,8755.0,15,5255.0
VND000920,2024-05-15,P009,Moveis Comerciais,Mesas,V004,2,1662.5,1960.0,2992.5,45,1032.5
VND000921,2024-05-16,P013,Moveis Comerciais,Mesas,V002,1,3900.0,2200.0,3705.0,0,1505.0
VND000922,2024-05-16,P007,Moveis Domesticos,Escritorio,V007,2,1350.0,1520.0,2862.0,60,1342.0
VND000923,2024-05-16,P007,Moveis Domesticos,Escritorio,V001,1,1350.0,760.0,1458.0,60,698.0
VND000924,2024-05-16,P005,Moveis Domesticos,Sala,V003,1,1212.5,720.0,1248.88,0,528.8800000000001
VND000925,2024-05-17,P002,Moveis Domesticos,Mesas,V002,2,2090.0,2500.0,3971.0,60,1471.0
VND000926,2024-05-17,P008,Moveis Comerciais,Cadeiras,V002,1,1150.0,640.0,1092.5,30,452.5
VND000927,2024-05-17,P011,Moveis Comerciais,Atendimento,V008,2,3040.0,3700.0,6201.6,0,2501.6000000000004
VND000928,2024-05-17,P006,Moveis Domesticos,Estofados,V001,1,931.0,520.0,1005.48,7,485.48
VND000929,2024-05-17,P007,Moveis Domesticos,Escritorio,V005,1,1242.0,760.0,1366.2,30,606.2
VND000930,2024-05-18,P003,Moveis Domesticos,Dormitorio,V004,1,2600.0,1500.0,2340.0,60,840.0
VND000931,2024-05-18,P015,Servicos sob Demanda,Projetos,V004,1,8245.0,3500.0,7420.5,45,3920.5
VND000932,2024-05-18,P018,Servicos sob Demanda,Projetos,V004,1,6800.0,2600.0,6120.0,0,3520.0
VND000933,2024-05-18,P006,Moveis Domesticos,Estofados,V008,1,980.0,520.0,999.6,0,479.6
VND000934,2024-05-18,P012,Moveis Comerciais,Estacoes,V003,1,4560.0,2850.0,4696.8,7,1846.8000000000002
VND000935,2024-05-18,P002,Moveis Domesticos,Mesas,V004,1,2090.0,1250.0,1881.0,30,631.0
VND000936,2024-05-18,P002,Moveis Domesticos,Mesas,V003,1,2200.0,1250.0,2266.0,45,1016.0
VND000937,2024-05-18,P004,Moveis Domesticos,Dormitorio,V002,1,3100.0,1850.0,2945.0,15,1095.0
VND000938,2024-05-18,P001,Moveis Domesticos,Estofados,V001,3,1794.5,3300.0,5814.18,30,2514.1800000000003
VND000939,2024-05-18,P001,Moveis Domesticos,Estofados,V008,3,1850.0,3300.0,5661.0,45,2361.0
VND000940,2024-05-18,P006,Moveis Domesticos,Estofados,V006,1,931.0,520.0,903.07,7,383.07000000000005
VND000941,2024-05-18,P005,Moveis Domesticos,Sala,V003,1,1250.0,720.0,1287.5,60,567.5
VND000942,2024-05-18,P005,Moveis Domesticos,Sala,V001,4,1250.0,2880.0,5400.0,30,2520.0
VND000943,2024-05-18,P018,Servicos sob Demanda,Projetos,V003,2,6460.0,5200.0,13307.6,45,8107.6
VND000944,2024-05-18,P004,Moveis Domesticos,Dormitorio,V002,3,2945.0,5550.0,8393.25,15,2843.25
VND000945,2024-05-18,P005,Moveis Domesticos,Sala,V001,1,1212.5,720.0,1309.5,15,589.5
VND000946,2024-05-19,P017,Servicos sob Demanda,Consultoria,V002,3,2800.0,2700.0,7980.0,45,5280.0
VND000947,2024-05-19,P014,Servicos sob Demanda,Projetos,V004,1,5200.0,2100.0,4680.0,30,2580.0
VND000948,2024-05-19,P009,Moveis Comerciais,Mesas,V001,1,1610.0,980.0,1738.8,0,758.8
VND000949,2024-05-19,P007,Moveis Domesticos,Escritorio,V005,1,1309.5,760.0,1440.45,0,680.45
VND000950,2024-05-19,P002,Moveis Domesticos,Mesas,V005,2,2134.0,2500.0,4694.8,45,2194.8
VND000951,2024-05-19,P012,Moveis Comerciais,Estacoes,V004,3,4800.0,8550.0,12960.0,0,4410.0
VND000952,2024-05-19,P007,Moveis Domesticos,Escritorio,V004,1,1350.0,760.0,1215.0,45,455.0
VND000953,2024-05-19,P009,Moveis Comerciais,Mesas,V002,4,1610.0,3920.0,6118.0,30,2198.0
VND000954,2024-05-20,P002,Moveis Domesticos,Mesas,V001,1,2134.0,1250.0,2304.72,30,1054.7199999999998
VND000955,2024-05-20,P007,Moveis Domesticos,Escritorio,V001,1,1350.0,760.0,1458.0,60,698.0
VND000956,2024-05-20,P007,Moveis Domesticos,Escritorio,V007,1,1282.5,760.0,1359.45,45,599.45
VND000957,2024-05-20,P006,Moveis Domesticos,Estofados,V005,1,950.6,520.0,1045.66,30,525.6600000000001
VND000958,2024-05-20,P005,Moveis Domesticos,Sala,V008,3,1250.0,2160.0,3825.0,15,1665.0
VND000959,2024-05-21,P009,Moveis Comerciais,Mesas,V001,1,1697.5,980.0,1833.3,15,853.3
VND000960,2024-05-21,P011,Moveis Comerciais,Atendimento,V005,3,3040.0,5550.0,10032.0,30,4482.0
VND000961,2024-05-21,P010,Moveis Comerciais,Armazenagem,V008,2,2376.5,2800.0,4848.06,15,2048.0600000000004
VND000962,2024-05-21,P010,Moveis Comerciais,Armazenagem,V002,1,2327.5,1400.0,2211.12,45,811.1199999999999
VND000963,2024-05-21,P008,Moveis Comerciais,Cadeiras,V001,3,1150.0,1920.0,3726.0,0,1806.0
VND000964,2024-05-21,P008,Moveis Comerciais,Cadeiras,V003,1,1115.5,640.0,1148.96,0,508.96000000000004
VND000965,2024-05-21,P002,Moveis Domesticos,Mesas,V003,4,2134.0,5000.0,8792.08,0,3792.08
VND000966,2024-05-21,P015,Servicos sob Demanda,Projetos,V005,3,8500.0,10500.0,28050.0,60,17550.0
VND000967,2024-05-21,P006,Moveis Domesticos,Estofados,V002,1,980.0,520.0,931.0,60,411.0
VND000968,2024-05-21,P016,Servicos sob Demanda,Projetos,V006,3,12125.0,15600.0,35283.75,0,19683.75
VND000969,2024-05-22,P005,Moveis Domesticos,Sala,V002,1,1250.0,720.0,1187.5,7,467.5
VND000970,2024-05-22,P016,Servicos sob Demanda,Projetos,V001,1,12500.0,5200.0,13500.0,30,8300.0
VND000971,2024-05-22,P005,Moveis Domesticos,Sala,V006,1,1212.5,720.0,1176.12,30,456.1199999999999
VND000972,2024-05-22,P009,Moveis Comerciais,Mesas,V005,1,1750.0,980.0,1925.0,30,945.0
VND000973,2024-05-22,P001,Moveis Domesticos,Estofados,V008,1,1850.0,1100.0,1887.0,30,787.0
VND000974,2024-05-22,P006,Moveis Domesticos,Estofados,V001,4,950.6,2080.0,4106.59,30,2026.5900000000001
VND000975,2024-05-22,P009,Moveis Comerciais,Mesas,V002,1,1750.0,980.0,1662.5,0,682.5
VND000976,2024-05-22,P017,Servicos sob Demanda,Consultoria,V002,1,2716.0,900.0,2580.2,60,1680.1999999999998
VND000977,2024-05-23,P012,Moveis Comerciais,Estacoes,V006,2,4800.0,5700.0,9312.0,45,3612.0
VND000978,2024-05-23,P013,Moveis Comerciais,Mesas,V005,1,3900.0,2200.0,4290.0,0,2090.0
VND000979,2024-05-23,P004,Moveis Domesticos,Dormitorio,V008,3,2945.0,5550.0,9011.7,30,3461.7000000000007
VND000980,2024-05-23,P010,Moveis Comerciais,Armazenagem,V005,3,2450.0,4200.0,8085.0,30,3885.0
VND000981,2024-05-23,P008,Moveis Comerciais,Cadeiras,V007,2,1092.5,1280.0,2316.1,30,1036.1
VND000982,2024-05-23,P011,Moveis Comerciais,Atendimento,V006,3,3104.0,5550.0,9032.64,30,3482.6399999999994
VND000983,2024-05-23,P008,Moveis Comerciais,Cadeiras,V002,1,1150.0,640.0,1092.5,15,452.5
VND000984,2024-05-23,P003,Moveis Domesticos,Dormitorio,V008,2,2522.0,3000.0,5144.88,30,2144.88
VND000985,2024-05-23,P003,Moveis Domesticos,Dormitorio,V007,3,2600.0,4500.0,8268.0,30,3768.0
VND000986,2024-05-23,P001,Moveis Domesticos,Estofados,V008,1,1757.5,1100.0,1792.65,30,692.6500000000001
VND000987,2024-05-23,P018,Servicos sob Demanda,Projetos,V008,2,6800.0,5200.0,13872.0,30,8672.0
VND000988,2024-05-23,P001,Moveis Domesticos,Estofados,V006,1,1850.0,1100.0,1794.5,0,694.5
VND000989,2024-05-23,P004,Moveis Domesticos,Dormitorio,V005,5,2945.0,9250.0,16197.5,30,6947.5
VND000990,2024-05-24,P008,Moveis Comerciais,Cadeiras,V006,1,1058.0,640.0,1026.26,0,386.26
VND000991,2024-05-24,P011,Moveis Comerciais,Atendimento,V005,2,3200.0,3700.0,7040.0,30,3340.0
VND000992,2024-05-24,P018,Servicos sob Demanda,Projetos,V001,2,6800.0,5200.0,14688.0,30,9488.0
VND000993,2024-05-24,P009,Moveis Comerciais,Mesas,V007,1,1662.5,980.0,1762.25,7,782.25
VND000994,2024-05-24,P003,Moveis Domesticos,Dormitorio,V001,1,2600.0,1500.0,2808.0,30,1308.0
VND000995,2024-05-24,P002,Moveis Domesticos,Mesas,V004,4,2200.0,5000.0,7920.0,60,2920.0
VND000996,2024-05-24,P018,Servicos sob Demanda,Projetos,V002,1,6596.0,2600.0,6266.2,7,3666.2
VND000997,2024-05-25,P009,Moveis Comerciais,Mesas,V001,1,1750.0,980.0,1890.0,0,910.0
VND000998,2024-05-25,P006,Moveis Domesticos,Estofados,V003,4,950.6,2080.0,3916.47,7,1836.4699999999998
VND000999,2024-05-25,P005,Moveis Domesticos,Sala,V004,2,1250.0,1440.0,2250.0,0,810.0
VND001000,2024-05-25,P017,Servicos sob Demanda,Consultoria,V008,3,2716.0,2700.0,8310.96,45,5610.959999999999
VND001001,2024-05-25,P012,Moveis Comerciais,Estacoes,V004,1,4800.0,2850.0,4320.0,30,1470.0
VND001002,2024-05-25,P014,Servicos sob Demanda,Projetos,V004,2,5044.0,4200.0,9079.2,15,4879.200000000001
VND001003,2024-05-25,P004,Moveis Domesticos,Dormitorio,V007,1,3100.0,1850.0,3286.0,30,1436.0
VND001004,2024-05-26,P010,Moveis Comerciais,Armazenagem,V003,1,2450.0,1400.0,2523.5,60,1123.5
VND001005,2024-05-26,P009,Moveis Comerciais,Mesas,V008,4,1697.5,3920.0,6925.8,30,3005.8
VND001006,2024-05-27,P018,Servicos sob Demanda,Projetos,V002,1,6460.0,2600.0,6137.0,15,3537.0
VND001007,2024-05-27,P007,Moveis Domesticos,Escritorio,V001,1,1350.0,760.0,1458.0,30,698.0
VND001008,2024-05-27,P002,Moveis Domesticos,Mesas,V003,1,2200.0,1250.0,2266.0,15,1016.0
VND001009,2024-05-27,P011,Moveis Comerciais,Atendimento,V005,1,3040.0,1850.0,3344.0,15,1494.0
VND001010,2024-05-28,P007,Moveis Domesticos,Escritorio,V006,3,1282.5,2280.0,3732.08,0,1452.08
VND001011,2024-05-28,P008,Moveis Comerciais,Cadeiras,V003,1,1115.5,640.0,1148.96,30,508.96000000000004
VND001012,2024-05-28,P010,Moveis Comerciais,Armazenagem,V005,1,2450.0,1400.0,2695.0,60,1295.0
VND001013,2024-05-28,P017,Servicos sob Demanda,Consultoria,V004,1,2800.0,900.0,2520.0,15,1620.0
VND001014,2024-05-28,P001,Moveis Domesticos,Estofados,V006,1,1850.0,1100.0,1794.5,0,694.5
VND001015,2024-05-28,P010,Moveis Comerciais,Armazenagem,V001,1,2376.5,1400.0,2566.62,45,1166.62
VND001016,2024-05-28,P017,Servicos sob Demanda,Consultoria,V004,1,2660.0,900.0,2394.0,30,1494.0
VND001017,2024-05-28,P011,Moveis Comerciais,Atendimento,V005,1,3200.0,1850.0,3520.0,30,1670.0
VND001018,2024-05-28,P006,Moveis Domesticos,Estofados,V008,1,980.0,520.0,999.6,30,479.6
VND001019,2024-05-28,P008,Moveis Comerciais,Cadeiras,V008,4,1115.5,2560.0,4551.24,7,1991.2399999999998
VND001020,2024-05-28,P003,Moveis Domesticos,Dormitorio,V006,1,2600.0,1500.0,2522.0,30,1022.0
VND001021,2024-05-28,P002,Moveis Domesticos,Mesas,V002,1,2200.0,1250.0,2090.0,0,840.0
VND001022,2024-05-28,P018,Servicos sob Demanda,Projetos,V003,1,6800.0,2600.0,7004.0,15,4404.0
VND001023,2024-05-29,P013,Moveis Comerciais,Mesas,V003,2,3705.0,4400.0,7632.3,30,3232.3
VND001024,2024-05-29,P001,Moveis Domesticos,Estofados,V005,3,1757.5,3300.0,5799.75,45,2499.75
VND001025,2024-05-29,P008,Moveis Comerciais,Cadeiras,V002,1,1115.5,640.0,1059.72,15,419.72
VND001026,2024-05-29,P010,Moveis Comerciais,Armazenagem,V001,4,2450.0,5600.0,10584.0,30,4984.0
VND001027,2024-05-29,P012,Moveis Comerciais,Estacoes,V002,2,4560.0,5700.0,8664.0,0,2964.0
VND001028,2024-05-29,P002,Moveis Domesticos,Mesas,V006,1,2024.0,1250.0,1963.28,60,713.28
VND001029,2024-05-29,P013,Moveis Comerciais,Mesas,V007,1,3783.0,2200.0,4009.98,15,1809.98
VND001030,2024-05-29,P004,Moveis Domesticos,Dormitorio,V002,1,3007.0,1850.0,2856.65,60,1006.6500000000001
VND001031,2024-05-29,P011,Moveis Comerciais,Atendimento,V004,1,2944.0,1850.0,2649.6,15,799.5999999999999
VND001032,2024-05-29,P010,Moveis Comerciais,Armazenagem,V006,2,2376.5,2800.0,4610.41,0,1810.4099999999999
VND001033,2024-05-29,P013,Moveis Comerciais,Mesas,V002,1,3900.0,2200.0,3705.0,7,1505.0
VND001034,2024-05-29,P006,Moveis Domesticos,Estofados,V004,1,980.0,520.0,882.0,45,362.0
VND001035,2024-05-29,P018,Servicos sob Demanda,Projetos,V006,1,6800.0,2600.0,6596.0,15,3996.0
VND001036,2024-05-30,P010,Moveis Comerciais,Armazenagem,V001,3,2450.0,4200.0,7938.0,60,3738.0
VND001037,2024-05-30,P008,Moveis Comerciais,Cadeiras,V006,2,1150.0,1280.0,2231.0,15,951.0
VND001038,2024-05-30,P007,Moveis Domesticos,Escritorio,V005,1,1350.0,760.0,1485.0,0,725.0
VND001039,2024-05-30,P017,Servicos sob Demanda,Consultoria,V003,2,2660.0,1800.0,5479.6,7,3679.6000000000004
VND001040,2024-05-30,P010,Moveis Comerciais,Armazenagem,V002,4,2450.0,5600.0,9310.0,0,3710.0
VND001041,2024-05-30,P013,Moveis Comerciais,Mesas,V001,3,3783.0,6600.0,12256.92,30,5656.92
VND001042,2024-05-30,P002,Moveis Domesticos,Mesas,V007,1,2024.0,1250.0,2145.44,15,895.44
VND001043,2024-05-30,P005,Moveis Domesticos,Sala,V002,1,1150.0,720.0,1092.5,0,372.5
VND001044,2024-05-30,P013,Moveis Comerciais,Mesas,V001,1,3900.0,2200.0,4212.0,7,2012.0
VND001045,2024-05-31,P012,Moveis Comerciais,Estacoes,V002,3,4416.0,8550.0,12585.6,30,4035.6000000000004
VND001046,2024-05-31,P004,Moveis Domesticos,Dormitorio,V007,1,3007.0,1850.0,3187.42,0,1337.42
VND001047,2024-06-01,P015,Servicos sob Demanda,Projetos,V005,1,8500.0,3500.0,9350.0,7,5850.0
VND001048,2024-06-01,P008,Moveis Comerciais,Cadeiras,V002,1,1058.0,640.0,1005.1,0,365.1
VND001049,2024-06-01,P009,Moveis Comerciais,Mesas,V004,4,1750.0,3920.0,6300.0,0,2380.0
VND001050,2024-06-01,P005,Moveis Domesticos,Sala,V004,1,1187.5,720.0,1068.75,45,348.75
VND001051,2024-06-01,P011,Moveis Comerciais,Atendimento,V006,1,3200.0,1850.0,3104.0,30,1254.0
VND001052,2024-06-01,P006,Moveis Domesticos,Estofados,V006,2,980.0,1040.0,1901.2,15,861.2
VND001053,2024-06-01,P009,Moveis Comerciais,Mesas,V005,4,1697.5,3920.0,7469.0,30,3549.0
VND001054,2024-06-01,P001,Moveis Domesticos,Estofados,V004,2,1850.0,2200.0,3330.0,0,1130.0
VND001055,2024-06-01,P013,Moveis Comerciais,Mesas,V003,1,3705.0,2200.0,3816.15,15,1616.15
VND001056,2024-06-01,P006,Moveis Domesticos,Estofados,V003,2,980.0,1040.0,2018.8,60,978.8
VND001057,2024-06-02,P002,Moveis Domesticos,Mesas,V004,1,2024.0,1250.0,1821.6,45,571.5999999999999
VND001058,2024-06-02,P002,Moveis Domesticos,Mesas,V008,2,2134.0,2500.0,4353.36,30,1853.3599999999997
VND001059,2024-06-02,P001,Moveis Domesticos,Estofados,V008,2,1850.0,2200.0,3774.0,30,1574.0
VND001060,2024-06-02,P018,Servicos sob Demanda,Projetos,V005,3,6596.0,7800.0,21766.8,0,13966.8
VND001061,2024-06-02,P011,Moveis Comerciais,Atendimento,V005,3,3200.0,5550.0,10560.0,0,5010.0
VND001062,2024-06-02,P005,Moveis Domesticos,Sala,V001,1,1250.0,720.0,1350.0,7,630.0
VND001063,2024-06-02,P013,Moveis Comerciais,Mesas,V007,2,3900.0,4400.0,8268.0,15,3868.0
VND001064,2024-06-03,P004,Moveis Domesticos,Dormitorio,V001,4,3100.0,7400.0,13392.0,30,5992.0
VND001065,2024-06-03,P001,Moveis Domesticos,Estofados,V003,1,1850.0,1100.0,1905.5,30,805.5
VND001066,2024-06-03,P005,Moveis Domesticos,Sala,V008,1,1212.5,720.0,1236.75,60,516.75
VND001067,2024-06-03,P005,Moveis Domesticos,Sala,V001,4,1250.0,2880.0,5400.0,7,2520.0
VND001068,2024-06-03,P015,Servicos sob Demanda,Projetos,V004,1,8245.0,3500.0,7420.5,60,3920.5
VND001069,2024-06-04,P018,Servicos sob Demanda,Projetos,V007,1,6800.0,2600.0,7208.0,7,4608.0
VND001070,2024-06-04,P015,Servicos sob Demanda,Projetos,V003,1,8075.0,3500.0,8317.25,30,4817.25
VND001071,2024-06-04,P006,Moveis Domesticos,Estofados,V006,1,901.6,520.0,874.55,15,354.54999999999995
VND001072,2024-06-04,P006,Moveis Domesticos,Estofados,V005,5,931.0,2600.0,5120.5,15,2520.5
VND001073,2024-06-04,P009,Moveis Comerciais,Mesas,V004,6,1750.0,5880.0,9450.0,45,3570.0
VND001074,2024-06-05,P002,Moveis Domesticos,Mesas,V003,1,2024.0,1250.0,2084.72,60,834.7199999999998
VND001075,2024-06-05,P001,Moveis Domesticos,Estofados,V006,4,1850.0,4400.0,7178.0,15,2778.0
VND001076,2024-06-05,P017,Servicos sob Demanda,Consultoria,V001,1,2800.0,900.0,3024.0,60,2124.0
VND001077,2024-06-05,P005,Moveis Domesticos,Sala,V003,2,1250.0,1440.0,2575.0,15,1135.0
VND001078,2024-06-05,P011,Moveis Comerciais,Atendimento,V004,1,3104.0,1850.0,2793.6,0,943.5999999999999
VND001079,2024-06-05,P003,Moveis Domesticos,Dormitorio,V007,3,2522.0,4500.0,8019.96,60,3519.96
VND001080,2024-06-05,P010,Moveis Comerciais,Armazenagem,V004,1,2376.5,1400.0,2138.85,45,738.8499999999999
VND001081,2024-06-05,P006,Moveis Domesticos,Estofados,V005,3,901.6,1560.0,2975.28,15,1415.2800000000002
VND001082,2024-06-05,P008,Moveis Comerciais,Cadeiras,V004,5,1115.5,3200.0,5019.75,45,1819.75
VND001083,2024-06-05,P001,Moveis Domesticos,Estofados,V001,3,1850.0,3300.0,5994.0,15,2694.0
VND001084,2024-06-05,P006,Moveis Domesticos,Estofados,V001,1,950.6,520.0,1026.65,15,506.6500000000001
VND001085,2024-06-05,P014,Servicos sob Demanda,Projetos,V008,1,5044.0,2100.0,5144.88,30,3044.88
VND001086,2024-06-06,P013,Moveis Comerciais,Mesas,V002,1,3900.0,2200.0,3705.0,0,1505.0
VND001087,2024-06-06,P008,Moveis Comerciais,Cadeiras,V003,3,1092.5,1920.0,3375.82,15,1455.8200000000002
VND001088,2024-06-06,P015,Servicos sob Demanda,Projetos,V001,1,8500.0,3500.0,9180.0,30,5680.0
VND001089,2024-06-06,P002,Moveis Domesticos,Mesas,V001,2,2200.0,2500.0,4752.0,15,2252.0
VND001090,2024-06-06,P012,Moveis Comerciais,Estacoes,V007,1,4800.0,2850.0,5088.0,30,2238.0
VND001091,2024-06-06,P007,Moveis Domesticos,Escritorio,V001,4,1309.5,3040.0,5657.04,45,2617.04
VND001092,2024-06-06,P015,Servicos sob Demanda,Projetos,V003,2,8500.0,7000.0,17510.0,60,10510.0
VND001093,2024-06-06,P002,Moveis Domesticos,Mesas,V004,1,2200.0,1250.0,1980.0,15,730.0
VND001094,2024-06-07,P012,Moveis Comerciais,Estacoes,V005,3,4800.0,8550.0,15840.0,0,7290.0
VND001095,2024-06-07,P017,Servicos sob Demanda,Consultoria,V006,2,2660.0,1800.0,5160.4,30,3360.3999999999996
VND001096,2024-06-07,P013,Moveis Comerciais,Mesas,V002,1,3900.0,2200.0,3705.0,15,1505.0
VND001097,2024-06-07,P018,Servicos sob Demanda,Projetos,V001,3,6460.0,7800.0,20930.4,0,13130.400000000001
VND001098,2024-06-08,P013,Moveis Comerciais,Mesas,V005,1,3900.0,2200.0,4290.0,30,2090.0
VND001099,2024-06-08,P013,Moveis Comerciais,Mesas,V007,2,3900.0,4400.0,8268.0,30,3868.0
VND001100,2024-06-08,P004,Moveis Domesticos,Dormitorio,V005,1,3007.0,1850.0,3307.7,30,1457.6999999999998
VND001101,2024-06-08,P018,Servicos sob Demanda,Projetos,V004,2,6800.0,5200.0,12240.0,60,7040.0
VND001102,2024-06-08,P003,Moveis Domesticos,Dormitorio,V003,1,2470.0,1500.0,2544.1,0,1044.1
VND001103,2024-06-08,P018,Servicos sob Demanda,Projetos,V003,1,6596.0,2600.0,6793.88,15,4193.88
VND001104,2024-06-08,P004,Moveis Domesticos,Dormitorio,V005,2,2945.0,3700.0,6479.0,7,2779.0
VND001105,2024-06-09,P005,Moveis Domesticos,Sala,V003,1,1187.5,720.0,1223.12,45,503.1199999999999
VND001106,2024-06-09,P009,Moveis Comerciais,Mesas,V005,1,1662.5,980.0,1828.75,0,848.75
VND001107,2024-06-09,P004,Moveis Domesticos,Dormitorio,V008,3,3100.0,5550.0,9486.0,30,3936.0
VND001108,2024-06-09,P007,Moveis Domesticos,Escritorio,V004,1,1350.0,760.0,1215.0,30,455.0
VND001109,2024-06-10,P001,Moveis Domesticos,Estofados,V001,1,1794.5,1100.0,1938.06,60,838.06
VND001110,2024-06-10,P017,Servicos sob Demanda,Consultoria,V007,1,2800.0,900.0,2968.0,30,2068.0
VND001111,2024-06-10,P001,Moveis Domesticos,Estofados,V003,1,1850.0,1100.0,1905.5,30,805.5
VND001112,2024-06-11,P018,Servicos sob Demanda,Projetos,V006,1,6596.0,2600.0,6398.12,60,3798.12
VND001113,2024-06-11,P010,Moveis Comerciais,Armazenagem,V008,1,2376.5,1400.0,2424.03,30,1024.0300000000002
VND001114,2024-06-11,P006,Moveis Domesticos,Estofados,V007,1,980.0,520.0,1038.8,45,518.8
VND001115,2024-06-11,P016,Servicos sob Demanda,Projetos,V003,2,11500.0,10400.0,23690.0,30,13290.0
VND001116,2024-06-11,P006,Moveis Domesticos,Estofados,V004,3,980.0,1560.0,2646.0,15,1086.0
VND001117,2024-06-11,P001,Moveis Domesticos,Estofados,V007,1,1794.5,1100.0,1902.17,0,802.1700000000001
VND001118,2024-06-11,P009,Moveis Comerciais,Mesas,V001,1,1750.0,980.0,1890.0,7,910.0
VND001119,2024-06-12,P005,Moveis Domesticos,Sala,V007,4,1187.5,2880.0,5035.0,15,2155.0
VND001120,2024-06-12,P004,Moveis Domesticos,Dormitorio,V006,1,2852.0,1850.0,2766.44,0,916.44
VND001121,2024-06-12,P004,Moveis Domesticos,Dormitorio,V006,2,2945.0,3700.0,5713.3,45,2013.3000000000002
VND001122,2024-06-12,P001,Moveis Domesticos,Estofados,V005,1,1794.5,1100.0,1973.95,0,873.95
VND001123,2024-06-12,P008,Moveis Comerciais,Cadeiras,V006,1,1092.5,640.0,1059.72,45,419.72
VND001124,2024-06-12,P018,Servicos sob Demanda,Projetos,V008,2,6460.0,5200.0,13178.4,60,7978.4
VND001125,2024-06-12,P018,Servicos sob Demanda,Projetos,V006,1,6256.0,2600.0,6068.32,30,3468.3199999999997
VND001126,2024-06-12,P015,Servicos sob Demanda,Projetos,V008,2,8075.0,7000.0,16473.0,0,9473.0
VND001127,2024-06-13,P001,Moveis Domesticos,Estofados,V003,4,1794.5,4400.0,7393.34,30,2993.34
VND001128,2024-06-13,P010,Moveis Comerciais,Armazenagem,V008,1,2450.0,1400.0,2499.0,45,1099.0
VND001129,2024-06-13,P011,Moveis Comerciais,Atendimento,V005,1,3200.0,1850.0,3520.0,60,1670.0
VND001130,2024-06-13,P006,Moveis Domesticos,Estofados,V003,1,980.0,520.0,1009.4,30,489.4
VND001131,2024-06-13,P018,Servicos sob Demanda,Projetos,V007,2,6596.0,5200.0,13983.52,0,8783.52
VND001132,2024-06-13,P015,Servicos sob Demanda,Projetos,V003,1,8500.0,3500.0,8755.0,45,5255.0
VND001133,2024-06-13,P003,Moveis Domesticos,Dormitorio,V007,2,2392.0,3000.0,5071.04,30,2071.04
VND001134,2024-06-14,P008,Moveis Comerciais,Cadeiras,V002,2,1150.0,1280.0,2185.0,15,905.0
VND001135,2024-06-14,P002,Moveis Domesticos,Mesas,V003,2,2200.0,2500.0,4532.0,60,2032.0
VND001136,2024-06-14,P008,Moveis Comerciais,Cadeiras,V004,1,1150.0,640.0,1035.0,60,395.0
VND001137,2024-06-14,P018,Servicos sob Demanda,Projetos,V003,1,6596.0,2600.0,6793.88,30,4193.88
VND001138,2024-06-14,P002,Moveis Domesticos,Mesas,V001,2,2134.0,2500.0,4609.44,0,2109.4399999999996
VND001139,2024-06-14,P005,Moveis Domesticos,Sala,V007,1,1250.0,720.0,1325.0,0,605.0
VND001140,2024-06-14,P015,Servicos sob Demanda,Projetos,V008,1,8245.0,3500.0,8409.9,15,4909.9
VND001141,2024-06-14,P017,Servicos sob Demanda,Consultoria,V004,1,2800.0,900.0,2520.0,30,1620.0
VND001142,2024-06-14,P011,Moveis Comerciais,Atendimento,V006,1,3200.0,1850.0,3104.0,45,1254.0
VND001143,2024-06-14,P009,Moveis Comerciais,Mesas,V008,1,1750.0,980.0,1785.0,30,805.0
VND001144,2024-06-14,P002,Moveis Domesticos,Mesas,V008,2,2200.0,2500.0,4488.0,30,1988.0
VND001145,2024-06-14,P006,Moveis Domesticos,Estofados,V001,2,901.6,1040.0,1947.46,15,907.46
VND001146,2024-06-14,P011,Moveis Comerciais,Atendimento,V003,2,2944.0,3700.0,6064.64,45,2364.6400000000003
VND001147,2024-06-14,P014,Servicos sob Demanda,Projetos,V001,1,5044.0,2100.0,5447.52,45,3347.5200000000004
VND001148,2024-06-15,P004,Moveis Domesticos,Dormitorio,V001,1,2945.0,1850.0,3180.6,0,1330.6
VND001149,2024-06-15,P008,Moveis Comerciais,Cadeiras,V003,3,1058.0,1920.0,3269.22,7,1349.2199999999998
VND001150,2024-06-15,P004,Moveis Domesticos,Dormitorio,V007,1,3007.0,1850.0,3187.42,7,1337.42
VND001151,2024-06-15,P003,Moveis Domesticos,Dormitorio,V008,2,2392.0,3000.0,4879.68,15,1879.6800000000003
VND001152,2024-06-15,P018,Servicos sob Demanda,Projetos,V002,2,6800.0,5200.0,12920.0,45,7720.0
VND001153,2024-06-15,P010,Moveis Comerciais,Armazenagem,V008,2,2450.0,2800.0,4998.0,30,2198.0
VND001154,2024-06-16,P015,Servicos sob Demanda,Projetos,V007,1,7820.0,3500.0,8289.2,60,4789.200000000001
VND001155,2024-06-16,P008,Moveis Comerciais,Cadeiras,V008,1,1150.0,640.0,1173.0,0,533.0
VND001156,2024-06-16,P018,Servicos sob Demanda,Projetos,V002,1,6800.0,2600.0,6460.0,15,3860.0
VND001157,2024-06-16,P006,Moveis Domesticos,Estofados,V006,1,901.6,520.0,874.55,60,354.54999999999995
VND001158,2024-06-16,P010,Moveis Comerciais,Armazenagem,V004,1,2450.0,1400.0,2205.0,45,805.0
VND001159,2024-06-16,P009,Moveis Comerciais,Mesas,V003,2,1662.5,1960.0,3424.75,60,1464.75
VND001160,2024-06-16,P004,Moveis Domesticos,Dormitorio,V003,1,3007.0,1850.0,3097.21,0,1247.21
VND001161,2024-06-17,P010,Moveis Comerciais,Armazenagem,V002,1,2254.0,1400.0,2141.3,15,741.3000000000002
VND001162,2024-06-17,P017,Servicos sob Demanda,Consultoria,V008,1,2800.0,900.0,2856.0,0,1956.0
VND001163,2024-06-17,P006,Moveis Domesticos,Estofados,V002,1,980.0,520.0,931.0,30,411.0
VND001164,2024-06-17,P014,Servicos sob Demanda,Projetos,V002,1,4940.0,2100.0,4693.0,7,2593.0
VND001165,2024-06-17,P012,Moveis Comerciais,Estacoes,V007,1,4800.0,2850.0,5088.0,60,2238.0
VND001166,2024-06-17,P010,Moveis Comerciais,Armazenagem,V007,2,2327.5,2800.0,4934.3,15,2134.3
VND001167,2024-06-17,P008,Moveis Comerciais,Cadeiras,V006,1,1058.0,640.0,1026.26,7,386.26
VND001168,2024-06-17,P006,Moveis Domesticos,Estofados,V006,3,950.6,1560.0,2766.25,30,1206.25
VND001169,2024-06-17,P006,Moveis Domesticos,Estofados,V002,1,980.0,520.0,931.0,60,411.0
VND001170,2024-06-18,P011,Moveis Comerciais,Atendimento,V004,2,3200.0,3700.0,5760.0,15,2060.0
VND001171,2024-06-18,P011,Moveis Comerciais,Atendimento,V007,1,3104.0,1850.0,3290.24,0,1440.2399999999998
VND001172,2024-06-18,P011,Moveis Comerciais,Atendimento,V007,3,3200.0,5550.0,10176.0,0,4626.0
VND001173,2024-06-18,P005,Moveis Domesticos,Sala,V003,1,1212.5,720.0,1248.88,45,528.8800000000001
VND001174,2024-06-18,P005,Moveis Domesticos,Sala,V008,1,1212.5,720.0,1236.75,0,516.75
VND001175,2024-06-19,P009,Moveis Comerciais,Mesas,V003,1,1697.5,980.0,1748.42,0,768.4200000000001
VND001176,2024-06-19,P006,Moveis Domesticos,Estofados,V007,1,950.6,520.0,1007.64,30,487.64
VND001177,2024-06-19,P005,Moveis Domesticos,Sala,V001,3,1250.0,2160.0,4050.0,60,1890.0
VND001178,2024-06-19,P015,Servicos sob Demanda,Projetos,V001,1,8245.0,3500.0,8904.6,45,5404.6
VND001179,2024-06-19,P010,Moveis Comerciais,Armazenagem,V001,1,2327.5,1400.0,2513.7,0,1113.6999999999998
VND001180,2024-06-19,P016,Servicos sob Demanda,Projetos,V002,1,12125.0,5200.0,11518.75,60,6318.75
VND001181,2024-06-19,P002,Moveis Domesticos,Mesas,V004,2,2200.0,2500.0,3960.0,7,1460.0
VND001182,2024-06-19,P006,Moveis Domesticos,Estofados,V005,3,980.0,1560.0,3234.0,15,1674.0
VND001183,2024-06-19,P008,Moveis Comerciais,Cadeiras,V005,1,1150.0,640.0,1265.0,15,625.0
VND001184,2024-06-20,P008,Moveis Comerciais,Cadeiras,V002,4,1150.0,2560.0,4370.0,30,1810.0
VND001185,2024-06-20,P014,Servicos sob Demanda,Projetos,V007,2,4940.0,4200.0,10472.8,30,6272.799999999999
VND001186,2024-06-20,P011,Moveis Comerciais,Atendimento,V008,2,3200.0,3700.0,6528.0,45,2828.0
VND001187,2024-06-20,P017,Servicos sob Demanda,Consultoria,V001,2,2800.0,1800.0,6048.0,30,4248.0
VND001188,2024-06-20,P018,Servicos sob Demanda,Projetos,V007,1,6460.0,2600.0,6847.6,7,4247.6
VND001189,2024-06-20,P018,Servicos sob Demanda,Projetos,V004,1,6800.0,2600.0,6120.0,30,3520.0
VND001190,2024-06-20,P013,Moveis Comerciais,Mesas,V008,4,3705.0,8800.0,15116.4,15,6316.4
VND001191,2024-06-20,P005,Moveis Domesticos,Sala,V005,2,1250.0,1440.0,2750.0,0,1310.0
VND001192,2024-06-21,P017,Servicos sob Demanda,Consultoria,V006,4,2716.0,3600.0,10538.08,45,6938.08
VND001193,2024-06-21,P010,Moveis Comerciais,Armazenagem,V006,1,2376.5,1400.0,2305.2,15,905.1999999999998
VND001194,2024-06-21,P007,Moveis Domesticos,Escritorio,V005,2,1350.0,1520.0,2970.0,7,1450.0
VND001195,2024-06-21,P013,Moveis Comerciais,Mesas,V001,1,3705.0,2200.0,4001.4,0,1801.4
VND001196,2024-06-21,P014,Servicos sob Demanda,Projetos,V001,4,4940.0,8400.0,21340.8,30,12940.8
VND001197,2024-06-21,P003,Moveis Domesticos,Dormitorio,V001,3,2522.0,4500.0,8171.28,60,3671.2799999999997
VND001198,2024-06-22,P013,Moveis Comerciais,Mesas,V002,1,3783.0,2200.0,3593.85,30,1393.85
VND001199,2024-06-22,P004,Moveis Domesticos,Dormitorio,V005,1,2852.0,1850.0,3137.2,7,1287.1999999999998
VND001200,2024-06-23,P009,Moveis Comerciais,Mesas,V007,2,1750.0,1960.0,3710.0,45,1750.0
VND001201,2024-06-23,P014,Servicos sob Demanda,Projetos,V004,2,5044.0,4200.0,9079.2,0,4879.200000000001
VND001202,2024-06-23,P017,Servicos sob Demanda,Consultoria,V001,1,2800.0,900.0,3024.0,60,2124.0
VND001203,2024-06-23,P002,Moveis Domesticos,Mesas,V003,1,2200.0,1250.0,2266.0,60,1016.0
VND001204,2024-06-23,P005,Moveis Domesticos,Sala,V003,2,1187.5,1440.0,2446.25,30,1006.25
VND001205,2024-06-23,P009,Moveis Comerciais,Mesas,V007,4,1697.5,3920.0,7197.4,7,3277.3999999999996
VND001206,2024-06-23,P015,Servicos sob Demanda,Projetos,V006,1,8075.0,3500.0,7832.75,7,4332.75
VND001207,2024-06-23,P006,Moveis Domesticos,Estofados,V002,2,950.6,1040.0,1806.14,30,766.1400000000001
VND001208,2024-06-24,P009,Moveis Comerciais,Mesas,V007,1,1697.5,980.0,1799.35,15,819.3499999999999
VND001209,2024-06-24,P008,Moveis Comerciais,Cadeiras,V005,1,1092.5,640.0,1201.75,0,561.75
VND001210,2024-06-24,P007,Moveis Domesticos,Escritorio,V003,2,1350.0,1520.0,2781.0,45,1261.0
VND001211,2024-06-24,P007,Moveis Domesticos,Escritorio,V008,1,1282.5,760.0,1308.15,30,548.1500000000001
VND001212,2024-06-24,P007,Moveis Domesticos,Escritorio,V006,1,1350.0,760.0,1309.5,7,549.5
VND001213,2024-06-24,P018,Servicos sob Demanda,Projetos,V006,2,6460.0,5200.0,12532.4,0,7332.4
VND001214,2024-06-25,P010,Moveis Comerciais,Armazenagem,V003,2,2327.5,2800.0,4794.65,60,1994.6499999999996
VND001215,2024-06-25,P009,Moveis Comerciais,Mesas,V006,1,1697.5,980.0,1646.58,0,666.5799999999999
VND001216,2024-06-25,P005,Moveis Domesticos,Sala,V003,3,1212.5,2160.0,3746.62,0,1586.62
VND001217,2024-06-25,P010,Moveis Comerciais,Armazenagem,V006,1,2376.5,1400.0,2305.2,15,905.1999999999998
VND001218,2024-06-26,P005,Moveis Domesticos,Sala,V003,1,1212.5,720.0,1248.88,7,528.8800000000001
VND001219,2024-06-26,P007,Moveis Domesticos,Escritorio,V007,1,1242.0,760.0,1316.52,0,556.52
VND001220,2024-06-26,P005,Moveis Domesticos,Sala,V008,1,1250.0,720.0,1275.0,15,555.0
VND001221,2024-06-26,P009,Moveis Comerciais,Mesas,V008,1,1750.0,980.0,1785.0,60,805.0
VND001222,2024-06-27,P005,Moveis Domesticos,Sala,V008,1,1250.0,720.0,1275.0,30,555.0
VND001223,2024-06-27,P013,Moveis Comerciais,Mesas,V005,3,3783.0,6600.0,12483.9,45,5883.9
VND001224,2024-06-27,P004,Moveis Domesticos,Dormitorio,V007,1,2945.0,1850.0,3121.7,7,1271.6999999999998
VND001225,2024-06-27,P001,Moveis Domesticos,Estofados,V006,2,1850.0,2200.0,3589.0,45,1389.0
VND001226,2024-06-27,P008,Moveis Comerciais,Cadeiras,V001,1,1150.0,640.0,1242.0,0,602.0
VND001227,2024-06-27,P002,Moveis Domesticos,Mesas,V006,1,2200.0,1250.0,2134.0,15,884.0
VND001228,2024-06-28,P005,Moveis Domesticos,Sala,V003,1,1187.5,720.0,1223.12,30,503.1199999999999
VND001229,2024-06-28,P001,Moveis Domesticos,Estofados,V005,1,1850.0,1100.0,2035.0,30,935.0
VND001230,2024-06-28,P001,Moveis Domesticos,Estofados,V001,3,1794.5,3300.0,5814.18,60,2514.1800000000003
VND001231,2024-06-29,P008,Moveis Comerciais,Cadeiras,V007,1,1115.5,640.0,1182.43,45,542.4300000000001
VND001232,2024-06-29,P010,Moveis Comerciais,Armazenagem,V003,1,2376.5,1400.0,2447.8,0,1047.8000000000002
VND001233,2024-06-29,P012,Moveis Comerciais,Estacoes,V001,2,4560.0,5700.0,9849.6,30,4149.6
VND001234,2024-06-29,P011,Moveis Comerciais,Atendimento,V007,3,3200.0,5550.0,10176.0,7,4626.0
VND001235,2024-06-29,P003,Moveis Domesticos,Dormitorio,V001,1,2522.0,1500.0,2723.76,7,1223.7600000000002
VND001236,2024-06-29,P010,Moveis Comerciais,Armazenagem,V001,1,2327.5,1400.0,2513.7,60,1113.6999999999998
VND001237,2024-06-30,P007,Moveis Domesticos,Escritorio,V004,2,1309.5,1520.0,2357.1,60,837.0999999999999
VND001238,2024-06-30,P004,Moveis Domesticos,Dormitorio,V002,1,3007.0,1850.0,2856.65,30,1006.6500000000001
VND001239,2024-06-30,P005,Moveis Domesticos,Sala,V005,3,1187.5,2160.0,3918.75,30,1758.75
VND001240,2024-06-30,P008,Moveis Comerciais,Cadeiras,V005,1,1150.0,640.0,1265.0,0,625.0
VND001241,2024-06-30,P004,Moveis Domesticos,Dormitorio,V004,1,3100.0,1850.0,2790.0,30,940.0
VND001242,2024-06-30,P001,Moveis Domesticos,Estofados,V007,8,1757.5,8800.0,14903.6,45,6103.6
VND001243,2024-06-30,P013,Moveis Comerciais,Mesas,V007,2,3783.0,4400.0,8019.96,45,3619.96
VND001244,2024-07-01,P009,Moveis Comerciais,Mesas,V006,1,1697.5,980.0,1646.58,30,666.5799999999999
VND001245,2024-07-01,P003,Moveis Domesticos,Dormitorio,V003,1,2600.0,1500.0,2678.0,30,1178.0
VND001246,2024-07-01,P013,Moveis Comerciais,Mesas,V002,4,3900.0,8800.0,14820.0,0,6020.0
VND001247,2024-07-01,P002,Moveis Domesticos,Mesas,V001,2,2090.0,2500.0,4514.4,7,2014.3999999999996
VND001248,2024-07-01,P003,Moveis Domesticos,Dormitorio,V008,1,2600.0,1500.0,2652.0,45,1152.0
VND001249,2024-07-01,P009,Moveis Comerciais,Mesas,V004,1,1697.5,980.0,1527.75,15,547.75
VND001250,2024-07-01,P006,Moveis Domesticos,Estofados,V001,3,931.0,1560.0,3016.44,0,1456.44
VND001251,2024-07-02,P008,Moveis Comerciais,Cadeiras,V003,1,1150.0,640.0,1184.5,45,544.5
VND001252,2024-07-02,P001,Moveis Domesticos,Estofados,V005,3,1850.0,3300.0,6105.0,0,2805.0
VND001253,2024-07-02,P004,Moveis Domesticos,Dormitorio,V001,1,3100.0,1850.0,3348.0,60,1498.0
VND001254,2024-07-02,P013,Moveis Comerciais,Mesas,V002,2,3900.0,4400.0,7410.0,45,3010.0
VND001255,2024-07-02,P007,Moveis Domesticos,Escritorio,V003,1,1309.5,760.0,1348.78,15,588.78
VND001256,2024-07-02,P007,Moveis Domesticos,Escritorio,V005,1,1350.0,760.0,1485.0,45,725.0
VND001257,2024-07-02,P012,Moveis Comerciais,Estacoes,V006,2,4800.0,5700.0,9312.0,15,3612.0
VND001258,2024-07-02,P012,Moveis Comerciais,Estacoes,V004,2,4656.0,5700.0,8380.8,7,2680.7999999999993
VND001259,2024-07-03,P007,Moveis Domesticos,Escritorio,V003,1,1350.0,760.0,1390.5,45,630.5
VND001260,2024-07-03,P013,Moveis Comerciais,Mesas,V001,1,3705.0,2200.0,4001.4,15,1801.4
VND001261,2024-07-03,P002,Moveis Domesticos,Mesas,V002,1,2200.0,1250.0,2090.0,15,840.0
VND001262,2024-07-03,P006,Moveis Domesticos,Estofados,V008,2,950.6,1040.0,1939.22,7,899.22
VND001263,2024-07-03,P006,Moveis Domesticos,Estofados,V008,2,980.0,1040.0,1999.2,15,959.2
VND001264,2024-07-04,P001,Moveis Domesticos,Estofados,V005,3,1794.5,3300.0,5921.85,30,2621.8500000000004
VND001265,2024-07-04,P014,Servicos sob Demanda,Projetos,V001,2,4784.0,4200.0,10333.44,15,6133.4400000000005
VND001266,2024-07-04,P015,Servicos sob Demanda,Projetos,V001,1,8500.0,3500.0,9180.0,15,5680.0
VND001267,2024-07-04,P007,Moveis Domesticos,Escritorio,V001,5,1350.0,3800.0,7290.0,0,3490.0
VND001268,2024-07-04,P001,Moveis Domesticos,Estofados,V004,1,1794.5,1100.0,1615.05,30,515.05
VND001269,2024-07-04,P001,Moveis Domesticos,Estofados,V002,3,1702.0,3300.0,4850.7,30,1550.6999999999998
VND001270,2024-07-04,P006,Moveis Domesticos,Estofados,V007,2,901.6,1040.0,1911.39,60,871.3900000000001
VND001271,2024-07-05,P005,Moveis Domesticos,Sala,V005,3,1250.0,2160.0,4125.0,30,1965.0
VND001272,2024-07-05,P006,Moveis Domesticos,Estofados,V008,1,980.0,520.0,999.6,0,479.6
VND001273,2024-07-05,P006,Moveis Domesticos,Estofados,V004,1,980.0,520.0,882.0,15,362.0
VND001274,2024-07-05,P018,Servicos sob Demanda,Projetos,V003,1,6596.0,2600.0,6793.88,60,4193.88
VND001275,2024-07-05,P013,Moveis Comerciais,Mesas,V008,4,3705.0,8800.0,15116.4,60,6316.4
VND001276,2024-07-05,P008,Moveis Comerciais,Cadeiras,V007,1,1115.5,640.0,1182.43,15,542.4300000000001
VND001277,2024-07-06,P014,Servicos sob Demanda,Projetos,V007,1,5200.0,2100.0,5512.0,15,3412.0
VND001278,2024-07-06,P002,Moveis Domesticos,Mesas,V004,1,2200.0,1250.0,1980.0,0,730.0
VND001279,2024-07-06,P004,Moveis Domesticos,Dormitorio,V001,2,3007.0,3700.0,6495.12,0,2795.12
VND001280,2024-07-06,P003,Moveis Domesticos,Dormitorio,V005,1,2522.0,1500.0,2774.2,15,1274.1999999999998
VND001281,2024-07-06,P006,Moveis Domesticos,Estofados,V002,2,950.6,1040.0,1806.14,30,766.1400000000001
VND001282,2024-07-06,P012,Moveis Comerciais,Estacoes,V004,1,4800.0,2850.0,4320.0,45,1470.0
VND001283,2024-07-06,P006,Moveis Domesticos,Estofados,V001,2,950.6,1040.0,2053.3,45,1013.3000000000002
VND001284,2024-07-06,P002,Moveis Domesticos,Mesas,V004,3,2024.0,3750.0,5464.8,45,1714.8000000000002
VND001285,2024-07-07,P012,Moveis Comerciais,Estacoes,V001,2,4656.0,5700.0,10056.96,30,4356.959999999999
VND001286,2024-07-07,P005,Moveis Domesticos,Sala,V004,1,1250.0,720.0,1125.0,60,405.0
VND001287,2024-07-07,P004,Moveis Domesticos,Dormitorio,V004,1,2945.0,1850.0,2650.5,15,800.5
VND001288,2024-07-07,P006,Moveis Domesticos,Estofados,V002,1,980.0,520.0,931.0,15,411.0
VND001289,2024-07-07,P008,Moveis Comerciais,Cadeiras,V003,3,1150.0,1920.0,3553.5,15,1633.5
VND001290,2024-07-07,P005,Moveis Domesticos,Sala,V002,3,1250.0,2160.0,3562.5,30,1402.5
VND001291,2024-07-07,P002,Moveis Domesticos,Mesas,V003,1,2200.0,1250.0,2266.0,30,1016.0
VND001292,2024-07-08,P013,Moveis Comerciais,Mesas,V002,1,3900.0,2200.0,3705.0,0,1505.0
VND001293,2024-07-08,P006,Moveis Domesticos,Estofados,V001,6,950.6,3120.0,6159.89,30,3039.8900000000003
VND001294,2024-07-08,P004,Moveis Domesticos,Dormitorio,V003,1,3007.0,1850.0,3097.21,7,1247.21
VND001295,2024-07-08,P005,Moveis Domesticos,Sala,V006,1,1150.0,720.0,1115.5,15,395.5
VND001296,2024-07-08,P001,Moveis Domesticos,Estofados,V004,2,1850.0,2200.0,3330.0,30,1130.0
VND001297,2024-07-09,P012,Moveis Comerciais,Estacoes,V008,3,4416.0,8550.0,13512.96,15,4962.959999999999
VND001298,2024-07-09,P011,Moveis Comerciais,Atendimento,V003,1,3040.0,1850.0,3131.2,60,1281.1999999999998
VND001299,2024-07-09,P013,Moveis Comerciais,Mesas,V007,2,3705.0,4400.0,7854.6,60,3454.6000000000004
VND001300,2024-07-09,P002,Moveis Domesticos,Mesas,V005,1,2134.0,1250.0,2347.4,45,1097.4
VND001301,2024-07-10,P009,Moveis Comerciais,Mesas,V002,1,1697.5,980.0,1612.62,7,632.6199999999999
VND001302,2024-07-10,P005,Moveis Domesticos,Sala,V007,3,1212.5,2160.0,3855.75,60,1695.75
VND001303,2024-07-10,P006,Moveis Domesticos,Estofados,V002,2,931.0,1040.0,1768.9,0,728.9000000000001
VND001304,2024-07-10,P011,Moveis Comerciais,Atendimento,V007,4,3040.0,7400.0,12889.6,60,5489.6
VND001305,2024-07-10,P009,Moveis Comerciais,Mesas,V002,1,1662.5,980.0,1579.38,15,599.3800000000001
VND001306,2024-07-11,P001,Moveis Domesticos,Estofados,V001,3,1850.0,3300.0,5994.0,15,2694.0
VND001307,2024-07-11,P002,Moveis Domesticos,Mesas,V007,2,2090.0,2500.0,4430.8,7,1930.8000000000002
VND001308,2024-07-11,P009,Moveis Comerciais,Mesas,V003,1,1697.5,980.0,1748.42,45,768.4200000000001
VND001309,2024-07-11,P017,Servicos sob Demanda,Consultoria,V006,1,2800.0,900.0,2716.0,7,1816.0
VND001310,2024-07-11,P009,Moveis Comerciais,Mesas,V005,1,1610.0,980.0,1771.0,45,791.0
VND001311,2024-07-11,P005,Moveis Domesticos,Sala,V002,1,1187.5,720.0,1128.12,0,408.1199999999999
VND001312,2024-07-11,P010,Moveis Comerciais,Armazenagem,V003,2,2450.0,2800.0,5047.0,0,2247.0
VND001313,2024-07-11,P009,Moveis Comerciais,Mesas,V001,1,1750.0,980.0,1890.0,30,910.0
VND001314,2024-07-11,P014,Servicos sob Demanda,Projetos,V005,2,5200.0,4200.0,11440.0,0,7240.0
VND001315,2024-07-12,P010,Moveis Comerciais,Armazenagem,V006,2,2376.5,2800.0,4610.41,45,1810.4099999999999
VND001316,2024-07-12,P008,Moveis Comerciais,Cadeiras,V001,2,1150.0,1280.0,2484.0,60,1204.0
VND001317,2024-07-13,P004,Moveis Domesticos,Dormitorio,V002,5,3007.0,9250.0,14283.25,30,5033.25
VND001318,2024-07-13,P003,Moveis Domesticos,Dormitorio,V008,1,2600.0,1500.0,2652.0,0,1152.0
VND001319,2024-07-13,P007,Moveis Domesticos,Escritorio,V001,1,1242.0,760.0,1341.36,30,581.3599999999999
VND001320,2024-07-13,P015,Servicos sob Demanda,Projetos,V004,1,8500.0,3500.0,7650.0,30,4150.0
VND001321,2024-07-13,P014,Servicos sob Demanda,Projetos,V002,1,4940.0,2100.0,4693.0,30,2593.0
VND001322,2024-07-13,P015,Servicos sob Demanda,Projetos,V006,4,8245.0,14000.0,31990.6,30,17990.6
VND001323,2024-07-13,P009,Moveis Comerciais,Mesas,V008,1,1662.5,980.0,1695.75,15,715.75
VND001324,2024-07-14,P001,Moveis Domesticos,Estofados,V006,1,1794.5,1100.0,1740.66,45,640.6600000000001
VND001325,2024-07-14,P002,Moveis Domesticos,Mesas,V007,3,2200.0,3750.0,6996.0,15,3246.0
VND001326,2024-07-14,P013,Moveis Comerciais,Mesas,V005,1,3705.0,2200.0,4075.5,30,1875.5
VND001327,2024-07-14,P003,Moveis Domesticos,Dormitorio,V004,3,2470.0,4500.0,6669.0,30,2169.0
VND001328,2024-07-14,P008,Moveis Comerciais,Cadeiras,V003,1,1058.0,640.0,1089.74,7,449.74
VND001329,2024-07-14,P013,Moveis Comerciais,Mesas,V001,2,3900.0,4400.0,8424.0,30,4024.0
VND001330,2024-07-14,P018,Servicos sob Demanda,Projetos,V002,1,6800.0,2600.0,6460.0,0,3860.0
VND001331,2024-07-14,P018,Servicos sob Demanda,Projetos,V008,1,6596.0,2600.0,6727.92,7,4127.92
VND001332,2024-07-14,P010,Moveis Comerciais,Armazenagem,V005,1,2450.0,1400.0,2695.0,0,1295.0
VND001333,2024-07-15,P008,Moveis Comerciais,Cadeiras,V002,5,1150.0,3200.0,5462.5,0,2262.5
VND001334,2024-07-15,P002,Moveis Domesticos,Mesas,V002,1,2134.0,1250.0,2027.3,30,777.3
VND001335,2024-07-15,P010,Moveis Comerciais,Armazenagem,V007,1,2376.5,1400.0,2519.09,30,1119.0900000000001
VND001336,2024-07-15,P003,Moveis Domesticos,Dormitorio,V006,1,2522.0,1500.0,2446.34,15,946.3400000000001
VND001337,2024-07-15,P004,Moveis Domesticos,Dormitorio,V007,1,2852.0,1850.0,3023.12,15,1173.12
VND001338,2024-07-15,P005,Moveis Domesticos,Sala,V008,1,1150.0,720.0,1173.0,30,453.0
VND001339,2024-07-15,P001,Moveis Domesticos,Estofados,V001,1,1794.5,1100.0,1938.06,0,838.06
VND001340,2024-07-15,P014,Servicos sob Demanda,Projetos,V005,1,5044.0,2100.0,5548.4,60,3448.3999999999996
VND001341,2024-07-15,P008,Moveis Comerciais,Cadeiras,V002,3,1092.5,1920.0,3113.62,60,1193.62
VND001342,2024-07-15,P017,Servicos sob Demanda,Consultoria,V001,2,2800.0,1800.0,6048.0,30,4248.0
VND001343,2024-07-15,P011,Moveis Comerciais,Atendimento,V002,1,2944.0,1850.0,2796.8,30,946.8000000000002
VND001344,2024-07-15,P002,Moveis Domesticos,Mesas,V001,1,2200.0,1250.0,2376.0,15,1126.0
VND001345,2024-07-16,P010,Moveis Comerciais,Armazenagem,V003,1,2327.5,1400.0,2397.33,30,997.3299999999999
VND001346,2024-07-16,P002,Moveis Domesticos,Mesas,V001,2,2200.0,2500.0,4752.0,30,2252.0
VND001347,2024-07-16,P002,Moveis Domesticos,Mesas,V002,1,2200.0,1250.0,2090.0,0,840.0
VND001348,2024-07-16,P003,Moveis Domesticos,Dormitorio,V006,3,2522.0,4500.0,7339.02,45,2839.0200000000004
VND001349,2024-07-16,P002,Moveis Domesticos,Mesas,V003,1,2024.0,1250.0,2084.72,15,834.7199999999998
VND001350,2024-07-16,P008,Moveis Comerciais,Cadeiras,V006,1,1150.0,640.0,1115.5,30,475.5
VND001351,2024-07-17,P018,Servicos sob Demanda,Projetos,V003,3,6800.0,7800.0,21012.0,15,13212.0
VND001352,2024-07-17,P001,Moveis Domesticos,Estofados,V001,1,1794.5,1100.0,1938.06,30,838.06
VND001353,2024-07-17,P003,Moveis Domesticos,Dormitorio,V003,5,2600.0,7500.0,13390.0,30,5890.0
VND001354,2024-07-17,P013,Moveis Comerciais,Mesas,V008,2,3783.0,4400.0,7717.32,0,3317.3199999999997
VND001355,2024-07-17,P009,Moveis Comerciais,Mesas,V002,2,1662.5,1960.0,3158.75,45,1198.75
VND001356,2024-07-17,P002,Moveis Domesticos,Mesas,V002,2,2134.0,2500.0,4054.6,7,1554.6
VND001357,2024-07-17,P007,Moveis Domesticos,Escritorio,V001,2,1309.5,1520.0,2828.52,45,1308.52
VND001358,2024-07-17,P007,Moveis Domesticos,Escritorio,V007,1,1242.0,760.0,1316.52,15,556.52
VND001359,2024-07-18,P018,Servicos sob Demanda,Projetos,V002,2,6800.0,5200.0,12920.0,30,7720.0
VND001360,2024-07-18,P006,Moveis Domesticos,Estofados,V005,2,901.6,1040.0,1983.52,7,943.52
VND001361,2024-07-18,P002,Moveis Domesticos,Mesas,V006,1,2090.0,1250.0,2027.3,0,777.3
VND001362,2024-07-18,P002,Moveis Domesticos,Mesas,V007,1,2090.0,1250.0,2215.4,0,965.4000000000001
VND001363,2024-07-18,P009,Moveis Comerciais,Mesas,V001,1,1750.0,980.0,1890.0,7,910.0
VND001364,2024-07-18,P001,Moveis Domesticos,Estofados,V002,1,1702.0,1100.0,1616.9,7,516.9000000000001
VND001365,2024-07-18,P005,Moveis Domesticos,Sala,V005,1,1187.5,720.0,1306.25,45,586.25
VND001366,2024-07-18,P009,Moveis Comerciais,Mesas,V008,4,1697.5,3920.0,6925.8,7,3005.8
VND001367,2024-07-18,P001,Moveis Domesticos,Estofados,V007,1,1757.5,1100.0,1862.95,15,762.95
VND001368,2024-07-18,P006,Moveis Domesticos,Estofados,V008,2,980.0,1040.0,1999.2,30,959.2
VND001369,2024-07-19,P001,Moveis Domesticos,Estofados,V003,1,1794.5,1100.0,1848.34,30,748.3399999999999
VND001370,2024-07-19,P006,Moveis Domesticos,Estofados,V006,4,931.0,2080.0,3612.28,45,1532.2800000000002
VND001371,2024-07-19,P002,Moveis Domesticos,Mesas,V006,3,2134.0,3750.0,6209.94,30,2459.9399999999996
VND001372,2024-07-19,P008,Moveis Comerciais,Cadeiras,V004,1,1150.0,640.0,1035.0,45,395.0
VND001373,2024-07-19,P001,Moveis Domesticos,Estofados,V001,1,1794.5,1100.0,1938.06,7,838.06
VND001374,2024-07-19,P010,Moveis Comerciais,Armazenagem,V005,1,2450.0,1400.0,2695.0,30,1295.0
VND001375,2024-07-20,P008,Moveis Comerciais,Cadeiras,V001,1,1115.5,640.0,1204.74,7,564.74
VND001376,2024-07-20,P006,Moveis Domesticos,Estofados,V006,1,901.6,520.0,874.55,7,354.54999999999995
VND001377,2024-07-20,P002,Moveis Domesticos,Mesas,V005,1,2200.0,1250.0,2420.0,30,1170.0
VND001378,2024-07-20,P001,Moveis Domesticos,Estofados,V002,1,1850.0,1100.0,1757.5,0,657.5
VND001379,2024-07-20,P009,Moveis Comerciais,Mesas,V005,2,1662.5,1960.0,3657.5,0,1697.5
VND001380,2024-07-20,P007,Moveis Domesticos,Escritorio,V006,2,1309.5,1520.0,2540.43,0,1020.4299999999998
VND001381,2024-07-20,P018,Servicos sob Demanda,Projetos,V007,1,6800.0,2600.0,7208.0,15,4608.0
VND001382,2024-07-20,P015,Servicos sob Demanda,Projetos,V001,3,8500.0,10500.0,27540.0,0,17040.0
VND001383,2024-07-21,P003,Moveis Domesticos,Dormitorio,V008,4,2600.0,6000.0,10608.0,7,4608.0
VND001384,2024-07-21,P009,Moveis Comerciais,Mesas,V006,2,1750.0,1960.0,3395.0,7,1435.0
VND001385,2024-07-21,P011,Moveis Comerciais,Atendimento,V005,1,3200.0,1850.0,3520.0,30,1670.0
VND001386,2024-07-21,P009,Moveis Comerciais,Mesas,V001,2,1697.5,1960.0,3666.6,0,1706.6
VND001387,2024-07-21,P017,Servicos sob Demanda,Consultoria,V005,1,2800.0,900.0,3080.0,45,2180.0
VND001388,2024-07-21,P003,Moveis Domesticos,Dormitorio,V001,1,2470.0,1500.0,2667.6,30,1167.6
VND001389,2024-07-21,P004,Moveis Domesticos,Dormitorio,V002,1,3100.0,1850.0,2945.0,45,1095.0
VND001390,2024-07-21,P003,Moveis Domesticos,Dormitorio,V007,1,2600.0,1500.0,2756.0,30,1256.0
VND001391,2024-07-21,P005,Moveis Domesticos,Sala,V005,1,1187.5,720.0,1306.25,0,586.25
VND001392,2024-07-22,P013,Moveis Comerciais,Mesas,V007,2,3900.0,4400.0,8268.0,30,3868.0
VND001393,2024-07-22,P008,Moveis Comerciais,Cadeiras,V007,3,1150.0,1920.0,3657.0,0,1737.0
VND001394,2024-07-22,P010,Moveis Comerciais,Armazenagem,V007,2,2450.0,2800.0,5194.0,30,2394.0
VND001395,2024-07-22,P006,Moveis Domesticos,Estofados,V004,1,931.0,520.0,837.9,30,317.9
VND001396,2024-07-22,P009,Moveis Comerciais,Mesas,V002,1,1750.0,980.0,1662.5,60,682.5
VND001397,2024-07-22,P010,Moveis Comerciais,Armazenagem,V004,1,2327.5,1400.0,2094.75,0,694.75
VND001398,2024-07-22,P011,Moveis Comerciais,Atendimento,V005,1,3040.0,1850.0,3344.0,7,1494.0
VND001399,2024-07-23,P014,Servicos sob Demanda,Projetos,V008,1,5044.0,2100.0,5144.88,60,3044.88
VND001400,2024-07-23,P014,Servicos sob Demanda,Projetos,V001,2,4940.0,4200.0,10670.4,0,6470.4
VND001401,2024-07-23,P007,Moveis Domesticos,Escritorio,V005,1,1309.5,760.0,1440.45,60,680.45
VND001402,2024-07-23,P001,Moveis Domesticos,Estofados,V002,1,1850.0,1100.0,1757.5,30,657.5
VND001403,2024-07-23,P003,Moveis Domesticos,Dormitorio,V005,2,2392.0,3000.0,5262.4,30,2262.3999999999996
VND001404,2024-07-23,P002,Moveis Domesticos,Mesas,V003,2,2200.0,2500.0,4532.0,7,2032.0
VND001405,2024-07-23,P001,Moveis Domesticos,Estofados,V004,6,1850.0,6600.0,9990.0,15,3390.0
VND001406,2024-07-23,P006,Moveis Domesticos,Estofados,V003,1,980.0,520.0,1009.4,15,489.4
VND001407,2024-07-23,P005,Moveis Domesticos,Sala,V003,1,1250.0,720.0,1287.5,30,567.5
VND001408,2024-07-24,P006,Moveis Domesticos,Estofados,V004,1,980.0,520.0,882.0,30,362.0
VND001409,2024-07-24,P008,Moveis Comerciais,Cadeiras,V003,1,1150.0,640.0,1184.5,0,544.5
VND001410,2024-07-24,P010,Moveis Comerciais,Armazenagem,V008,1,2327.5,1400.0,2374.05,0,974.0500000000002
VND001411,2024-07-24,P005,Moveis Domesticos,Sala,V002,2,1250.0,1440.0,2375.0,0,935.0
VND001412,2024-07-25,P008,Moveis Comerciais,Cadeiras,V008,2,1115.5,1280.0,2275.62,30,995.6199999999999
VND001413,2024-07-25,P007,Moveis Domesticos,Escritorio,V003,2,1350.0,1520.0,2781.0,15,1261.0
VND001414,2024-07-25,P014,Servicos sob Demanda,Projetos,V006,1,5200.0,2100.0,5044.0,15,2944.0
VND001415,2024-07-25,P012,Moveis Comerciais,Estacoes,V006,4,4656.0,11400.0,18065.28,15,6665.279999999999
VND001416,2024-07-25,P018,Servicos sob Demanda,Projetos,V008,1,6800.0,2600.0,6936.0,30,4336.0
VND001417,2024-07-25,P016,Servicos sob Demanda,Projetos,V002,2,11875.0,10400.0,22562.5,0,12162.5
VND001418,2024-07-25,P011,Moveis Comerciais,Atendimento,V005,2,3200.0,3700.0,7040.0,60,3340.0
VND001419,2024-07-25,P010,Moveis Comerciais,Armazenagem,V006,3,2376.5,4200.0,6915.62,0,2715.62
VND001420,2024-07-25,P002,Moveis Domesticos,Mesas,V006,3,2024.0,3750.0,5889.84,0,2139.84
VND001421,2024-07-25,P004,Moveis Domesticos,Dormitorio,V002,5,3100.0,9250.0,14725.0,45,5475.0
VND001422,2024-07-25,P006,Moveis Domesticos,Estofados,V008,1,980.0,520.0,999.6,45,479.6
VND001423,2024-07-25,P001,Moveis Domesticos,Estofados,V004,2,1794.5,2200.0,3230.1,0,1030.1
VND001424,2024-07-26,P005,Moveis Domesticos,Sala,V003,1,1150.0,720.0,1184.5,0,464.5
VND001425,2024-07-26,P006,Moveis Domesticos,Estofados,V006,1,950.6,520.0,922.08,30,402.08000000000004
VND001426,2024-07-26,P003,Moveis Domesticos,Dormitorio,V007,2,2600.0,3000.0,5512.0,0,2512.0
VND001427,2024-07-27,P001,Moveis Domesticos,Estofados,V003,2,1757.5,2200.0,3620.45,15,1420.4499999999998
VND001428,2024-07-27,P005,Moveis Domesticos,Sala,V001,1,1187.5,720.0,1282.5,15,562.5
VND001429,2024-07-27,P012,Moveis Comerciais,Estacoes,V003,1,4656.0,2850.0,4795.68,30,1945.6800000000003
VND001430,2024-07-27,P002,Moveis Domesticos,Mesas,V004,4,2134.0,5000.0,7682.4,15,2682.3999999999996
VND001431,2024-07-27,P015,Servicos sob Demanda,Projetos,V006,1,8500.0,3500.0,8245.0,0,4745.0
VND001432,2024-07-28,P001,Moveis Domesticos,Estofados,V006,1,1794.5,1100.0,1740.66,15,640.6600000000001
VND001433,2024-07-28,P004,Moveis Domesticos,Dormitorio,V006,1,2852.0,1850.0,2766.44,15,916.44
VND001434,2024-07-28,P007,Moveis Domesticos,Escritorio,V001,1,1242.0,760.0,1341.36,0,581.3599999999999
VND001435,2024-07-28,P011,Moveis Comerciais,Atendimento,V006,4,3104.0,7400.0,12043.52,30,4643.52
VND001436,2024-07-28,P008,Moveis Comerciais,Cadeiras,V006,1,1150.0,640.0,1115.5,15,475.5
VND001437,2024-07-28,P001,Moveis Domesticos,Estofados,V002,1,1794.5,1100.0,1704.78,30,604.78
VND001438,2024-07-29,P001,Moveis Domesticos,Estofados,V006,4,1757.5,4400.0,6819.1,30,2419.1000000000004
VND001439,2024-07-30,P013,Moveis Comerciais,Mesas,V006,1,3705.0,2200.0,3593.85,45,1393.85
VND001440,2024-07-30,P003,Moveis Domesticos,Dormitorio,V002,1,2600.0,1500.0,2470.0,0,970.0
VND001441,2024-07-30,P004,Moveis Domesticos,Dormitorio,V008,1,2945.0,1850.0,3003.9,15,1153.9
VND001442,2024-07-30,P001,Moveis Domesticos,Estofados,V001,4,1794.5,4400.0,7752.24,15,3352.24
VND001443,2024-07-31,P007,Moveis Domesticos,Escritorio,V005,1,1282.5,760.0,1410.75,30,650.75
VND001444,2024-07-31,P015,Servicos sob Demanda,Projetos,V002,1,8500.0,3500.0,8075.0,0,4575.0
VND001445,2024-07-31,P012,Moveis Comerciais,Estacoes,V006,1,4416.0,2850.0,4283.52,45,1433.5200000000004
VND001446,2024-07-31,P007,Moveis Domesticos,Escritorio,V006,1,1350.0,760.0,1309.5,45,549.5
VND001447,2024-07-31,P015,Servicos sob Demanda,Projetos,V001,1,8500.0,3500.0,9180.0,45,5680.0
VND001448,2024-07-31,P005,Moveis Domesticos,Sala,V007,1,1212.5,720.0,1285.25,30,565.25
VND001449,2024-07-31,P007,Moveis Domesticos,Escritorio,V004,2,1309.5,1520.0,2357.1,30,837.0999999999999
VND001450,2024-07-31,P015,Servicos sob Demanda,Projetos,V005,2,8075.0,7000.0,17765.0,0,10765.0
VND001451,2024-08-01,P018,Servicos sob Demanda,Projetos,V007,2,6800.0,5200.0,14416.0,7,9216.0
VND001452,2024-08-01,P001,Moveis Domesticos,Estofados,V005,1,1850.0,1100.0,2035.0,45,935.0
VND001453,2024-08-01,P006,Moveis Domesticos,Estofados,V006,2,980.0,1040.0,1901.2,30,861.2
VND001454,2024-08-01,P017,Servicos sob Demanda,Consultoria,V008,1,2660.0,900.0,2713.2,60,1813.1999999999998
VND001455,2024-08-01,P001,Moveis Domesticos,Estofados,V006,3,1794.5,3300.0,5222.0,45,1922.0
VND001456,2024-08-01,P004,Moveis Domesticos,Dormitorio,V003,2,3007.0,3700.0,6194.42,30,2494.42
VND001457,2024-08-01,P008,Moveis Comerciais,Cadeiras,V007,4,1150.0,2560.0,4876.0,0,2316.0
VND001458,2024-08-02,P002,Moveis Domesticos,Mesas,V006,1,2090.0,1250.0,2027.3,30,777.3
VND001459,2024-08-02,P004,Moveis Domesticos,Dormitorio,V004,1,3007.0,1850.0,2706.3,0,856.3000000000002
VND001460,2024-08-02,P014,Servicos sob Demanda,Projetos,V005,2,5044.0,4200.0,11096.8,0,6896.799999999999
VND001461,2024-08-02,P003,Moveis Domesticos,Dormitorio,V005,3,2522.0,4500.0,8322.6,0,3822.6000000000004
VND001462,2024-08-02,P006,Moveis Domesticos,Estofados,V004,3,950.6,1560.0,2566.62,30,1006.6199999999999
VND001463,2024-08-02,P003,Moveis Domesticos,Dormitorio,V004,1,2470.0,1500.0,2223.0,30,723.0
VND001464,2024-08-03,P008,Moveis Comerciais,Cadeiras,V006,2,1150.0,1280.0,2231.0,0,951.0
VND001465,2024-08-03,P012,Moveis Comerciais,Estacoes,V001,1,4800.0,2850.0,5184.0,7,2334.0
VND001466,2024-08-03,P009,Moveis Comerciais,Mesas,V004,1,1662.5,980.0,1496.25,15,516.25
VND001467,2024-08-04,P008,Moveis Comerciais,Cadeiras,V005,2,1058.0,1280.0,2327.6,15,1047.6
VND001468,2024-08-04,P005,Moveis Domesticos,Sala,V008,3,1250.0,2160.0,3825.0,45,1665.0
VND001469,2024-08-04,P001,Moveis Domesticos,Estofados,V005,1,1850.0,1100.0,2035.0,45,935.0
VND001470,2024-08-05,P001,Moveis Domesticos,Estofados,V004,1,1757.5,1100.0,1581.75,15,481.75
VND001471,2024-08-05,P003,Moveis Domesticos,Dormitorio,V003,1,2600.0,1500.0,2678.0,45,1178.0
VND001472,2024-08-05,P014,Servicos sob Demanda,Projetos,V005,1,5044.0,2100.0,5548.4,15,3448.3999999999996
VND001473,2024-08-05,P003,Moveis Domesticos,Dormitorio,V007,2,2470.0,3000.0,5236.4,7,2236.3999999999996
VND001474,2024-08-05,P010,Moveis Comerciais,Armazenagem,V006,1,2450.0,1400.0,2376.5,60,976.5
VND001475,2024-08-05,P010,Moveis Comerciais,Armazenagem,V006,1,2254.0,1400.0,2186.38,60,786.3800000000001
VND001476,2024-08-05,P015,Servicos sob Demanda,Projetos,V004,2,8075.0,7000.0,14535.0,15,7535.0
VND001477,2024-08-05,P001,Moveis Domesticos,Estofados,V007,1,1794.5,1100.0,1902.17,45,802.1700000000001
VND001478,2024-08-05,P009,Moveis Comerciais,Mesas,V007,1,1750.0,980.0,1855.0,45,875.0
VND001479,2024-08-06,P010,Moveis Comerciais,Armazenagem,V003,4,2376.5,5600.0,9791.18,15,4191.18
VND001480,2024-08-06,P018,Servicos sob Demanda,Projetos,V008,1,6596.0,2600.0,6727.92,30,4127.92
VND001481,2024-08-06,P001,Moveis Domesticos,Estofados,V002,2,1850.0,2200.0,3515.0,45,1315.0
VND001482,2024-08-06,P008,Moveis Comerciais,Cadeiras,V006,3,1092.5,1920.0,3179.18,7,1259.1799999999998
VND001483,2024-08-06,P014,Servicos sob Demanda,Projetos,V006,2,5044.0,4200.0,9785.36,7,5585.360000000001
VND001484,2024-08-06,P017,Servicos sob Demanda,Consultoria,V008,1,2660.0,900.0,2713.2,60,1813.1999999999998
VND001485,2024-08-07,P010,Moveis Comerciais,Armazenagem,V008,1,2327.5,1400.0,2374.05,60,974.0500000000002
VND001486,2024-08-07,P009,Moveis Comerciais,Mesas,V003,1,1750.0,980.0,1802.5,45,822.5
VND001487,2024-08-07,P010,Moveis Comerciais,Armazenagem,V002,2,2450.0,2800.0,4655.0,15,1855.0
VND001488,2024-08-07,P008,Moveis Comerciais,Cadeiras,V007,1,1115.5,640.0,1182.43,30,542.4300000000001
VND001489,2024-08-07,P018,Servicos sob Demanda,Projetos,V005,1,6596.0,2600.0,7255.6,45,4655.6
VND001490,2024-08-07,P009,Moveis Comerciais,Mesas,V001,2,1750.0,1960.0,3780.0,15,1820.0
VND001491,2024-08-07,P001,Moveis Domesticos,Estofados,V004,5,1850.0,5500.0,8325.0,60,2825.0
VND001492,2024-08-08,P005,Moveis Domesticos,Sala,V003,4,1150.0,2880.0,4738.0,30,1858.0
VND001493,2024-08-08,P008,Moveis Comerciais,Cadeiras,V003,1,1150.0,640.0,1184.5,30,544.5
VND001494,2024-08-08,P003,Moveis Domesticos,Dormitorio,V007,2,2522.0,3000.0,5346.64,0,2346.6400000000003
VND001495,2024-08-08,P018,Servicos sob Demanda,Projetos,V005,2,6596.0,5200.0,14511.2,45,9311.2
VND001496,2024-08-08,P018,Servicos sob Demanda,Projetos,V007,1,6596.0,2600.0,6991.76,45,4391.76
VND001497,2024-08-08,P004,Moveis Domesticos,Dormitorio,V002,1,3100.0,1850.0,2945.0,0,1095.0
VND001498,2024-08-08,P005,Moveis Domesticos,Sala,V007,1,1187.5,720.0,1258.75,15,538.75
VND001499,2024-08-09,P003,Moveis Domesticos,Dormitorio,V006,1,2600.0,1500.0,2522.0,7,1022.0
VND001500,2024-08-09,P012,Moveis Comerciais,Estacoes,V007,3,4800.0,8550.0,15264.0,15,6714.0
VND001501,2024-08-09,P008,Moveis Comerciais,Cadeiras,V006,4,1092.5,2560.0,4238.9,15,1678.8999999999996
VND001502,2024-08-09,P018,Servicos sob Demanda,Projetos,V007,2,6800.0,5200.0,14416.0,45,9216.0
VND001503,2024-08-09,P002,Moveis Domesticos,Mesas,V007,3,2090.0,3750.0,6646.2,0,2896.2
VND001504,2024-08-09,P010,Moveis Comerciais,Armazenagem,V004,1,2376.5,1400.0,2138.85,60,738.8499999999999
VND001505,2024-08-09,P009,Moveis Comerciais,Mesas,V007,3,1697.5,2940.0,5398.05,30,2458.05
VND001506,2024-08-09,P005,Moveis Domesticos,Sala,V002,2,1212.5,1440.0,2303.75,0,863.75
VND001507,2024-08-10,P013,Moveis Comerciais,Mesas,V008,2,3705.0,4400.0,7558.2,7,3158.2
VND001508,2024-08-10,P007,Moveis Domesticos,Escritorio,V008,1,1282.5,760.0,1308.15,15,548.1500000000001
VND001509,2024-08-10,P017,Servicos sob Demanda,Consultoria,V007,1,2660.0,900.0,2819.6,30,1919.6
VND001510,2024-08-10,P008,Moveis Comerciais,Cadeiras,V007,2,1150.0,1280.0,2438.0,7,1158.0
VND001511,2024-08-10,P011,Moveis Comerciais,Atendimento,V005,1,3104.0,1850.0,3414.4,45,1564.4
VND001512,2024-08-10,P008,Moveis Comerciais,Cadeiras,V004,2,1115.5,1280.0,2007.9,7,727.9000000000001
VND001513,2024-08-11,P005,Moveis Domesticos,Sala,V007,2,1250.0,1440.0,2650.0,15,1210.0
VND001514,2024-08-11,P012,Moveis Comerciais,Estacoes,V008,2,4800.0,5700.0,9792.0,7,4092.0
VND001515,2024-08-11,P018,Servicos sob Demanda,Projetos,V007,2,6800.0,5200.0,14416.0,60,9216.0
VND001516,2024-08-11,P014,Servicos sob Demanda,Projetos,V002,2,5044.0,4200.0,9583.6,0,5383.6
VND001517,2024-08-11,P005,Moveis Domesticos,Sala,V001,2,1250.0,1440.0,2700.0,0,1260.0
VND001518,2024-08-11,P009,Moveis Comerciais,Mesas,V005,1,1750.0,980.0,1925.0,7,945.0
VND001519,2024-08-11,P017,Servicos sob Demanda,Consultoria,V006,2,2660.0,1800.0,5160.4,0,3360.3999999999996
VND001520,2024-08-12,P005,Moveis Domesticos,Sala,V001,3,1250.0,2160.0,4050.0,45,1890.0
VND001521,2024-08-12,P001,Moveis Domesticos,Estofados,V001,1,1850.0,1100.0,1998.0,15,898.0
VND001522,2024-08-12,P011,Moveis Comerciais,Atendimento,V001,1,3040.0,1850.0,3283.2,45,1433.1999999999998
VND001523,2024-08-12,P010,Moveis Comerciais,Armazenagem,V005,1,2450.0,1400.0,2695.0,30,1295.0
VND001524,2024-08-12,P001,Moveis Domesticos,Estofados,V008,2,1850.0,2200.0,3774.0,30,1574.0
VND001525,2024-08-12,P012,Moveis Comerciais,Estacoes,V007,2,4656.0,5700.0,9870.72,15,4170.719999999999
VND001526,2024-08-12,P006,Moveis Domesticos,Estofados,V006,2,950.6,1040.0,1844.16,7,804.1600000000001
VND001527,2024-08-13,P002,Moveis Domesticos,Mesas,V002,1,2024.0,1250.0,1922.8,7,672.8
VND001528,2024-08-13,P008,Moveis Comerciais,Cadeiras,V005,2,1092.5,1280.0,2403.5,45,1123.5
VND001529,2024-08-13,P015,Servicos sob Demanda,Projetos,V007,1,8245.0,3500.0,8739.7,15,5239.700000000001
VND001530,2024-08-13,P001,Moveis Domesticos,Estofados,V007,1,1757.5,1100.0,1862.95,15,762.95
VND001531,2024-08-14,P003,Moveis Domesticos,Dormitorio,V008,1,2522.0,1500.0,2572.44,0,1072.44
VND001532,2024-08-14,P010,Moveis Comerciais,Armazenagem,V002,1,2327.5,1400.0,2211.12,60,811.1199999999999
VND001533,2024-08-14,P011,Moveis Comerciais,Atendimento,V007,5,3104.0,9250.0,16451.2,0,7201.200000000001
VND001534,2024-08-14,P008,Moveis Comerciais,Cadeiras,V007,2,1150.0,1280.0,2438.0,0,1158.0
VND001535,2024-08-14,P009,Moveis Comerciais,Mesas,V005,3,1662.5,2940.0,5486.25,30,2546.25
VND001536,2024-08-15,P007,Moveis Domesticos,Escritorio,V006,1,1350.0,760.0,1309.5,60,549.5
VND001537,2024-08-15,P006,Moveis Domesticos,Estofados,V003,5,901.6,2600.0,4643.24,0,2043.2399999999998
VND001538,2024-08-15,P018,Servicos sob Demanda,Projetos,V002,2,6596.0,5200.0,12532.4,60,7332.4
VND001539,2024-08-15,P009,Moveis Comerciais,Mesas,V007,1,1662.5,980.0,1762.25,15,782.25
VND001540,2024-08-15,P009,Moveis Comerciais,Mesas,V008,1,1750.0,980.0,1785.0,30,805.0
VND001541,2024-08-15,P009,Moveis Comerciais,Mesas,V006,1,1750.0,980.0,1697.5,30,717.5
VND001542,2024-08-15,P003,Moveis Domesticos,Dormitorio,V002,1,2392.0,1500.0,2272.4,7,772.4000000000001
VND001543,2024-08-15,P016,Servicos sob Demanda,Projetos,V001,3,11875.0,15600.0,38475.0,15,22875.0
VND001544,2024-08-15,P013,Moveis Comerciais,Mesas,V007,3,3705.0,6600.0,11781.9,60,5181.9
VND001545,2024-08-15,P012,Moveis Comerciais,Estacoes,V005,1,4560.0,2850.0,5016.0,15,2166.0
VND001546,2024-08-15,P015,Servicos sob Demanda,Projetos,V006,3,7820.0,10500.0,22756.2,30,12256.2
VND001547,2024-08-15,P008,Moveis Comerciais,Cadeiras,V005,1,1115.5,640.0,1227.05,60,587.05
VND001548,2024-08-15,P018,Servicos sob Demanda,Projetos,V004,1,6460.0,2600.0,5814.0,0,3214.0
VND001549,2024-08-16,P012,Moveis Comerciais,Estacoes,V007,1,4560.0,2850.0,4833.6,15,1983.6000000000004
VND001550,2024-08-16,P006,Moveis Domesticos,Estofados,V008,1,980.0,520.0,999.6,45,479.6
VND001551,2024-08-16,P006,Moveis Domesticos,Estofados,V006,2,980.0,1040.0,1901.2,0,861.2
VND001552,2024-08-16,P006,Moveis Domesticos,Estofados,V008,1,980.0,520.0,999.6,7,479.6
VND001553,2024-08-16,P005,Moveis Domesticos,Sala,V007,2,1250.0,1440.0,2650.0,0,1210.0
VND001554,2024-08-16,P015,Servicos sob Demanda,Projetos,V008,2,8500.0,7000.0,17340.0,30,10340.0
VND001555,2024-08-16,P004,Moveis Domesticos,Dormitorio,V001,3,2945.0,5550.0,9541.8,60,3991.7999999999993
VND001556,2024-08-16,P012,Moveis Comerciais,Estacoes,V003,3,4800.0,8550.0,14832.0,30,6282.0
VND001557,2024-08-16,P006,Moveis Domesticos,Estofados,V003,1,931.0,520.0,958.93,30,438.92999999999995
VND001558,2024-08-16,P002,Moveis Domesticos,Mesas,V001,2,2134.0,2500.0,4609.44,30,2109.4399999999996
VND001559,2024-08-16,P015,Servicos sob Demanda,Projetos,V002,1,8075.0,3500.0,7671.25,15,4171.25
VND001560,2024-08-16,P006,Moveis Domesticos,Estofados,V004,1,980.0,520.0,882.0,15,362.0
VND001561,2024-08-16,P010,Moveis Comerciais,Armazenagem,V001,1,2450.0,1400.0,2646.0,30,1246.0
VND001562,2024-08-16,P016,Servicos sob Demanda,Projetos,V004,2,11500.0,10400.0,20700.0,15,10300.0
VND001563,2024-08-17,P003,Moveis Domesticos,Dormitorio,V001,6,2600.0,9000.0,16848.0,30,7848.0
VND001564,2024-08-17,P001,Moveis Domesticos,Estofados,V003,1,1794.5,1100.0,1848.34,0,748.3399999999999
VND001565,2024-08-17,P001,Moveis Domesticos,Estofados,V006,1,1794.5,1100.0,1740.66,0,640.6600000000001
VND001566,2024-08-17,P004,Moveis Domesticos,Dormitorio,V002,1,3100.0,1850.0,2945.0,60,1095.0
VND001567,2024-08-17,P015,Servicos sob Demanda,Projetos,V007,1,8500.0,3500.0,9010.0,30,5510.0
VND001568,2024-08-18,P012,Moveis Comerciais,Estacoes,V002,1,4560.0,2850.0,4332.0,45,1482.0
VND001569,2024-08-18,P017,Servicos sob Demanda,Consultoria,V002,2,2660.0,1800.0,5054.0,30,3254.0
VND001570,2024-08-18,P004,Moveis Domesticos,Dormitorio,V008,1,3007.0,1850.0,3067.14,45,1217.1399999999999
VND001571,2024-08-18,P001,Moveis Domesticos,Estofados,V005,2,1850.0,2200.0,4070.0,15,1870.0
VND001572,2024-08-18,P002,Moveis Domesticos,Mesas,V003,3,2200.0,3750.0,6798.0,0,3048.0
VND001573,2024-08-19,P002,Moveis Domesticos,Mesas,V008,1,2134.0,1250.0,2176.68,45,926.6799999999998
VND001574,2024-08-19,P002,Moveis Domesticos,Mesas,V006,2,2200.0,2500.0,4268.0,0,1768.0
VND001575,2024-08-19,P002,Moveis Domesticos,Mesas,V005,2,2090.0,2500.0,4598.0,30,2098.0
VND001576,2024-08-19,P001,Moveis Domesticos,Estofados,V003,1,1850.0,1100.0,1905.5,7,805.5
VND001577,2024-08-19,P011,Moveis Comerciais,Atendimento,V005,2,2944.0,3700.0,6476.8,45,2776.8
VND001578,2024-08-20,P010,Moveis Comerciais,Armazenagem,V001,2,2376.5,2800.0,5133.24,7,2333.24
VND001579,2024-08-20,P008,Moveis Comerciais,Cadeiras,V006,2,1150.0,1280.0,2231.0,0,951.0
VND001580,2024-08-20,P004,Moveis Domesticos,Dormitorio,V004,1,3100.0,1850.0,2790.0,30,940.0
VND001581,2024-08-20,P015,Servicos sob Demanda,Projetos,V003,1,8500.0,3500.0,8755.0,30,5255.0
VND001582,2024-08-20,P011,Moveis Comerciais,Atendimento,V002,1,3200.0,1850.0,3040.0,15,1190.0
VND001583,2024-08-20,P005,Moveis Domesticos,Sala,V008,1,1250.0,720.0,1275.0,0,555.0
VND001584,2024-08-20,P002,Moveis Domesticos,Mesas,V003,1,2200.0,1250.0,2266.0,30,1016.0
VND001585,2024-08-20,P008,Moveis Comerciais,Cadeiras,V007,1,1092.5,640.0,1158.05,60,518.05
VND001586,2024-08-21,P015,Servicos sob Demanda,Projetos,V003,5,8075.0,17500.0,41586.25,30,24086.25
VND001587,2024-08-21,P004,Moveis Domesticos,Dormitorio,V008,1,3100.0,1850.0,3162.0,30,1312.0
VND001588,2024-08-21,P009,Moveis Comerciais,Mesas,V004,1,1750.0,980.0,1575.0,7,595.0
VND001589,2024-08-21,P005,Moveis Domesticos,Sala,V007,1,1212.5,720.0,1285.25,15,565.25
VND001590,2024-08-21,P005,Moveis Domesticos,Sala,V002,2,1250.0,1440.0,2375.0,30,935.0
VND001591,2024-08-21,P001,Moveis Domesticos,Estofados,V002,4,1850.0,4400.0,7030.0,0,2630.0
VND001592,2024-08-21,P004,Moveis Domesticos,Dormitorio,V001,2,3007.0,3700.0,6495.12,0,2795.12
VND001593,2024-08-21,P005,Moveis Domesticos,Sala,V007,1,1212.5,720.0,1285.25,30,565.25
VND001594,2024-08-21,P001,Moveis Domesticos,Estofados,V005,2,1850.0,2200.0,4070.0,0,1870.0
VND001595,2024-08-22,P014,Servicos sob Demanda,Projetos,V006,2,5044.0,4200.0,9785.36,0,5585.360000000001
VND001596,2024-08-22,P013,Moveis Comerciais,Mesas,V008,2,3900.0,4400.0,7956.0,0,3556.0
VND001597,2024-08-22,P018,Servicos sob Demanda,Projetos,V001,1,6800.0,2600.0,7344.0,15,4744.0
VND001598,2024-08-22,P009,Moveis Comerciais,Mesas,V008,1,1750.0,980.0,1785.0,15,805.0
VND001599,2024-08-22,P008,Moveis Comerciais,Cadeiras,V006,1,1150.0,640.0,1115.5,0,475.5
VND001600,2024-08-22,P005,Moveis Domesticos,Sala,V006,1,1187.5,720.0,1151.88,15,431.8800000000001
VND001601,2024-08-23,P009,Moveis Comerciais,Mesas,V001,2,1697.5,1960.0,3666.6,0,1706.6
VND001602,2024-08-23,P001,Moveis Domesticos,Estofados,V002,5,1757.5,5500.0,8348.12,60,2848.120000000001
VND001603,2024-08-23,P011,Moveis Comerciais,Atendimento,V008,1,3104.0,1850.0,3166.08,0,1316.08
VND001604,2024-08-23,P011,Moveis Comerciais,Atendimento,V001,1,3200.0,1850.0,3456.0,45,1606.0
VND001605,2024-08-23,P002,Moveis Domesticos,Mesas,V002,1,2090.0,1250.0,1985.5,30,735.5
VND001606,2024-08-23,P008,Moveis Comerciais,Cadeiras,V007,1,1092.5,640.0,1158.05,45,518.05
VND001607,2024-08-23,P005,Moveis Domesticos,Sala,V004,1,1250.0,720.0,1125.0,0,405.0
VND001608,2024-08-23,P013,Moveis Comerciais,Mesas,V003,1,3783.0,2200.0,3896.49,45,1696.4899999999998
VND001609,2024-08-23,P018,Servicos sob Demanda,Projetos,V003,1,6460.0,2600.0,6653.8,7,4053.8
VND001610,2024-08-24,P008,Moveis Comerciais,Cadeiras,V001,2,1092.5,1280.0,2359.8,30,1079.8000000000002
VND001611,2024-08-24,P007,Moveis Domesticos,Escritorio,V006,2,1350.0,1520.0,2619.0,0,1099.0
VND001612,2024-08-25,P002,Moveis Domesticos,Mesas,V003,5,2134.0,6250.0,10990.1,7,4740.1
VND001613,2024-08-25,P008,Moveis Comerciais,Cadeiras,V008,2,1092.5,1280.0,2228.7,0,948.6999999999998
VND001614,2024-08-26,P018,Servicos sob Demanda,Projetos,V001,1,6596.0,2600.0,7123.68,30,4523.68
VND001615,2024-08-26,P007,Moveis Domesticos,Escritorio,V004,2,1309.5,1520.0,2357.1,45,837.0999999999999
VND001616,2024-08-26,P005,Moveis Domesticos,Sala,V001,2,1250.0,1440.0,2700.0,7,1260.0
VND001617,2024-08-26,P005,Moveis Domesticos,Sala,V001,2,1212.5,1440.0,2619.0,0,1179.0
VND001618,2024-08-27,P012,Moveis Comerciais,Estacoes,V004,3,4800.0,8550.0,12960.0,30,4410.0
VND001619,2024-08-27,P002,Moveis Domesticos,Mesas,V006,1,2200.0,1250.0,2134.0,45,884.0
VND001620,2024-08-27,P014,Servicos sob Demanda,Projetos,V007,1,5200.0,2100.0,5512.0,45,3412.0
VND001621,2024-08-27,P006,Moveis Domesticos,Estofados,V003,2,980.0,1040.0,2018.8,0,978.8
VND001622,2024-08-28,P007,Moveis Domesticos,Escritorio,V006,1,1350.0,760.0,1309.5,15,549.5
VND001623,2024-08-28,P007,Moveis Domesticos,Escritorio,V002,2,1282.5,1520.0,2436.75,15,916.75
VND001624,2024-08-28,P016,Servicos sob Demanda,Projetos,V008,1,12500.0,5200.0,12750.0,7,7550.0
VND001625,2024-08-28,P010,Moveis Comerciais,Armazenagem,V007,2,2450.0,2800.0,5194.0,45,2394.0
VND001626,2024-08-28,P018,Servicos sob Demanda,Projetos,V004,1,6800.0,2600.0,6120.0,7,3520.0
VND001627,2024-08-28,P007,Moveis Domesticos,Escritorio,V006,1,1309.5,760.0,1270.21,7,510.21000000000004
VND001628,2024-08-28,P006,Moveis Domesticos,Estofados,V004,2,931.0,1040.0,1675.8,0,635.8
VND001629,2024-08-28,P004,Moveis Domesticos,Dormitorio,V003,1,3100.0,1850.0,3193.0,15,1343.0
VND001630,2024-08-28,P002,Moveis Domesticos,Mesas,V006,1,2200.0,1250.0,2134.0,30,884.0
VND001631,2024-08-28,P004,Moveis Domesticos,Dormitorio,V003,2,3100.0,3700.0,6386.0,7,2686.0
VND001632,2024-08-29,P010,Moveis Comerciais,Armazenagem,V002,2,2450.0,2800.0,4655.0,15,1855.0
VND001633,2024-08-29,P008,Moveis Comerciais,Cadeiras,V002,5,1150.0,3200.0,5462.5,30,2262.5
VND001634,2024-08-29,P003,Moveis Domesticos,Dormitorio,V005,1,2600.0,1500.0,2860.0,45,1360.0
VND001635,2024-08-29,P007,Moveis Domesticos,Escritorio,V002,2,1350.0,1520.0,2565.0,15,1045.0
VND001636,2024-08-29,P010,Moveis Comerciais,Armazenagem,V005,1,2254.0,1400.0,2479.4,45,1079.4
VND001637,2024-08-29,P006,Moveis Domesticos,Estofados,V007,1,931.0,520.0,986.86,30,466.86
VND001638,2024-08-29,P015,Servicos sob Demanda,Projetos,V006,2,8245.0,7000.0,15995.3,15,8995.3
VND001639,2024-08-29,P013,Moveis Comerciais,Mesas,V004,1,3900.0,2200.0,3510.0,60,1310.0
VND001640,2024-08-29,P008,Moveis Comerciais,Cadeiras,V003,1,1115.5,640.0,1148.96,45,508.96000000000004
VND001641,2024-08-30,P004,Moveis Domesticos,Dormitorio,V004,2,3007.0,3700.0,5412.6,45,1712.6000000000004
VND001642,2024-08-30,P006,Moveis Domesticos,Estofados,V007,1,950.6,520.0,1007.64,0,487.64
VND001643,2024-08-30,P007,Moveis Domesticos,Escritorio,V007,1,1309.5,760.0,1388.07,30,628.0699999999999
VND001644,2024-08-30,P001,Moveis Domesticos,Estofados,V006,1,1850.0,1100.0,1794.5,45,694.5
VND001645,2024-08-30,P015,Servicos sob Demanda,Projetos,V005,1,8245.0,3500.0,9069.5,0,5569.5
VND001646,2024-08-30,P009,Moveis Comerciais,Mesas,V008,1,1750.0,980.0,1785.0,0,805.0
VND001647,2024-08-30,P007,Moveis Domesticos,Escritorio,V007,2,1282.5,1520.0,2718.9,60,1198.9
VND001648,2024-08-30,P002,Moveis Domesticos,Mesas,V004,4,2090.0,5000.0,7524.0,30,2524.0
VND001649,2024-08-30,P007,Moveis Domesticos,Escritorio,V008,2,1242.0,1520.0,2533.68,0,1013.6799999999998
VND001650,2024-08-31,P009,Moveis Comerciais,Mesas,V003,1,1750.0,980.0,1802.5,0,822.5
VND001651,2024-08-31,P017,Servicos sob Demanda,Consultoria,V001,1,2716.0,900.0,2933.28,0,2033.2800000000002
VND001652,2024-08-31,P003,Moveis Domesticos,Dormitorio,V007,1,2600.0,1500.0,2756.0,30,1256.0
VND001653,2024-08-31,P004,Moveis Domesticos,Dormitorio,V006,1,3100.0,1850.0,3007.0,15,1157.0
VND001654,2024-08-31,P017,Servicos sob Demanda,Consultoria,V003,1,2716.0,900.0,2797.48,30,1897.48
VND001655,2024-08-31,P011,Moveis Comerciais,Atendimento,V006,1,3104.0,1850.0,3010.88,45,1160.88
VND001656,2024-08-31,P003,Moveis Domesticos,Dormitorio,V003,3,2522.0,4500.0,7792.98,30,3292.9799999999996
VND001657,2024-08-31,P008,Moveis Comerciais,Cadeiras,V004,1,1150.0,640.0,1035.0,15,395.0
VND001658,2024-08-31,P011,Moveis Comerciais,Atendimento,V007,3,3104.0,5550.0,9870.72,0,4320.719999999999
VND001659,2024-08-31,P014,Servicos sob Demanda,Projetos,V003,4,4940.0,8400.0,20352.8,7,11952.8
VND001660,2024-09-01,P007,Moveis Domesticos,Escritorio,V006,1,1350.0,760.0,1309.5,0,549.5
VND001661,2024-09-01,P002,Moveis Domesticos,Mesas,V001,1,2134.0,1250.0,2304.72,7,1054.7199999999998
VND001662,2024-09-01,P015,Servicos sob Demanda,Projetos,V004,3,7820.0,10500.0,21114.0,45,10614.0
VND001663,2024-09-01,P010,Moveis Comerciais,Armazenagem,V003,2,2327.5,2800.0,4794.65,0,1994.6499999999996
VND001664,2024-09-01,P001,Moveis Domesticos,Estofados,V005,1,1850.0,1100.0,2035.0,15,935.0
VND001665,2024-09-01,P015,Servicos sob Demanda,Projetos,V004,1,8500.0,3500.0,7650.0,30,4150.0
VND001666,2024-09-01,P008,Moveis Comerciais,Cadeiras,V005,5,1150.0,3200.0,6325.0,45,3125.0
VND001667,2024-09-02,P011,Moveis Comerciais,Atendimento,V005,1,3104.0,1850.0,3414.4,45,1564.4
VND001668,2024-09-02,P001,Moveis Domesticos,Estofados,V004,1,1794.5,1100.0,1615.05,30,515.05
VND001669,2024-09-02,P014,Servicos sob Demanda,Projetos,V007,2,5200.0,4200.0,11024.0,0,6824.0
VND001670,2024-09-03,P009,Moveis Comerciais,Mesas,V008,1,1750.0,980.0,1785.0,15,805.0
VND001671,2024-09-03,P004,Moveis Domesticos,Dormitorio,V003,2,3100.0,3700.0,6386.0,7,2686.0
VND001672,2024-09-03,P004,Moveis Domesticos,Dormitorio,V004,3,3007.0,5550.0,8118.9,45,2568.8999999999996
VND001673,2024-09-04,P006,Moveis Domesticos,Estofados,V004,4,980.0,2080.0,3528.0,45,1448.0
VND001674,2024-09-04,P010,Moveis Comerciais,Armazenagem,V006,4,2376.5,5600.0,9220.82,7,3620.8199999999997
VND001675,2024-09-04,P004,Moveis Domesticos,Dormitorio,V004,1,3007.0,1850.0,2706.3,15,856.3000000000002
VND001676,2024-09-04,P008,Moveis Comerciais,Cadeiras,V002,2,1150.0,1280.0,2185.0,60,905.0
VND001677,2024-09-04,P014,Servicos sob Demanda,Projetos,V004,2,4940.0,4200.0,8892.0,15,4692.0
VND001678,2024-09-04,P003,Moveis Domesticos,Dormitorio,V002,1,2600.0,1500.0,2470.0,0,970.0
VND001679,2024-09-04,P011,Moveis Comerciais,Atendimento,V007,1,3200.0,1850.0,3392.0,7,1542.0
VND001680,2024-09-04,P017,Servicos sob Demanda,Consultoria,V007,1,2800.0,900.0,2968.0,0,2068.0
VND001681,2024-09-04,P007,Moveis Domesticos,Escritorio,V002,1,1309.5,760.0,1244.02,15,484.02
VND001682,2024-09-04,P003,Moveis Domesticos,Dormitorio,V002,1,2600.0,1500.0,2470.0,0,970.0
VND001683,2024-09-04,P003,Moveis Domesticos,Dormitorio,V006,3,2470.0,4500.0,7187.7,0,2687.7
VND001684,2024-09-04,P013,Moveis Comerciais,Mesas,V003,1,3900.0,2200.0,4017.0,45,1817.0
VND001685,2024-09-04,P009,Moveis Comerciais,Mesas,V003,1,1750.0,980.0,1802.5,0,822.5
VND001686,2024-09-04,P004,Moveis Domesticos,Dormitorio,V008,1,2945.0,1850.0,3003.9,15,1153.9
VND001687,2024-09-05,P018,Servicos sob Demanda,Projetos,V003,2,6800.0,5200.0,14008.0,15,8808.0
VND001688,2024-09-05,P001,Moveis Domesticos,Estofados,V004,3,1850.0,3300.0,4995.0,30,1695.0
VND001689,2024-09-05,P003,Moveis Domesticos,Dormitorio,V007,2,2600.0,3000.0,5512.0,30,2512.0
VND001690,2024-09-05,P008,Moveis Comerciais,Cadeiras,V007,2,1092.5,1280.0,2316.1,60,1036.1
VND001691,2024-09-05,P001,Moveis Domesticos,Estofados,V004,1,1757.5,1100.0,1581.75,15,481.75
VND001692,2024-09-06,P006,Moveis Domesticos,Estofados,V005,2,980.0,1040.0,2156.0,30,1116.0
VND001693,2024-09-06,P011,Moveis Comerciais,Atendimento,V006,2,3200.0,3700.0,6208.0,0,2508.0
VND001694,2024-09-06,P010,Moveis Comerciais,Armazenagem,V008,1,2450.0,1400.0,2499.0,0,1099.0
VND001695,2024-09-06,P009,Moveis Comerciais,Mesas,V004,3,1750.0,2940.0,4725.0,45,1785.0
VND001696,2024-09-06,P005,Moveis Domesticos,Sala,V008,4,1250.0,2880.0,5100.0,30,2220.0
VND001697,2024-09-06,P008,Moveis Comerciais,Cadeiras,V003,1,1150.0,640.0,1184.5,15,544.5
VND001698,2024-09-06,P006,Moveis Domesticos,Estofados,V004,1,931.0,520.0,837.9,30,317.9
VND001699,2024-09-07,P005,Moveis Domesticos,Sala,V002,1,1212.5,720.0,1151.88,30,431.8800000000001
VND001700,2024-09-07,P003,Moveis Domesticos,Dormitorio,V004,1,2600.0,1500.0,2340.0,30,840.0
VND001701,2024-09-07,P001,Moveis Domesticos,Estofados,V003,1,1757.5,1100.0,1810.22,60,710.22
VND001702,2024-09-07,P018,Servicos sob Demanda,Projetos,V002,2,6800.0,5200.0,12920.0,45,7720.0
VND001703,2024-09-07,P008,Moveis Comerciais,Cadeiras,V001,1,1150.0,640.0,1242.0,45,602.0
VND001704,2024-09-07,P008,Moveis Comerciais,Cadeiras,V007,4,1115.5,2560.0,4729.72,45,2169.7200000000003
VND001705,2024-09-07,P002,Moveis Domesticos,Mesas,V006,1,2200.0,1250.0,2134.0,0,884.0
VND001706,2024-09-08,P014,Servicos sob Demanda,Projetos,V007,1,4784.0,2100.0,5071.04,0,2971.04
VND001707,2024-09-08,P010,Moveis Comerciais,Armazenagem,V002,1,2327.5,1400.0,2211.12,0,811.1199999999999
VND001708,2024-09-08,P007,Moveis Domesticos,Escritorio,V001,2,1309.5,1520.0,2828.52,45,1308.52
VND001709,2024-09-08,P005,Moveis Domesticos,Sala,V001,2,1250.0,1440.0,2700.0,15,1260.0
VND001710,2024-09-08,P006,Moveis Domesticos,Estofados,V008,3,950.6,1560.0,2908.84,15,1348.8400000000001
VND001711,2024-09-08,P001,Moveis Domesticos,Estofados,V003,1,1850.0,1100.0,1905.5,30,805.5
VND001712,2024-09-09,P002,Moveis Domesticos,Mesas,V001,1,2090.0,1250.0,2257.2,45,1007.1999999999998
VND001713,2024-09-09,P012,Moveis Comerciais,Estacoes,V001,3,4800.0,8550.0,15552.0,15,7002.0
VND001714,2024-09-09,P002,Moveis Domesticos,Mesas,V003,1,2134.0,1250.0,2198.02,45,948.02
VND001715,2024-09-09,P008,Moveis Comerciais,Cadeiras,V004,1,1150.0,640.0,1035.0,60,395.0
VND001716,2024-09-10,P008,Moveis Comerciais,Cadeiras,V003,4,1150.0,2560.0,4738.0,60,2178.0
VND001717,2024-09-10,P016,Servicos sob Demanda,Projetos,V001,1,11500.0,5200.0,12420.0,30,7220.0
VND001718,2024-09-10,P003,Moveis Domesticos,Dormitorio,V007,3,2522.0,4500.0,8019.96,30,3519.96
VND001719,2024-09-10,P008,Moveis Comerciais,Cadeiras,V007,1,1150.0,640.0,1219.0,0,579.0
VND001720,2024-09-10,P001,Moveis Domesticos,Estofados,V007,2,1850.0,2200.0,3922.0,45,1722.0
VND001721,2024-09-10,P006,Moveis Domesticos,Estofados,V004,1,980.0,520.0,882.0,0,362.0
VND001722,2024-09-10,P008,Moveis Comerciais,Cadeiras,V006,1,1150.0,640.0,1115.5,0,475.5
VND001723,2024-09-11,P010,Moveis Comerciais,Armazenagem,V006,1,2254.0,1400.0,2186.38,7,786.3800000000001
VND001724,2024-09-11,P010,Moveis Comerciais,Armazenagem,V008,1,2376.5,1400.0,2424.03,45,1024.0300000000002
VND001725,2024-09-11,P017,Servicos sob Demanda,Consultoria,V008,2,2800.0,1800.0,5712.0,30,3912.0
VND001726,2024-09-11,P013,Moveis Comerciais,Mesas,V006,1,3900.0,2200.0,3783.0,0,1583.0
VND001727,2024-09-11,P002,Moveis Domesticos,Mesas,V002,2,2134.0,2500.0,4054.6,15,1554.6
VND001728,2024-09-11,P014,Servicos sob Demanda,Projetos,V004,2,5044.0,4200.0,9079.2,0,4879.200000000001
VND001729,2024-09-11,P008,Moveis Comerciais,Cadeiras,V001,2,1115.5,1280.0,2409.48,45,1129.48
VND001730,2024-09-11,P007,Moveis Domesticos,Escritorio,V004,1,1350.0,760.0,1215.0,15,455.0
VND001731,2024-09-12,P010,Moveis Comerciais,Armazenagem,V003,1,2450.0,1400.0,2523.5,0,1123.5
VND001732,2024-09-12,P008,Moveis Comerciais,Cadeiras,V004,2,1058.0,1280.0,1904.4,0,624.4000000000001
VND001733,2024-09-12,P015,Servicos sob Demanda,Projetos,V006,2,8500.0,7000.0,16490.0,7,9490.0
VND001734,2024-09-12,P015,Servicos sob Demanda,Projetos,V008,2,8500.0,7000.0,17340.0,15,10340.0
VND001735,2024-09-12,P017,Servicos sob Demanda,Consultoria,V002,1,2576.0,900.0,2447.2,30,1547.1999999999998
VND001736,2024-09-13,P002,Moveis Domesticos,Mesas,V001,1,2200.0,1250.0,2376.0,0,1126.0
VND001737,2024-09-13,P001,Moveis Domesticos,Estofados,V001,2,1757.5,2200.0,3796.2,45,1596.1999999999998
VND001738,2024-09-13,P005,Moveis Domesticos,Sala,V004,1,1250.0,720.0,1125.0,30,405.0
VND001739,2024-09-13,P012,Moveis Comerciais,Estacoes,V002,2,4560.0,5700.0,8664.0,0,2964.0
VND001740,2024-09-13,P006,Moveis Domesticos,Estofados,V001,1,980.0,520.0,1058.4,30,538.4000000000001
VND001741,2024-09-13,P010,Moveis Comerciais,Armazenagem,V008,2,2254.0,2800.0,4598.16,30,1798.1599999999999
VND001742,2024-09-13,P003,Moveis Domesticos,Dormitorio,V006,3,2392.0,4500.0,6960.72,60,2460.7200000000003
VND001743,2024-09-13,P010,Moveis Comerciais,Armazenagem,V005,2,2376.5,2800.0,5228.3,7,2428.3
VND001744,2024-09-13,P005,Moveis Domesticos,Sala,V002,1,1250.0,720.0,1187.5,0,467.5
VND001745,2024-09-14,P001,Moveis Domesticos,Estofados,V004,2,1794.5,2200.0,3230.1,7,1030.1
VND001746,2024-09-14,P008,Moveis Comerciais,Cadeiras,V004,1,1115.5,640.0,1003.95,30,363.95000000000005
VND001747,2024-09-14,P013,Moveis Comerciais,Mesas,V005,1,3705.0,2200.0,4075.5,30,1875.5
VND001748,2024-09-14,P008,Moveis Comerciais,Cadeiras,V006,1,1150.0,640.0,1115.5,45,475.5
VND001749,2024-09-14,P002,Moveis Domesticos,Mesas,V006,2,2200.0,2500.0,4268.0,45,1768.0
VND001750,2024-09-14,P005,Moveis Domesticos,Sala,V007,1,1250.0,720.0,1325.0,7,605.0
VND001751,2024-09-14,P012,Moveis Comerciais,Estacoes,V007,1,4800.0,2850.0,5088.0,30,2238.0
VND001752,2024-09-14,P011,Moveis Comerciais,Atendimento,V001,3,3040.0,5550.0,9849.6,30,4299.6
VND001753,2024-09-14,P001,Moveis Domesticos,Estofados,V007,3,1850.0,3300.0,5883.0,7,2583.0
VND001754,2024-09-14,P001,Moveis Domesticos,Estofados,V008,1,1757.5,1100.0,1792.65,30,692.6500000000001
VND001755,2024-09-15,P004,Moveis Domesticos,Dormitorio,V008,2,2945.0,3700.0,6007.8,45,2307.8
VND001756,2024-09-15,P011,Moveis Comerciais,Atendimento,V005,1,3200.0,1850.0,3520.0,7,1670.0
VND001757,2024-09-15,P011,Moveis Comerciais,Atendimento,V004,2,3200.0,3700.0,5760.0,7,2060.0
VND001758,2024-09-15,P006,Moveis Domesticos,Estofados,V001,2,950.6,1040.0,2053.3,0,1013.3000000000002
VND001759,2024-09-15,P011,Moveis Comerciais,Atendimento,V006,1,3104.0,1850.0,3010.88,0,1160.88
VND001760,2024-09-15,P009,Moveis Comerciais,Mesas,V002,1,1750.0,980.0,1662.5,60,682.5
VND001761,2024-09-16,P007,Moveis Domesticos,Escritorio,V006,2,1350.0,1520.0,2619.0,30,1099.0
VND001762,2024-09-16,P006,Moveis Domesticos,Estofados,V004,3,980.0,1560.0,2646.0,15,1086.0
VND001763,2024-09-16,P009,Moveis Comerciais,Mesas,V008,1,1750.0,980.0,1785.0,60,805.0
VND001764,2024-09-16,P005,Moveis Domesticos,Sala,V006,1,1250.0,720.0,1212.5,15,492.5
VND001765,2024-09-16,P018,Servicos sob Demanda,Projetos,V006,3,6800.0,7800.0,19788.0,15,11988.0
VND001766,2024-09-16,P007,Moveis Domesticos,Escritorio,V005,2,1350.0,1520.0,2970.0,0,1450.0
VND001767,2024-09-16,P009,Moveis Comerciais,Mesas,V004,2,1750.0,1960.0,3150.0,30,1190.0
VND001768,2024-09-17,P003,Moveis Domesticos,Dormitorio,V004,3,2470.0,4500.0,6669.0,30,2169.0
VND001769,2024-09-17,P003,Moveis Domesticos,Dormitorio,V007,1,2470.0,1500.0,2618.2,45,1118.1999999999998
VND001770,2024-09-17,P009,Moveis Comerciais,Mesas,V002,1,1610.0,980.0,1529.5,30,549.5
VND001771,2024-09-17,P013,Moveis Comerciais,Mesas,V007,4,3900.0,8800.0,16536.0,30,7736.0
VND001772,2024-09-17,P005,Moveis Domesticos,Sala,V003,3,1212.5,2160.0,3746.62,0,1586.62
VND001773,2024-09-17,P013,Moveis Comerciais,Mesas,V005,2,3783.0,4400.0,8322.6,7,3922.6000000000004
VND001774,2024-09-17,P006,Moveis Domesticos,Estofados,V003,1,980.0,520.0,1009.4,0,489.4
VND001775,2024-09-17,P007,Moveis Domesticos,Escritorio,V003,1,1282.5,760.0,1320.98,30,560.98
VND001776,2024-09-17,P004,Moveis Domesticos,Dormitorio,V001,1,2945.0,1850.0,3180.6,60,1330.6
VND001777,2024-09-17,P003,Moveis Domesticos,Dormitorio,V001,2,2470.0,3000.0,5335.2,15,2335.2
VND001778,2024-09-17,P001,Moveis Domesticos,Estofados,V002,3,1702.0,3300.0,4850.7,0,1550.6999999999998
VND001779,2024-09-17,P009,Moveis Comerciais,Mesas,V001,1,1750.0,980.0,1890.0,7,910.0
VND001780,2024-09-17,P009,Moveis Comerciais,Mesas,V006,2,1750.0,1960.0,3395.0,0,1435.0
VND001781,2024-09-17,P007,Moveis Domesticos,Escritorio,V006,1,1350.0,760.0,1309.5,15,549.5
VND001782,2024-09-18,P004,Moveis Domesticos,Dormitorio,V006,1,3100.0,1850.0,3007.0,7,1157.0
VND001783,2024-09-18,P010,Moveis Comerciais,Armazenagem,V006,1,2376.5,1400.0,2305.2,7,905.1999999999998
VND001784,2024-09-18,P008,Moveis Comerciais,Cadeiras,V002,2,1150.0,1280.0,2185.0,0,905.0
VND001785,2024-09-18,P001,Moveis Domesticos,Estofados,V004,1,1850.0,1100.0,1665.0,30,565.0
VND001786,2024-09-18,P007,Moveis Domesticos,Escritorio,V007,2,1350.0,1520.0,2862.0,45,1342.0
VND001787,2024-09-18,P013,Moveis Comerciais,Mesas,V007,3,3705.0,6600.0,11781.9,0,5181.9
VND001788,2024-09-18,P003,Moveis Domesticos,Dormitorio,V008,2,2470.0,3000.0,5038.8,15,2038.8000000000002
VND001789,2024-09-18,P006,Moveis Domesticos,Estofados,V005,2,950.6,1040.0,2091.32,60,1051.3200000000002
VND001790,2024-09-18,P013,Moveis Comerciais,Mesas,V002,1,3900.0,2200.0,3705.0,15,1505.0
VND001791,2024-09-18,P014,Servicos sob Demanda,Projetos,V005,2,5044.0,4200.0,11096.8,0,6896.799999999999
VND001792,2024-09-18,P005,Moveis Domesticos,Sala,V002,1,1212.5,720.0,1151.88,7,431.8800000000001
VND001793,2024-09-18,P011,Moveis Comerciais,Atendimento,V007,1,3104.0,1850.0,3290.24,15,1440.2399999999998
VND001794,2024-09-18,P001,Moveis Domesticos,Estofados,V001,2,1757.5,2200.0,3796.2,30,1596.1999999999998
VND001795,2024-09-18,P008,Moveis Comerciais,Cadeiras,V007,1,1092.5,640.0,1158.05,45,518.05
VND001796,2024-09-19,P003,Moveis Domesticos,Dormitorio,V007,2,2522.0,3000.0,5346.64,30,2346.6400000000003
VND001797,2024-09-19,P017,Servicos sob Demanda,Consultoria,V005,1,2800.0,900.0,3080.0,7,2180.0
VND001798,2024-09-19,P017,Servicos sob Demanda,Consultoria,V006,3,2716.0,2700.0,7903.56,0,5203.56
VND001799,2024-09-19,P004,Moveis Domesticos,Dormitorio,V008,1,3100.0,1850.0,3162.0,45,1312.0
VND001800,2024-09-20,P010,Moveis Comerciais,Armazenagem,V008,3,2327.5,4200.0,7122.15,0,2922.1499999999996
VND001801,2024-09-20,P006,Moveis Domesticos,Estofados,V008,1,980.0,520.0,999.6,0,479.6
VND001802,2024-09-20,P017,Servicos sob Demanda,Consultoria,V003,1,2576.0,900.0,2653.28,30,1753.2800000000002
VND001803,2024-09-20,P006,Moveis Domesticos,Estofados,V004,1,980.0,520.0,882.0,15,362.0
VND001804,2024-09-21,P017,Servicos sob Demanda,Consultoria,V005,1,2800.0,900.0,3080.0,45,2180.0
VND001805,2024-09-21,P009,Moveis Comerciais,Mesas,V002,2,1750.0,1960.0,3325.0,45,1365.0
VND001806,2024-09-21,P004,Moveis Domesticos,Dormitorio,V005,1,3100.0,1850.0,3410.0,60,1560.0
VND001807,2024-09-21,P002,Moveis Domesticos,Mesas,V004,1,2090.0,1250.0,1881.0,15,631.0
VND001808,2024-09-21,P013,Moveis Comerciais,Mesas,V003,1,3783.0,2200.0,3896.49,15,1696.4899999999998
VND001809,2024-09-21,P002,Moveis Domesticos,Mesas,V005,1,2090.0,1250.0,2299.0,45,1049.0
VND001810,2024-09-22,P010,Moveis Comerciais,Armazenagem,V008,1,2376.5,1400.0,2424.03,45,1024.0300000000002
VND001811,2024-09-22,P005,Moveis Domesticos,Sala,V005,1,1187.5,720.0,1306.25,0,586.25
VND001812,2024-09-22,P015,Servicos sob Demanda,Projetos,V008,2,8500.0,7000.0,17340.0,30,10340.0
VND001813,2024-09-22,P005,Moveis Domesticos,Sala,V001,2,1150.0,1440.0,2484.0,45,1044.0
VND001814,2024-09-22,P005,Moveis Domesticos,Sala,V005,3,1250.0,2160.0,4125.0,60,1965.0
VND001815,2024-09-22,P002,Moveis Domesticos,Mesas,V005,1,2200.0,1250.0,2420.0,30,1170.0
VND001816,2024-09-22,P009,Moveis Comerciais,Mesas,V005,3,1750.0,2940.0,5775.0,15,2835.0
VND001817,2024-09-23,P014,Servicos sob Demanda,Projetos,V007,1,5200.0,2100.0,5512.0,60,3412.0
VND001818,2024-09-23,P005,Moveis Domesticos,Sala,V005,1,1150.0,720.0,1265.0,45,545.0
VND001819,2024-09-23,P002,Moveis Domesticos,Mesas,V008,3,2090.0,3750.0,6395.4,7,2645.3999999999996
VND001820,2024-09-23,P001,Moveis Domesticos,Estofados,V005,1,1850.0,1100.0,2035.0,45,935.0
VND001821,2024-09-23,P014,Servicos sob Demanda,Projetos,V007,1,5200.0,2100.0,5512.0,15,3412.0
VND001822,2024-09-23,P002,Moveis Domesticos,Mesas,V006,1,2200.0,1250.0,2134.0,30,884.0
VND001823,2024-09-23,P009,Moveis Comerciais,Mesas,V006,3,1697.5,2940.0,4939.72,15,1999.7200000000003
VND001824,2024-09-23,P007,Moveis Domesticos,Escritorio,V002,1,1282.5,760.0,1218.38,15,458.3800000000001
VND001825,2024-09-23,P015,Servicos sob Demanda,Projetos,V001,2,8500.0,7000.0,18360.0,45,11360.0
VND001826,2024-09-23,P008,Moveis Comerciais,Cadeiras,V006,2,1150.0,1280.0,2231.0,45,951.0
VND001827,2024-09-24,P007,Moveis Domesticos,Escritorio,V006,1,1282.5,760.0,1244.02,30,484.02
VND001828,2024-09-24,P002,Moveis Domesticos,Mesas,V004,1,2200.0,1250.0,1980.0,15,730.0
VND001829,2024-09-24,P007,Moveis Domesticos,Escritorio,V003,1,1350.0,760.0,1390.5,0,630.5
VND001830,2024-09-24,P002,Moveis Domesticos,Mesas,V003,1,2134.0,1250.0,2198.02,60,948.02
VND001831,2024-09-24,P009,Moveis Comerciais,Mesas,V004,1,1610.0,980.0,1449.0,15,469.0
VND001832,2024-09-24,P002,Moveis Domesticos,Mesas,V008,4,2024.0,5000.0,8257.92,0,3257.92
VND001833,2024-09-24,P002,Moveis Domesticos,Mesas,V005,1,2200.0,1250.0,2420.0,7,1170.0
VND001834,2024-09-25,P018,Servicos sob Demanda,Projetos,V003,1,6460.0,2600.0,6653.8,45,4053.8
VND001835,2024-09-25,P001,Moveis Domesticos,Estofados,V008,2,1794.5,2200.0,3660.78,0,1460.7800000000002
VND001836,2024-09-25,P015,Servicos sob Demanda,Projetos,V002,4,8500.0,14000.0,32300.0,7,18300.0
VND001837,2024-09-25,P010,Moveis Comerciais,Armazenagem,V007,2,2450.0,2800.0,5194.0,45,2394.0
VND001838,2024-09-25,P005,Moveis Domesticos,Sala,V007,3,1212.5,2160.0,3855.75,0,1695.75
VND001839,2024-09-25,P003,Moveis Domesticos,Dormitorio,V008,2,2600.0,3000.0,5304.0,30,2304.0
VND001840,2024-09-26,P001,Moveis Domesticos,Estofados,V004,1,1850.0,1100.0,1665.0,45,565.0
VND001841,2024-09-26,P008,Moveis Comerciais,Cadeiras,V002,3,1115.5,1920.0,3179.18,60,1259.1799999999998
VND001842,2024-09-26,P017,Servicos sob Demanda,Consultoria,V004,1,2716.0,900.0,2444.4,30,1544.4
VND001843,2024-09-26,P009,Moveis Comerciais,Mesas,V004,1,1697.5,980.0,1527.75,15,547.75
VND001844,2024-09-26,P008,Moveis Comerciais,Cadeiras,V007,1,1058.0,640.0,1121.48,0,481.48
VND001845,2024-09-26,P003,Moveis Domesticos,Dormitorio,V007,2,2600.0,3000.0,5512.0,45,2512.0
VND001846,2024-09-26,P006,Moveis Domesticos,Estofados,V002,1,901.6,520.0,856.52,0,336.52
VND001847,2024-09-27,P001,Moveis Domesticos,Estofados,V002,1,1757.5,1100.0,1669.62,7,569.6199999999999
VND001848,2024-09-27,P010,Moveis Comerciais,Armazenagem,V002,1,2450.0,1400.0,2327.5,15,927.5
VND001849,2024-09-27,P004,Moveis Domesticos,Dormitorio,V002,1,2945.0,1850.0,2797.75,0,947.75
VND001850,2024-09-27,P002,Moveis Domesticos,Mesas,V004,1,2200.0,1250.0,1980.0,60,730.0
VND001851,2024-09-27,P007,Moveis Domesticos,Escritorio,V001,1,1350.0,760.0,1458.0,7,698.0
VND001852,2024-09-27,P003,Moveis Domesticos,Dormitorio,V005,1,2600.0,1500.0,2860.0,45,1360.0
VND001853,2024-09-27,P005,Moveis Domesticos,Sala,V006,1,1250.0,720.0,1212.5,30,492.5
VND001854,2024-09-27,P015,Servicos sob Demanda,Projetos,V003,1,8500.0,3500.0,8755.0,45,5255.0
VND001855,2024-09-27,P001,Moveis Domesticos,Estofados,V003,1,1850.0,1100.0,1905.5,15,805.5
VND001856,2024-09-27,P015,Servicos sob Demanda,Projetos,V004,3,8245.0,10500.0,22261.5,15,11761.5
VND001857,2024-09-27,P014,Servicos sob Demanda,Projetos,V005,1,4784.0,2100.0,5262.4,30,3162.3999999999996
VND001858,2024-09-28,P012,Moveis Comerciais,Estacoes,V005,2,4656.0,5700.0,10243.2,30,4543.200000000001
VND001859,2024-09-28,P003,Moveis Domesticos,Dormitorio,V003,1,2522.0,1500.0,2597.66,0,1097.6599999999999
VND001860,2024-09-28,P002,Moveis Domesticos,Mesas,V002,2,2200.0,2500.0,4180.0,60,1680.0
VND001861,2024-09-28,P018,Servicos sob Demanda,Projetos,V002,1,6800.0,2600.0,6460.0,0,3860.0
VND001862,2024-09-28,P006,Moveis Domesticos,Estofados,V007,1,980.0,520.0,1038.8,15,518.8
VND001863,2024-09-28,P011,Moveis Comerciais,Atendimento,V002,1,3040.0,1850.0,2888.0,0,1038.0
VND001864,2024-09-28,P004,Moveis Domesticos,Dormitorio,V003,1,3007.0,1850.0,3097.21,30,1247.21
VND001865,2024-09-28,P007,Moveis Domesticos,Escritorio,V006,2,1309.5,1520.0,2540.43,7,1020.4299999999998
VND001866,2024-09-28,P009,Moveis Comerciais,Mesas,V008,3,1697.5,2940.0,5194.35,15,2254.3500000000004
VND001867,2024-09-29,P018,Servicos sob Demanda,Projetos,V003,6,6596.0,15600.0,40763.28,0,25163.28
VND001868,2024-09-29,P004,Moveis Domesticos,Dormitorio,V002,1,3007.0,1850.0,2856.65,30,1006.6500000000001
VND001869,2024-09-30,P009,Moveis Comerciais,Mesas,V004,1,1662.5,980.0,1496.25,7,516.25
VND001870,2024-09-30,P005,Moveis Domesticos,Sala,V002,2,1250.0,1440.0,2375.0,0,935.0
VND001871,2024-09-30,P013,Moveis Comerciais,Mesas,V007,4,3900.0,8800.0,16536.0,7,7736.0
VND001872,2024-09-30,P007,Moveis Domesticos,Escritorio,V005,1,1309.5,760.0,1440.45,15,680.45
VND001873,2024-09-30,P002,Moveis Domesticos,Mesas,V003,2,2200.0,2500.0,4532.0,0,2032.0
VND001874,2024-09-30,P001,Moveis Domesticos,Estofados,V001,1,1757.5,1100.0,1898.1,45,798.0999999999999
VND001875,2024-09-30,P013,Moveis Comerciais,Mesas,V002,4,3705.0,8800.0,14079.0,30,5279.0
VND001876,2024-09-30,P003,Moveis Domesticos,Dormitorio,V007,1,2600.0,1500.0,2756.0,0,1256.0
VND001877,2024-09-30,P003,Moveis Domesticos,Dormitorio,V004,1,2600.0,1500.0,2340.0,15,840.0
VND001878,2024-10-01,P008,Moveis Comerciais,Cadeiras,V008,1,1115.5,640.0,1137.81,60,497.80999999999995
VND001879,2024-10-01,P016,Servicos sob Demanda,Projetos,V002,1,11875.0,5200.0,11281.25,45,6081.25
VND001880,2024-10-01,P004,Moveis Domesticos,Dormitorio,V007,1,3100.0,1850.0,3286.0,30,1436.0
VND001881,2024-10-01,P007,Moveis Domesticos,Escritorio,V003,1,1309.5,760.0,1348.78,45,588.78
VND001882,2024-10-01,P015,Servicos sob Demanda,Projetos,V008,1,8500.0,3500.0,8670.0,60,5170.0
VND001883,2024-10-02,P006,Moveis Domesticos,Estofados,V005,1,950.6,520.0,1045.66,30,525.6600000000001
VND001884,2024-10-02,P002,Moveis Domesticos,Mesas,V002,1,2090.0,1250.0,1985.5,7,735.5
VND001885,2024-10-02,P012,Moveis Comerciais,Estacoes,V001,1,4800.0,2850.0,5184.0,15,2334.0
VND001886,2024-10-02,P004,Moveis Domesticos,Dormitorio,V008,1,2945.0,1850.0,3003.9,60,1153.9
VND001887,2024-10-02,P008,Moveis Comerciais,Cadeiras,V002,1,1058.0,640.0,1005.1,0,365.1
VND001888,2024-10-03,P013,Moveis Comerciais,Mesas,V004,1,3900.0,2200.0,3510.0,45,1310.0
VND001889,2024-10-03,P006,Moveis Domesticos,Estofados,V004,2,931.0,1040.0,1675.8,15,635.8
VND001890,2024-10-03,P010,Moveis Comerciais,Armazenagem,V001,1,2450.0,1400.0,2646.0,30,1246.0
VND001891,2024-10-03,P002,Moveis Domesticos,Mesas,V004,3,2134.0,3750.0,5761.8,7,2011.8000000000002
VND001892,2024-10-03,P010,Moveis Comerciais,Armazenagem,V005,1,2450.0,1400.0,2695.0,30,1295.0
VND001893,2024-10-03,P002,Moveis Domesticos,Mesas,V006,1,2090.0,1250.0,2027.3,0,777.3
VND001894,2024-10-03,P007,Moveis Domesticos,Escritorio,V001,2,1282.5,1520.0,2770.2,60,1250.1999999999998
VND001895,2024-10-03,P005,Moveis Domesticos,Sala,V008,1,1250.0,720.0,1275.0,15,555.0
VND001896,2024-10-03,P015,Servicos sob Demanda,Projetos,V002,1,8245.0,3500.0,7832.75,60,4332.75
VND001897,2024-10-03,P003,Moveis Domesticos,Dormitorio,V003,3,2600.0,4500.0,8034.0,15,3534.0
VND001898,2024-10-04,P010,Moveis Comerciais,Armazenagem,V003,1,2327.5,1400.0,2397.33,7,997.3299999999999
VND001899,2024-10-04,P014,Servicos sob Demanda,Projetos,V003,1,4940.0,2100.0,5088.2,7,2988.2
VND001900,2024-10-04,P015,Servicos sob Demanda,Projetos,V005,1,8500.0,3500.0,9350.0,30,5850.0
VND001901,2024-10-04,P009,Moveis Comerciais,Mesas,V007,2,1750.0,1960.0,3710.0,30,1750.0
VND001902,2024-10-04,P002,Moveis Domesticos,Mesas,V001,3,2200.0,3750.0,7128.0,60,3378.0
VND001903,2024-10-04,P009,Moveis Comerciais,Mesas,V001,3,1610.0,2940.0,5216.4,60,2276.3999999999996
VND001904,2024-10-05,P004,Moveis Domesticos,Dormitorio,V001,1,2945.0,1850.0,3180.6,0,1330.6
VND001905,2024-10-05,P018,Servicos sob Demanda,Projetos,V002,1,6596.0,2600.0,6266.2,45,3666.2
VND001906,2024-10-05,P011,Moveis Comerciais,Atendimento,V008,1,3200.0,1850.0,3264.0,45,1414.0
VND001907,2024-10-05,P006,Moveis Domesticos,Estofados,V003,2,980.0,1040.0,2018.8,45,978.8
VND001908,2024-10-05,P005,Moveis Domesticos,Sala,V004,1,1150.0,720.0,1035.0,30,315.0
VND001909,2024-10-05,P008,Moveis Comerciais,Cadeiras,V003,4,1150.0,2560.0,4738.0,30,2178.0
VND001910,2024-10-06,P002,Moveis Domesticos,Mesas,V003,2,2090.0,2500.0,4305.4,15,1805.3999999999996
VND001911,2024-10-06,P009,Moveis Comerciais,Mesas,V002,1,1750.0,980.0,1662.5,0,682.5
VND001912,2024-10-06,P010,Moveis Comerciais,Armazenagem,V002,1,2254.0,1400.0,2141.3,15,741.3000000000002
VND001913,2024-10-06,P005,Moveis Domesticos,Sala,V002,3,1187.5,2160.0,3384.38,0,1224.38
VND001914,2024-10-06,P018,Servicos sob Demanda,Projetos,V002,1,6460.0,2600.0,6137.0,30,3537.0
VND001915,2024-10-06,P009,Moveis Comerciais,Mesas,V008,2,1697.5,1960.0,3462.9,15,1502.9
VND001916,2024-10-06,P015,Servicos sob Demanda,Projetos,V006,1,8075.0,3500.0,7832.75,60,4332.75
VND001917,2024-10-06,P002,Moveis Domesticos,Mesas,V002,1,2200.0,1250.0,2090.0,45,840.0
VND001918,2024-10-06,P002,Moveis Domesticos,Mesas,V003,1,2090.0,1250.0,2152.7,15,902.6999999999998
VND001919,2024-10-07,P013,Moveis Comerciais,Mesas,V007,1,3900.0,2200.0,4134.0,0,1934.0
VND001920,2024-10-07,P017,Servicos sob Demanda,Consultoria,V003,2,2716.0,1800.0,5594.96,30,3794.96
VND001921,2024-10-07,P017,Servicos sob Demanda,Consultoria,V005,2,2716.0,1800.0,5975.2,30,4175.2
VND001922,2024-10-07,P011,Moveis Comerciais,Atendimento,V008,2,3200.0,3700.0,6528.0,30,2828.0
VND001923,2024-10-07,P018,Servicos sob Demanda,Projetos,V007,1,6596.0,2600.0,6991.76,0,4391.76
VND001924,2024-10-07,P002,Moveis Domesticos,Mesas,V001,1,2090.0,1250.0,2257.2,15,1007.1999999999998
VND001925,2024-10-08,P011,Moveis Comerciais,Atendimento,V008,1,3200.0,1850.0,3264.0,15,1414.0
VND001926,2024-10-08,P002,Moveis Domesticos,Mesas,V002,1,2200.0,1250.0,2090.0,45,840.0
VND001927,2024-10-08,P005,Moveis Domesticos,Sala,V007,1,1212.5,720.0,1285.25,45,565.25
VND001928,2024-10-08,P001,Moveis Domesticos,Estofados,V001,2,1850.0,2200.0,3996.0,30,1796.0
VND001929,2024-10-08,P018,Servicos sob Demanda,Projetos,V008,2,6596.0,5200.0,13455.84,30,8255.84
VND001930,2024-10-09,P016,Servicos sob Demanda,Projetos,V003,2,11875.0,10400.0,24462.5,45,14062.5
VND001931,2024-10-09,P013,Moveis Comerciais,Mesas,V001,1,3588.0,2200.0,3875.04,30,1675.04
VND001932,2024-10-09,P009,Moveis Comerciais,Mesas,V006,3,1662.5,2940.0,4837.88,15,1897.88
VND001933,2024-10-09,P003,Moveis Domesticos,Dormitorio,V007,2,2470.0,3000.0,5236.4,7,2236.3999999999996
VND001934,2024-10-09,P015,Servicos sob Demanda,Projetos,V001,2,8500.0,7000.0,18360.0,15,11360.0
VND001935,2024-10-09,P008,Moveis Comerciais,Cadeiras,V003,1,1115.5,640.0,1148.96,30,508.96000000000004
VND001936,2024-10-09,P006,Moveis Domesticos,Estofados,V005,1,901.6,520.0,991.76,15,471.76
VND001937,2024-10-09,P009,Moveis Comerciais,Mesas,V005,2,1750.0,1960.0,3850.0,0,1890.0
VND001938,2024-10-09,P009,Moveis Comerciais,Mesas,V007,3,1662.5,2940.0,5286.75,30,2346.75
VND001939,2024-10-10,P004,Moveis Domesticos,Dormitorio,V006,1,3100.0,1850.0,3007.0,30,1157.0
VND001940,2024-10-10,P005,Moveis Domesticos,Sala,V002,1,1212.5,720.0,1151.88,30,431.8800000000001
VND001941,2024-10-10,P001,Moveis Domesticos,Estofados,V001,1,1850.0,1100.0,1998.0,60,898.0
VND001942,2024-10-10,P001,Moveis Domesticos,Estofados,V005,3,1702.0,3300.0,5616.6,30,2316.6000000000004
VND001943,2024-10-10,P014,Servicos sob Demanda,Projetos,V001,1,4784.0,2100.0,5166.72,15,3066.7200000000003
VND001944,2024-10-10,P015,Servicos sob Demanda,Projetos,V008,1,8245.0,3500.0,8409.9,15,4909.9
VND001945,2024-10-10,P010,Moveis Comerciais,Armazenagem,V008,1,2450.0,1400.0,2499.0,15,1099.0
VND001946,2024-10-11,P002,Moveis Domesticos,Mesas,V001,1,2090.0,1250.0,2257.2,7,1007.1999999999998
VND001947,2024-10-11,P008,Moveis Comerciais,Cadeiras,V005,1,1150.0,640.0,1265.0,30,625.0
VND001948,2024-10-11,P016,Servicos sob Demanda,Projetos,V002,1,11875.0,5200.0,11281.25,15,6081.25
VND001949,2024-10-11,P014,Servicos sob Demanda,Projetos,V005,1,5200.0,2100.0,5720.0,30,3620.0
VND001950,2024-10-11,P014,Servicos sob Demanda,Projetos,V001,1,4784.0,2100.0,5166.72,15,3066.7200000000003
VND001951,2024-10-11,P007,Moveis Domesticos,Escritorio,V008,3,1350.0,2280.0,4131.0,45,1851.0
VND001952,2024-10-11,P005,Moveis Domesticos,Sala,V003,1,1212.5,720.0,1248.88,15,528.8800000000001
VND001953,2024-10-11,P008,Moveis Comerciais,Cadeiras,V005,4,1058.0,2560.0,4655.2,45,2095.2
VND001954,2024-10-11,P008,Moveis Comerciais,Cadeiras,V008,1,1092.5,640.0,1114.35,15,474.3499999999999
VND001955,2024-10-11,P005,Moveis Domesticos,Sala,V001,1,1250.0,720.0,1350.0,30,630.0
VND001956,2024-10-11,P008,Moveis Comerciais,Cadeiras,V006,1,1058.0,640.0,1026.26,15,386.26
VND001957,2024-10-12,P015,Servicos sob Demanda,Projetos,V004,1,7820.0,3500.0,7038.0,0,3538.0
VND001958,2024-10-12,P009,Moveis Comerciais,Mesas,V006,3,1750.0,2940.0,5092.5,60,2152.5
VND001959,2024-10-12,P010,Moveis Comerciais,Armazenagem,V002,1,2450.0,1400.0,2327.5,30,927.5
VND001960,2024-10-12,P015,Servicos sob Demanda,Projetos,V006,2,8075.0,7000.0,15665.5,15,8665.5
VND001961,2024-10-13,P013,Moveis Comerciais,Mesas,V007,1,3588.0,2200.0,3803.28,60,1603.2800000000002
VND001962,2024-10-13,P013,Moveis Comerciais,Mesas,V004,4,3900.0,8800.0,14040.0,45,5240.0
VND001963,2024-10-13,P002,Moveis Domesticos,Mesas,V003,1,2090.0,1250.0,2152.7,45,902.6999999999998
VND001964,2024-10-13,P018,Servicos sob Demanda,Projetos,V004,2,6460.0,5200.0,11628.0,45,6428.0
VND001965,2024-10-13,P005,Moveis Domesticos,Sala,V008,1,1250.0,720.0,1275.0,45,555.0
VND001966,2024-10-13,P004,Moveis Domesticos,Dormitorio,V002,4,2945.0,7400.0,11191.0,30,3791.0
VND001967,2024-10-13,P018,Servicos sob Demanda,Projetos,V007,1,6256.0,2600.0,6631.36,7,4031.3599999999997
VND001968,2024-10-13,P012,Moveis Comerciais,Estacoes,V007,1,4656.0,2850.0,4935.36,15,2085.3599999999997
VND001969,2024-10-14,P011,Moveis Comerciais,Atendimento,V007,1,3200.0,1850.0,3392.0,45,1542.0
VND001970,2024-10-14,P018,Servicos sob Demanda,Projetos,V007,4,6256.0,10400.0,26525.44,45,16125.439999999999
VND001971,2024-10-14,P006,Moveis Domesticos,Estofados,V003,1,980.0,520.0,1009.4,30,489.4
VND001972,2024-10-14,P004,Moveis Domesticos,Dormitorio,V007,2,3100.0,3700.0,6572.0,30,2872.0
VND001973,2024-10-14,P012,Moveis Comerciais,Estacoes,V002,2,4656.0,5700.0,8846.4,15,3146.3999999999996
VND001974,2024-10-14,P009,Moveis Comerciais,Mesas,V002,2,1662.5,1960.0,3158.75,15,1198.75
VND001975,2024-10-15,P014,Servicos sob Demanda,Projetos,V003,3,5044.0,6300.0,15585.96,0,9285.96
VND001976,2024-10-15,P002,Moveis Domesticos,Mesas,V004,1,2200.0,1250.0,1980.0,45,730.0
VND001977,2024-10-15,P006,Moveis Domesticos,Estofados,V005,3,950.6,1560.0,3136.98,30,1576.98
VND001978,2024-10-15,P011,Moveis Comerciais,Atendimento,V006,2,3200.0,3700.0,6208.0,7,2508.0
VND001979,2024-10-15,P005,Moveis Domesticos,Sala,V006,2,1250.0,1440.0,2425.0,15,985.0
VND001980,2024-10-15,P011,Moveis Comerciais,Atendimento,V003,1,3200.0,1850.0,3296.0,15,1446.0
VND001981,2024-10-15,P003,Moveis Domesticos,Dormitorio,V005,3,2600.0,4500.0,8580.0,45,4080.0
VND001982,2024-10-15,P004,Moveis Domesticos,Dormitorio,V004,2,3100.0,3700.0,5580.0,60,1880.0
VND001983,2024-10-15,P018,Servicos sob Demanda,Projetos,V002,2,6800.0,5200.0,12920.0,30,7720.0
VND001984,2024-10-15,P018,Servicos sob Demanda,Projetos,V004,1,6800.0,2600.0,6120.0,15,3520.0
VND001985,2024-10-16,P004,Moveis Domesticos,Dormitorio,V003,1,3100.0,1850.0,3193.0,30,1343.0
VND001986,2024-10-16,P017,Servicos sob Demanda,Consultoria,V005,1,2576.0,900.0,2833.6,7,1933.6
VND001987,2024-10-16,P015,Servicos sob Demanda,Projetos,V004,4,8245.0,14000.0,29682.0,7,15682.0
VND001988,2024-10-17,P007,Moveis Domesticos,Escritorio,V008,1,1350.0,760.0,1377.0,45,617.0
VND001989,2024-10-17,P012,Moveis Comerciais,Estacoes,V005,4,4560.0,11400.0,20064.0,0,8664.0
VND001990,2024-10-17,P006,Moveis Domesticos,Estofados,V006,3,931.0,1560.0,2709.21,7,1149.21
VND001991,2024-10-17,P009,Moveis Comerciais,Mesas,V007,1,1697.5,980.0,1799.35,45,819.3499999999999
VND001992,2024-10-17,P007,Moveis Domesticos,Escritorio,V005,1,1309.5,760.0,1440.45,45,680.45
VND001993,2024-10-17,P009,Moveis Comerciais,Mesas,V002,2,1750.0,1960.0,3325.0,30,1365.0
VND001994,2024-10-17,P014,Servicos sob Demanda,Projetos,V004,1,4940.0,2100.0,4446.0,30,2346.0
VND001995,2024-10-17,P015,Servicos sob Demanda,Projetos,V002,2,8500.0,7000.0,16150.0,30,9150.0
VND001996,2024-10-17,P008,Moveis Comerciais,Cadeiras,V008,4,1092.5,2560.0,4457.4,60,1897.3999999999996
VND001997,2024-10-17,P001,Moveis Domesticos,Estofados,V005,1,1757.5,1100.0,1933.25,0,833.25
VND001998,2024-10-17,P004,Moveis Domesticos,Dormitorio,V005,1,2945.0,1850.0,3239.5,30,1389.5
VND001999,2024-10-18,P018,Servicos sob Demanda,Projetos,V007,1,6800.0,2600.0,7208.0,15,4608.0
VND002000,2024-10-18,P017,Servicos sob Demanda,Consultoria,V007,1,2660.0,900.0,2819.6,7,1919.6
VND002001,2024-10-18,P003,Moveis Domesticos,Dormitorio,V003,3,2600.0,4500.0,8034.0,0,3534.0
VND002002,2024-10-18,P014,Servicos sob Demanda,Projetos,V001,1,5044.0,2100.0,5447.52,30,3347.5200000000004
VND002003,2024-10-18,P006,Moveis Domesticos,Estofados,V001,1,980.0,520.0,1058.4,7,538.4000000000001
VND002004,2024-10-18,P011,Moveis Comerciais,Atendimento,V006,1,2944.0,1850.0,2855.68,60,1005.6799999999998
VND002005,2024-10-19,P014,Servicos sob Demanda,Projetos,V004,2,5200.0,4200.0,9360.0,30,5160.0
VND002006,2024-10-19,P014,Servicos sob Demanda,Projetos,V006,4,4940.0,8400.0,19167.2,60,10767.2
VND002007,2024-10-20,P012,Moveis Comerciais,Estacoes,V003,2,4656.0,5700.0,9591.36,15,3891.3600000000006
VND002008,2024-10-20,P006,Moveis Domesticos,Estofados,V001,2,931.0,1040.0,2010.96,15,970.96
VND002009,2024-10-20,P015,Servicos sob Demanda,Projetos,V007,1,8500.0,3500.0,9010.0,30,5510.0
VND002010,2024-10-20,P017,Servicos sob Demanda,Consultoria,V001,2,2576.0,1800.0,5564.16,15,3764.16
VND002011,2024-10-20,P004,Moveis Domesticos,Dormitorio,V006,2,3100.0,3700.0,6014.0,45,2314.0
VND002012,2024-10-20,P008,Moveis Comerciais,Cadeiras,V002,1,1115.5,640.0,1059.72,30,419.72
VND002013,2024-10-20,P009,Moveis Comerciais,Mesas,V004,2,1662.5,1960.0,2992.5,15,1032.5
VND002014,2024-10-21,P001,Moveis Domesticos,Estofados,V003,1,1850.0,1100.0,1905.5,15,805.5
VND002015,2024-10-21,P014,Servicos sob Demanda,Projetos,V006,1,5044.0,2100.0,4892.68,15,2792.6800000000003
VND002016,2024-10-21,P006,Moveis Domesticos,Estofados,V003,1,980.0,520.0,1009.4,45,489.4
VND002017,2024-10-21,P018,Servicos sob Demanda,Projetos,V005,1,6460.0,2600.0,7106.0,0,4506.0
VND002018,2024-10-21,P017,Servicos sob Demanda,Consultoria,V005,1,2576.0,900.0,2833.6,0,1933.6
VND002019,2024-10-21,P007,Moveis Domesticos,Escritorio,V002,1,1350.0,760.0,1282.5,30,522.5
VND002020,2024-10-21,P004,Moveis Domesticos,Dormitorio,V008,6,2852.0,11100.0,17454.24,0,6354.240000000002
VND002021,2024-10-22,P001,Moveis Domesticos,Estofados,V007,2,1850.0,2200.0,3922.0,30,1722.0
VND002022,2024-10-22,P007,Moveis Domesticos,Escritorio,V001,3,1309.5,2280.0,4242.78,0,1962.7799999999997
VND002023,2024-10-22,P003,Moveis Domesticos,Dormitorio,V007,1,2600.0,1500.0,2756.0,30,1256.0
VND002024,2024-10-22,P017,Servicos sob Demanda,Consultoria,V008,2,2800.0,1800.0,5712.0,30,3912.0
VND002025,2024-10-22,P005,Moveis Domesticos,Sala,V008,1,1250.0,720.0,1275.0,0,555.0
VND002026,2024-10-22,P009,Moveis Comerciais,Mesas,V007,3,1610.0,2940.0,5119.8,30,2179.8
VND002027,2024-10-22,P006,Moveis Domesticos,Estofados,V006,1,980.0,520.0,950.6,0,430.6
VND002028,2024-10-22,P006,Moveis Domesticos,Estofados,V001,2,931.0,1040.0,2010.96,45,970.96
VND002029,2024-10-22,P001,Moveis Domesticos,Estofados,V008,1,1794.5,1100.0,1830.39,30,730.3900000000001
VND002030,2024-10-23,P011,Moveis Comerciais,Atendimento,V003,5,3104.0,9250.0,15985.6,30,6735.6
VND002031,2024-10-23,P003,Moveis Domesticos,Dormitorio,V003,1,2522.0,1500.0,2597.66,30,1097.6599999999999
VND002032,2024-10-23,P009,Moveis Comerciais,Mesas,V003,1,1662.5,980.0,1712.38,30,732.3800000000001
VND002033,2024-10-23,P002,Moveis Domesticos,Mesas,V007,1,2200.0,1250.0,2332.0,15,1082.0
VND002034,2024-10-23,P001,Moveis Domesticos,Estofados,V008,1,1850.0,1100.0,1887.0,15,787.0
VND002035,2024-10-24,P008,Moveis Comerciais,Cadeiras,V007,1,1092.5,640.0,1158.05,0,518.05
VND002036,2024-10-24,P013,Moveis Comerciais,Mesas,V003,3,3783.0,6600.0,11689.47,60,5089.469999999999
VND002037,2024-10-24,P004,Moveis Domesticos,Dormitorio,V001,2,2852.0,3700.0,6160.32,45,2460.3199999999997
VND002038,2024-10-24,P009,Moveis Comerciais,Mesas,V004,2,1697.5,1960.0,3055.5,60,1095.5
VND002039,2024-10-24,P017,Servicos sob Demanda,Consultoria,V003,3,2716.0,2700.0,8392.44,0,5692.4400000000005
VND002040,2024-10-24,P001,Moveis Domesticos,Estofados,V005,1,1850.0,1100.0,2035.0,0,935.0
VND002041,2024-10-24,P013,Moveis Comerciais,Mesas,V001,4,3900.0,8800.0,16848.0,0,8048.0
VND002042,2024-10-24,P009,Moveis Comerciais,Mesas,V002,2,1750.0,1960.0,3325.0,60,1365.0
VND002043,2024-10-25,P001,Moveis Domesticos,Estofados,V006,1,1850.0,1100.0,1794.5,15,694.5
VND002044,2024-10-25,P014,Servicos sob Demanda,Projetos,V001,2,4940.0,4200.0,10670.4,0,6470.4
VND002045,2024-10-25,P005,Moveis Domesticos,Sala,V002,5,1212.5,3600.0,5759.38,7,2159.38
VND002046,2024-10-25,P018,Servicos sob Demanda,Projetos,V002,2,6800.0,5200.0,12920.0,15,7720.0
VND002047,2024-10-25,P003,Moveis Domesticos,Dormitorio,V008,1,2600.0,1500.0,2652.0,45,1152.0
VND002048,2024-10-25,P005,Moveis Domesticos,Sala,V003,3,1187.5,2160.0,3669.38,7,1509.38
VND002049,2024-10-25,P010,Moveis Comerciais,Armazenagem,V006,5,2376.5,7000.0,11526.02,7,4526.02
VND002050,2024-10-25,P008,Moveis Comerciais,Cadeiras,V002,5,1092.5,3200.0,5189.38,7,1989.38
VND002051,2024-10-25,P008,Moveis Comerciais,Cadeiras,V006,2,1150.0,1280.0,2231.0,7,951.0
VND002052,2024-10-26,P009,Moveis Comerciais,Mesas,V003,4,1662.5,3920.0,6849.5,30,2929.5
VND002053,2024-10-26,P011,Moveis Comerciais,Atendimento,V007,1,3200.0,1850.0,3392.0,45,1542.0
VND002054,2024-10-26,P003,Moveis Domesticos,Dormitorio,V007,3,2470.0,4500.0,7854.6,30,3354.6000000000004
VND002055,2024-10-26,P011,Moveis Comerciais,Atendimento,V001,2,2944.0,3700.0,6359.04,45,2659.04
VND002056,2024-10-26,P015,Servicos sob Demanda,Projetos,V003,2,8500.0,7000.0,17510.0,30,10510.0
VND002057,2024-10-27,P010,Moveis Comerciais,Armazenagem,V006,2,2450.0,2800.0,4753.0,0,1953.0
VND002058,2024-10-27,P014,Servicos sob Demanda,Projetos,V004,1,5200.0,2100.0,4680.0,15,2580.0
VND002059,2024-10-27,P003,Moveis Domesticos,Dormitorio,V004,3,2522.0,4500.0,6809.4,0,2309.3999999999996
VND002060,2024-10-27,P010,Moveis Comerciais,Armazenagem,V006,4,2254.0,5600.0,8745.52,7,3145.5200000000004
VND002061,2024-10-27,P009,Moveis Comerciais,Mesas,V003,3,1662.5,2940.0,5137.12,45,2197.12
VND002062,2024-10-28,P003,Moveis Domesticos,Dormitorio,V002,1,2600.0,1500.0,2470.0,15,970.0
VND002063,2024-10-28,P008,Moveis Comerciais,Cadeiras,V003,1,1115.5,640.0,1148.96,0,508.96000000000004
VND002064,2024-10-28,P010,Moveis Comerciais,Armazenagem,V008,1,2376.5,1400.0,2424.03,30,1024.0300000000002
VND002065,2024-10-28,P001,Moveis Domesticos,Estofados,V008,2,1757.5,2200.0,3585.3,0,1385.3000000000002
VND002066,2024-10-28,P012,Moveis Comerciais,Estacoes,V005,1,4416.0,2850.0,4857.6,15,2007.6000000000004
VND002067,2024-10-28,P012,Moveis Comerciais,Estacoes,V007,1,4800.0,2850.0,5088.0,30,2238.0
VND002068,2024-10-28,P004,Moveis Domesticos,Dormitorio,V006,2,2945.0,3700.0,5713.3,30,2013.3000000000002
VND002069,2024-10-28,P008,Moveis Comerciais,Cadeiras,V004,4,1115.5,2560.0,4015.8,45,1455.8000000000002
VND002070,2024-10-29,P007,Moveis Domesticos,Escritorio,V008,1,1309.5,760.0,1335.69,7,575.69
VND002071,2024-10-29,P003,Moveis Domesticos,Dormitorio,V006,1,2522.0,1500.0,2446.34,15,946.3400000000001
VND002072,2024-10-29,P004,Moveis Domesticos,Dormitorio,V002,2,2945.0,3700.0,5595.5,0,1895.5
VND002073,2024-10-29,P013,Moveis Comerciais,Mesas,V007,2,3783.0,4400.0,8019.96,30,3619.96
VND002074,2024-10-29,P014,Servicos sob Demanda,Projetos,V005,1,5200.0,2100.0,5720.0,45,3620.0
VND002075,2024-10-29,P015,Servicos sob Demanda,Projetos,V005,2,8075.0,7000.0,17765.0,45,10765.0
VND002076,2024-10-29,P006,Moveis Domesticos,Estofados,V008,2,931.0,1040.0,1899.24,30,859.24
VND002077,2024-10-29,P001,Moveis Domesticos,Estofados,V006,1,1850.0,1100.0,1794.5,30,694.5
VND002078,2024-10-30,P017,Servicos sob Demanda,Consultoria,V005,2,2800.0,1800.0,6160.0,15,4360.0
VND002079,2024-10-30,P012,Moveis Comerciais,Estacoes,V004,2,4800.0,5700.0,8640.0,15,2940.0
VND002080,2024-10-30,P016,Servicos sob Demanda,Projetos,V005,3,12500.0,15600.0,41250.0,45,25650.0
VND002081,2024-10-31,P001,Moveis Domesticos,Estofados,V006,1,1794.5,1100.0,1740.66,0,640.6600000000001
VND002082,2024-10-31,P003,Moveis Domesticos,Dormitorio,V001,1,2600.0,1500.0,2808.0,30,1308.0
VND002083,2024-10-31,P012,Moveis Comerciais,Estacoes,V005,1,4560.0,2850.0,5016.0,30,2166.0
VND002084,2024-10-31,P003,Moveis Domesticos,Dormitorio,V005,1,2600.0,1500.0,2860.0,30,1360.0
VND002085,2024-10-31,P005,Moveis Domesticos,Sala,V006,1,1250.0,720.0,1212.5,15,492.5
VND002086,2024-10-31,P001,Moveis Domesticos,Estofados,V002,1,1794.5,1100.0,1704.78,60,604.78
VND002087,2024-10-31,P015,Servicos sob Demanda,Projetos,V006,2,7820.0,7000.0,15170.8,0,8170.799999999999
VND002088,2024-10-31,P013,Moveis Comerciais,Mesas,V004,1,3705.0,2200.0,3334.5,0,1134.5
VND002089,2024-10-31,P002,Moveis Domesticos,Mesas,V008,4,2134.0,5000.0,8706.72,15,3706.7199999999993
VND002090,2024-11-01,P001,Moveis Domesticos,Estofados,V008,2,1850.0,2200.0,3774.0,15,1574.0
VND002091,2024-11-01,P005,Moveis Domesticos,Sala,V008,2,1250.0,1440.0,2550.0,7,1110.0
VND002092,2024-11-01,P006,Moveis Domesticos,Estofados,V006,2,980.0,1040.0,1901.2,45,861.2
VND002093,2024-11-01,P004,Moveis Domesticos,Dormitorio,V002,2,2945.0,3700.0,5595.5,7,1895.5
VND002094,2024-11-01,P002,Moveis Domesticos,Mesas,V004,3,2200.0,3750.0,5940.0,7,2190.0
VND002095,2024-11-02,P008,Moveis Comerciais,Cadeiras,V001,1,1092.5,640.0,1179.9,30,539.9000000000001
VND002096,2024-11-02,P016,Servicos sob Demanda,Projetos,V002,1,11875.0,5200.0,11281.25,15,6081.25
VND002097,2024-11-02,P001,Moveis Domesticos,Estofados,V005,2,1757.5,2200.0,3866.5,15,1666.5
VND002098,2024-11-02,P005,Moveis Domesticos,Sala,V006,2,1250.0,1440.0,2425.0,45,985.0
VND002099,2024-11-03,P018,Servicos sob Demanda,Projetos,V004,3,6460.0,7800.0,17442.0,30,9642.0
VND002100,2024-11-03,P011,Moveis Comerciais,Atendimento,V008,2,3040.0,3700.0,6201.6,15,2501.6000000000004
VND002101,2024-11-03,P009,Moveis Comerciais,Mesas,V003,2,1662.5,1960.0,3424.75,30,1464.75
VND002102,2024-11-04,P013,Moveis Comerciais,Mesas,V008,2,3900.0,4400.0,7956.0,45,3556.0
VND002103,2024-11-04,P005,Moveis Domesticos,Sala,V005,1,1250.0,720.0,1375.0,15,655.0
VND002104,2024-11-04,P003,Moveis Domesticos,Dormitorio,V007,2,2600.0,3000.0,5512.0,0,2512.0
VND002105,2024-11-04,P005,Moveis Domesticos,Sala,V004,4,1187.5,2880.0,4275.0,15,1395.0
VND002106,2024-11-04,P015,Servicos sob Demanda,Projetos,V001,5,8245.0,17500.0,44523.0,30,27023.0
VND002107,2024-11-04,P009,Moveis Comerciais,Mesas,V007,2,1750.0,1960.0,3710.0,0,1750.0
VND002108,2024-11-04,P015,Servicos sob Demanda,Projetos,V007,1,8500.0,3500.0,9010.0,45,5510.0
VND002109,2024-11-04,P006,Moveis Domesticos,Estofados,V001,1,950.6,520.0,1026.65,45,506.6500000000001
VND002110,2024-11-04,P002,Moveis Domesticos,Mesas,V005,2,2090.0,2500.0,4598.0,45,2098.0
VND002111,2024-11-05,P008,Moveis Comerciais,Cadeiras,V006,3,1115.5,1920.0,3246.1,45,1326.1
VND002112,2024-11-05,P003,Moveis Domesticos,Dormitorio,V001,2,2522.0,3000.0,5447.52,30,2447.5200000000004
VND002113,2024-11-05,P010,Moveis Comerciais,Armazenagem,V005,1,2450.0,1400.0,2695.0,15,1295.0
VND002114,2024-11-05,P012,Moveis Comerciais,Estacoes,V005,2,4560.0,5700.0,10032.0,0,4332.0
VND002115,2024-11-05,P008,Moveis Comerciais,Cadeiras,V006,1,1150.0,640.0,1115.5,30,475.5
VND002116,2024-11-05,P017,Servicos sob Demanda,Consultoria,V007,3,2716.0,2700.0,8636.88,15,5936.879999999999
VND002117,2024-11-05,P012,Moveis Comerciais,Estacoes,V001,1,4800.0,2850.0,5184.0,15,2334.0
VND002118,2024-11-05,P004,Moveis Domesticos,Dormitorio,V006,2,3100.0,3700.0,6014.0,60,2314.0
VND002119,2024-11-05,P016,Servicos sob Demanda,Projetos,V001,1,12125.0,5200.0,13095.0,60,7895.0
VND002120,2024-11-05,P007,Moveis Domesticos,Escritorio,V001,1,1309.5,760.0,1414.26,0,654.26
VND002121,2024-11-05,P013,Moveis Comerciais,Mesas,V001,3,3900.0,6600.0,12636.0,45,6036.0
VND002122,2024-11-06,P004,Moveis Domesticos,Dormitorio,V004,2,2852.0,3700.0,5133.6,0,1433.6000000000004
VND002123,2024-11-06,P007,Moveis Domesticos,Escritorio,V004,1,1242.0,760.0,1117.8,15,357.79999999999995
VND002124,2024-11-06,P017,Servicos sob Demanda,Consultoria,V008,1,2576.0,900.0,2627.52,45,1727.52
VND002125,2024-11-06,P003,Moveis Domesticos,Dormitorio,V002,2,2600.0,3000.0,4940.0,0,1940.0
VND002126,2024-11-06,P002,Moveis Domesticos,Mesas,V006,1,2200.0,1250.0,2134.0,30,884.0
VND002127,2024-11-07,P010,Moveis Comerciais,Armazenagem,V008,2,2327.5,2800.0,4748.1,0,1948.1000000000004
VND002128,2024-11-07,P009,Moveis Comerciais,Mesas,V003,1,1662.5,980.0,1712.38,45,732.3800000000001
VND002129,2024-11-07,P009,Moveis Comerciais,Mesas,V006,2,1662.5,1960.0,3225.25,0,1265.25
VND002130,2024-11-07,P001,Moveis Domesticos,Estofados,V002,1,1850.0,1100.0,1757.5,30,657.5
VND002131,2024-11-07,P012,Moveis Comerciais,Estacoes,V004,1,4800.0,2850.0,4320.0,0,1470.0
VND002132,2024-11-08,P009,Moveis Comerciais,Mesas,V005,1,1697.5,980.0,1867.25,15,887.25
VND002133,2024-11-08,P013,Moveis Comerciais,Mesas,V005,1,3783.0,2200.0,4161.3,30,1961.3000000000002
VND002134,2024-11-08,P010,Moveis Comerciais,Armazenagem,V002,2,2450.0,2800.0,4655.0,30,1855.0
VND002135,2024-11-08,P002,Moveis Domesticos,Mesas,V008,3,2134.0,3750.0,6530.04,60,2780.04
VND002136,2024-11-08,P010,Moveis Comerciais,Armazenagem,V001,2,2376.5,2800.0,5133.24,45,2333.24
VND002137,2024-11-08,P001,Moveis Domesticos,Estofados,V006,4,1794.5,4400.0,6962.66,45,2562.66
VND002138,2024-11-08,P002,Moveis Domesticos,Mesas,V001,1,2200.0,1250.0,2376.0,0,1126.0
VND002139,2024-11-08,P011,Moveis Comerciais,Atendimento,V007,1,3200.0,1850.0,3392.0,15,1542.0
VND002140,2024-11-08,P017,Servicos sob Demanda,Consultoria,V002,1,2800.0,900.0,2660.0,0,1760.0
VND002141,2024-11-08,P006,Moveis Domesticos,Estofados,V002,1,980.0,520.0,931.0,15,411.0
VND002142,2024-11-09,P017,Servicos sob Demanda,Consultoria,V001,1,2800.0,900.0,3024.0,60,2124.0
VND002143,2024-11-09,P002,Moveis Domesticos,Mesas,V001,3,2090.0,3750.0,6771.6,60,3021.6000000000004
VND002144,2024-11-09,P003,Moveis Domesticos,Dormitorio,V005,1,2600.0,1500.0,2860.0,0,1360.0
VND002145,2024-11-09,P018,Servicos sob Demanda,Projetos,V005,1,6800.0,2600.0,7480.0,7,4880.0
VND002146,2024-11-09,P003,Moveis Domesticos,Dormitorio,V007,3,2600.0,4500.0,8268.0,30,3768.0
VND002147,2024-11-09,P015,Servicos sob Demanda,Projetos,V004,2,8245.0,7000.0,14841.0,0,7841.0
VND002148,2024-11-09,P007,Moveis Domesticos,Escritorio,V006,1,1282.5,760.0,1244.02,30,484.02
VND002149,2024-11-09,P005,Moveis Domesticos,Sala,V007,1,1150.0,720.0,1219.0,7,499.0
VND002150,2024-11-09,P002,Moveis Domesticos,Mesas,V003,1,2090.0,1250.0,2152.7,30,902.6999999999998
VND002151,2024-11-09,P001,Moveis Domesticos,Estofados,V002,1,1850.0,1100.0,1757.5,7,657.5
VND002152,2024-11-10,P007,Moveis Domesticos,Escritorio,V005,1,1309.5,760.0,1440.45,45,680.45
VND002153,2024-11-10,P012,Moveis Comerciais,Estacoes,V008,1,4800.0,2850.0,4896.0,15,2046.0
VND002154,2024-11-10,P010,Moveis Comerciais,Armazenagem,V001,2,2376.5,2800.0,5133.24,45,2333.24
VND002155,2024-11-10,P011,Moveis Comerciais,Atendimento,V001,3,3200.0,5550.0,10368.0,0,4818.0
VND002156,2024-11-10,P017,Servicos sob Demanda,Consultoria,V008,2,2576.0,1800.0,5255.04,0,3455.04
VND002157,2024-11-10,P005,Moveis Domesticos,Sala,V001,2,1187.5,1440.0,2565.0,0,1125.0
VND002158,2024-11-10,P009,Moveis Comerciais,Mesas,V007,1,1697.5,980.0,1799.35,0,819.3499999999999
VND002159,2024-11-10,P007,Moveis Domesticos,Escritorio,V003,1,1309.5,760.0,1348.78,60,588.78
VND002160,2024-11-10,P014,Servicos sob Demanda,Projetos,V002,2,5200.0,4200.0,9880.0,15,5680.0
VND002161,2024-11-11,P002,Moveis Domesticos,Mesas,V007,4,2200.0,5000.0,9328.0,45,4328.0
VND002162,2024-11-11,P005,Moveis Domesticos,Sala,V004,1,1212.5,720.0,1091.25,7,371.25
VND002163,2024-11-11,P008,Moveis Comerciais,Cadeiras,V007,1,1115.5,640.0,1182.43,45,542.4300000000001
VND002164,2024-11-11,P011,Moveis Comerciais,Atendimento,V004,1,3040.0,1850.0,2736.0,45,886.0
VND002165,2024-11-11,P010,Moveis Comerciais,Armazenagem,V004,2,2450.0,2800.0,4410.0,30,1610.0
VND002166,2024-11-11,P017,Servicos sob Demanda,Consultoria,V003,1,2576.0,900.0,2653.28,30,1753.2800000000002
VND002167,2024-11-12,P003,Moveis Domesticos,Dormitorio,V004,3,2522.0,4500.0,6809.4,30,2309.3999999999996
VND002168,2024-11-12,P013,Moveis Comerciais,Mesas,V006,1,3705.0,2200.0,3593.85,0,1393.85
VND002169,2024-11-12,P015,Servicos sob Demanda,Projetos,V002,1,8500.0,3500.0,8075.0,7,4575.0
VND002170,2024-11-12,P006,Moveis Domesticos,Estofados,V002,3,980.0,1560.0,2793.0,45,1233.0
VND002171,2024-11-12,P002,Moveis Domesticos,Mesas,V001,1,2200.0,1250.0,2376.0,0,1126.0
VND002172,2024-11-12,P002,Moveis Domesticos,Mesas,V005,1,2134.0,1250.0,2347.4,15,1097.4
VND002173,2024-11-12,P016,Servicos sob Demanda,Projetos,V008,1,11875.0,5200.0,12112.5,7,6912.5
VND002174,2024-11-12,P010,Moveis Comerciais,Armazenagem,V004,1,2450.0,1400.0,2205.0,0,805.0
VND002175,2024-11-12,P009,Moveis Comerciais,Mesas,V004,3,1662.5,2940.0,4488.75,30,1548.75
VND002176,2024-11-12,P002,Moveis Domesticos,Mesas,V008,1,2134.0,1250.0,2176.68,60,926.6799999999998
VND002177,2024-11-13,P009,Moveis Comerciais,Mesas,V006,1,1697.5,980.0,1646.58,15,666.5799999999999
VND002178,2024-11-13,P013,Moveis Comerciais,Mesas,V006,1,3588.0,2200.0,3480.36,60,1280.3600000000001
VND002179,2024-11-13,P002,Moveis Domesticos,Mesas,V006,2,2134.0,2500.0,4139.96,30,1639.96
VND002180,2024-11-13,P017,Servicos sob Demanda,Consultoria,V001,1,2800.0,900.0,3024.0,30,2124.0
VND002181,2024-11-13,P013,Moveis Comerciais,Mesas,V008,1,3783.0,2200.0,3858.66,30,1658.6599999999999
VND002182,2024-11-13,P011,Moveis Comerciais,Atendimento,V003,2,3104.0,3700.0,6394.24,30,2694.24
VND002183,2024-11-13,P009,Moveis Comerciais,Mesas,V006,1,1750.0,980.0,1697.5,0,717.5
VND002184,2024-11-14,P004,Moveis Domesticos,Dormitorio,V008,2,3007.0,3700.0,6134.28,15,2434.2799999999997
VND002185,2024-11-14,P018,Servicos sob Demanda,Projetos,V003,1,6596.0,2600.0,6793.88,0,4193.88
VND002186,2024-11-14,P003,Moveis Domesticos,Dormitorio,V004,1,2470.0,1500.0,2223.0,30,723.0
VND002187,2024-11-14,P002,Moveis Domesticos,Mesas,V001,1,2090.0,1250.0,2257.2,0,1007.1999999999998
VND002188,2024-11-14,P008,Moveis Comerciais,Cadeiras,V005,2,1150.0,1280.0,2530.0,15,1250.0
VND002189,2024-11-14,P011,Moveis Comerciais,Atendimento,V007,1,3200.0,1850.0,3392.0,0,1542.0
VND002190,2024-11-14,P009,Moveis Comerciais,Mesas,V006,1,1697.5,980.0,1646.58,7,666.5799999999999
VND002191,2024-11-14,P009,Moveis Comerciais,Mesas,V002,1,1750.0,980.0,1662.5,0,682.5
VND002192,2024-11-15,P012,Moveis Comerciais,Estacoes,V005,1,4656.0,2850.0,5121.6,15,2271.6000000000004
VND002193,2024-11-15,P010,Moveis Comerciais,Armazenagem,V003,2,2376.5,2800.0,4895.59,45,2095.59
VND002194,2024-11-15,P012,Moveis Comerciais,Estacoes,V002,2,4800.0,5700.0,9120.0,15,3420.0
VND002195,2024-11-15,P001,Moveis Domesticos,Estofados,V004,1,1850.0,1100.0,1665.0,0,565.0
VND002196,2024-11-15,P008,Moveis Comerciais,Cadeiras,V007,2,1115.5,1280.0,2364.86,45,1084.8600000000001
VND002197,2024-11-15,P015,Servicos sob Demanda,Projetos,V005,1,8245.0,3500.0,9069.5,45,5569.5
VND002198,2024-11-15,P010,Moveis Comerciais,Armazenagem,V002,5,2327.5,7000.0,11055.62,30,4055.620000000001
VND002199,2024-11-15,P018,Servicos sob Demanda,Projetos,V007,1,6460.0,2600.0,6847.6,30,4247.6
VND002200,2024-11-16,P012,Moveis Comerciais,Estacoes,V001,2,4800.0,5700.0,10368.0,45,4668.0
VND002201,2024-11-16,P002,Moveis Domesticos,Mesas,V002,2,2200.0,2500.0,4180.0,0,1680.0
VND002202,2024-11-16,P002,Moveis Domesticos,Mesas,V008,5,2134.0,6250.0,10883.4,0,4633.4
VND002203,2024-11-16,P016,Servicos sob Demanda,Projetos,V004,3,12500.0,15600.0,33750.0,60,18150.0
VND002204,2024-11-17,P018,Servicos sob Demanda,Projetos,V005,1,6460.0,2600.0,7106.0,30,4506.0
VND002205,2024-11-18,P015,Servicos sob Demanda,Projetos,V005,2,8500.0,7000.0,18700.0,60,11700.0
VND002206,2024-11-18,P018,Servicos sob Demanda,Projetos,V006,2,6596.0,5200.0,12796.24,45,7596.24
VND002207,2024-11-18,P013,Moveis Comerciais,Mesas,V006,2,3783.0,4400.0,7339.02,30,2939.0200000000004
VND002208,2024-11-18,P012,Moveis Comerciais,Estacoes,V005,1,4800.0,2850.0,5280.0,30,2430.0
VND002209,2024-11-18,P011,Moveis Comerciais,Atendimento,V002,1,3200.0,1850.0,3040.0,15,1190.0
VND002210,2024-11-18,P008,Moveis Comerciais,Cadeiras,V007,1,1150.0,640.0,1219.0,0,579.0
VND002211,2024-11-19,P015,Servicos sob Demanda,Projetos,V007,3,8245.0,10500.0,26219.1,15,15719.099999999999
VND002212,2024-11-19,P015,Servicos sob Demanda,Projetos,V001,1,7820.0,3500.0,8445.6,30,4945.6
VND002213,2024-11-19,P006,Moveis Domesticos,Estofados,V001,1,950.6,520.0,1026.65,7,506.6500000000001
VND002214,2024-11-19,P008,Moveis Comerciais,Cadeiras,V004,1,1058.0,640.0,952.2,15,312.20000000000005
VND002215,2024-11-19,P008,Moveis Comerciais,Cadeiras,V007,4,1150.0,2560.0,4876.0,0,2316.0
VND002216,2024-11-19,P011,Moveis Comerciais,Atendimento,V006,1,2944.0,1850.0,2855.68,30,1005.6799999999998
VND002217,2024-11-19,P009,Moveis Comerciais,Mesas,V004,4,1750.0,3920.0,6300.0,0,2380.0
VND002218,2024-11-19,P010,Moveis Comerciais,Armazenagem,V001,1,2254.0,1400.0,2434.32,0,1034.3200000000002
VND002219,2024-11-20,P008,Moveis Comerciais,Cadeiras,V005,1,1115.5,640.0,1227.05,45,587.05
VND002220,2024-11-20,P011,Moveis Comerciais,Atendimento,V004,1,3040.0,1850.0,2736.0,15,886.0
VND002221,2024-11-20,P017,Servicos sob Demanda,Consultoria,V002,1,2660.0,900.0,2527.0,45,1627.0
VND002222,2024-11-20,P017,Servicos sob Demanda,Consultoria,V002,2,2800.0,1800.0,5320.0,0,3520.0
VND002223,2024-11-20,P017,Servicos sob Demanda,Consultoria,V001,1,2800.0,900.0,3024.0,60,2124.0
VND002224,2024-11-20,P005,Moveis Domesticos,Sala,V008,1,1250.0,720.0,1275.0,60,555.0
VND002225,2024-11-21,P008,Moveis Comerciais,Cadeiras,V001,1,1150.0,640.0,1242.0,7,602.0
VND002226,2024-11-21,P017,Servicos sob Demanda,Consultoria,V008,1,2716.0,900.0,2770.32,60,1870.3200000000002
VND002227,2024-11-21,P010,Moveis Comerciais,Armazenagem,V007,4,2450.0,5600.0,10388.0,45,4788.0
VND002228,2024-11-21,P010,Moveis Comerciais,Armazenagem,V003,2,2254.0,2800.0,4643.24,0,1843.2399999999998
VND002229,2024-11-21,P005,Moveis Domesticos,Sala,V002,1,1212.5,720.0,1151.88,45,431.8800000000001
VND002230,2024-11-21,P003,Moveis Domesticos,Dormitorio,V007,1,2600.0,1500.0,2756.0,15,1256.0
VND002231,2024-11-21,P002,Moveis Domesticos,Mesas,V008,3,2200.0,3750.0,6732.0,0,2982.0
VND002232,2024-11-21,P006,Moveis Domesticos,Estofados,V005,3,950.6,1560.0,3136.98,60,1576.98
VND002233,2024-11-21,P001,Moveis Domesticos,Estofados,V002,1,1850.0,1100.0,1757.5,0,657.5
VND002234,2024-11-21,P012,Moveis Comerciais,Estacoes,V008,1,4656.0,2850.0,4749.12,30,1899.12
VND002235,2024-11-22,P017,Servicos sob Demanda,Consultoria,V002,1,2576.0,900.0,2447.2,30,1547.1999999999998
VND002236,2024-11-22,P002,Moveis Domesticos,Mesas,V005,2,2090.0,2500.0,4598.0,7,2098.0
VND002237,2024-11-22,P003,Moveis Domesticos,Dormitorio,V004,1,2600.0,1500.0,2340.0,45,840.0
VND002238,2024-11-22,P009,Moveis Comerciais,Mesas,V002,1,1697.5,980.0,1612.62,7,632.6199999999999
VND002239,2024-11-22,P007,Moveis Domesticos,Escritorio,V001,3,1350.0,2280.0,4374.0,30,2094.0
VND002240,2024-11-22,P009,Moveis Comerciais,Mesas,V007,3,1750.0,2940.0,5565.0,0,2625.0
VND002241,2024-11-22,P009,Moveis Comerciais,Mesas,V008,1,1662.5,980.0,1695.75,30,715.75
VND002242,2024-11-23,P003,Moveis Domesticos,Dormitorio,V004,1,2600.0,1500.0,2340.0,0,840.0
VND002243,2024-11-23,P012,Moveis Comerciais,Estacoes,V008,1,4656.0,2850.0,4749.12,60,1899.12
VND002244,2024-11-23,P002,Moveis Domesticos,Mesas,V002,2,2024.0,2500.0,3845.6,15,1345.6
VND002245,2024-11-23,P012,Moveis Comerciais,Estacoes,V008,2,4800.0,5700.0,9792.0,0,4092.0
VND002246,2024-11-23,P018,Servicos sob Demanda,Projetos,V001,1,6596.0,2600.0,7123.68,30,4523.68
VND002247,2024-11-24,P011,Moveis Comerciais,Atendimento,V003,2,3040.0,3700.0,6262.4,30,2562.3999999999996
VND002248,2024-11-24,P018,Servicos sob Demanda,Projetos,V008,6,6800.0,15600.0,41616.0,15,26016.0
VND002249,2024-11-24,P004,Moveis Domesticos,Dormitorio,V006,1,3100.0,1850.0,3007.0,0,1157.0
VND002250,2024-11-24,P018,Servicos sob Demanda,Projetos,V005,1,6800.0,2600.0,7480.0,45,4880.0
VND002251,2024-11-24,P010,Moveis Comerciais,Armazenagem,V005,1,2254.0,1400.0,2479.4,30,1079.4
VND002252,2024-11-24,P007,Moveis Domesticos,Escritorio,V007,5,1282.5,3800.0,6797.25,15,2997.25
VND002253,2024-11-25,P001,Moveis Domesticos,Estofados,V002,1,1850.0,1100.0,1757.5,15,657.5
VND002254,2024-11-25,P010,Moveis Comerciais,Armazenagem,V004,1,2450.0,1400.0,2205.0,0,805.0
VND002255,2024-11-25,P001,Moveis Domesticos,Estofados,V003,1,1757.5,1100.0,1810.22,45,710.22
VND002256,2024-11-25,P012,Moveis Comerciais,Estacoes,V006,1,4800.0,2850.0,4656.0,30,1806.0
VND002257,2024-11-25,P005,Moveis Domesticos,Sala,V004,2,1250.0,1440.0,2250.0,15,810.0
VND002258,2024-11-25,P006,Moveis Domesticos,Estofados,V008,1,980.0,520.0,999.6,60,479.6
VND002259,2024-11-25,P011,Moveis Comerciais,Atendimento,V004,1,3200.0,1850.0,2880.0,7,1030.0
VND002260,2024-11-25,P002,Moveis Domesticos,Mesas,V005,5,2024.0,6250.0,11132.0,0,4882.0
VND002261,2024-11-26,P003,Moveis Domesticos,Dormitorio,V006,3,2600.0,4500.0,7566.0,0,3066.0
VND002262,2024-11-26,P015,Servicos sob Demanda,Projetos,V004,1,8500.0,3500.0,7650.0,30,4150.0
VND002263,2024-11-26,P015,Servicos sob Demanda,Projetos,V003,1,8500.0,3500.0,8755.0,30,5255.0
VND002264,2024-11-26,P006,Moveis Domesticos,Estofados,V008,1,901.6,520.0,919.63,30,399.63
VND002265,2024-11-26,P003,Moveis Domesticos,Dormitorio,V005,1,2600.0,1500.0,2860.0,0,1360.0
VND002266,2024-11-26,P004,Moveis Domesticos,Dormitorio,V002,1,3100.0,1850.0,2945.0,15,1095.0
VND002267,2024-11-26,P007,Moveis Domesticos,Escritorio,V003,1,1282.5,760.0,1320.98,60,560.98
VND002268,2024-11-27,P001,Moveis Domesticos,Estofados,V008,2,1702.0,2200.0,3472.08,45,1272.08
VND002269,2024-11-27,P001,Moveis Domesticos,Estofados,V008,1,1702.0,1100.0,1736.04,30,636.04
VND002270,2024-11-27,P011,Moveis Comerciais,Atendimento,V006,3,3104.0,5550.0,9032.64,0,3482.6399999999994
VND002271,2024-11-27,P001,Moveis Domesticos,Estofados,V006,1,1794.5,1100.0,1740.66,60,640.6600000000001
VND002272,2024-11-28,P009,Moveis Comerciais,Mesas,V007,1,1750.0,980.0,1855.0,7,875.0
VND002273,2024-11-28,P009,Moveis Comerciais,Mesas,V005,2,1697.5,1960.0,3734.5,15,1774.5
VND002274,2024-11-28,P010,Moveis Comerciais,Armazenagem,V008,1,2327.5,1400.0,2374.05,30,974.0500000000002
VND002275,2024-11-28,P003,Moveis Domesticos,Dormitorio,V007,1,2470.0,1500.0,2618.2,30,1118.1999999999998
VND002276,2024-11-28,P007,Moveis Domesticos,Escritorio,V006,2,1309.5,1520.0,2540.43,30,1020.4299999999998
VND002277,2024-11-28,P014,Servicos sob Demanda,Projetos,V004,1,4784.0,2100.0,4305.6,7,2205.6000000000004
VND002278,2024-11-29,P014,Servicos sob Demanda,Projetos,V008,1,4784.0,2100.0,4879.68,30,2779.6800000000003
VND002279,2024-11-29,P015,Servicos sob Demanda,Projetos,V007,1,8500.0,3500.0,9010.0,30,5510.0
VND002280,2024-11-29,P001,Moveis Domesticos,Estofados,V003,2,1757.5,2200.0,3620.45,15,1420.4499999999998
VND002281,2024-11-29,P001,Moveis Domesticos,Estofados,V006,1,1850.0,1100.0,1794.5,0,694.5
VND002282,2024-11-29,P014,Servicos sob Demanda,Projetos,V005,1,4940.0,2100.0,5434.0,60,3334.0
VND002283,2024-11-29,P001,Moveis Domesticos,Estofados,V008,2,1850.0,2200.0,3774.0,45,1574.0
VND002284,2024-11-30,P017,Servicos sob Demanda,Consultoria,V007,1,2576.0,900.0,2730.56,45,1830.56
VND002285,2024-11-30,P005,Moveis Domesticos,Sala,V003,3,1212.5,2160.0,3746.62,30,1586.62
VND002286,2024-11-30,P005,Moveis Domesticos,Sala,V001,1,1212.5,720.0,1309.5,15,589.5
VND002287,2024-11-30,P007,Moveis Domesticos,Escritorio,V002,1,1242.0,760.0,1179.9,15,419.9000000000001
VND002288,2024-11-30,P003,Moveis Domesticos,Dormitorio,V002,2,2470.0,3000.0,4693.0,45,1693.0
VND002289,2024-11-30,P008,Moveis Comerciais,Cadeiras,V004,5,1058.0,3200.0,4761.0,60,1561.0
VND002290,2024-12-01,P008,Moveis Comerciais,Cadeiras,V001,2,1150.0,1280.0,2484.0,7,1204.0
VND002291,2024-12-01,P009,Moveis Comerciais,Mesas,V003,3,1750.0,2940.0,5407.5,30,2467.5
VND002292,2024-12-01,P002,Moveis Domesticos,Mesas,V008,2,2200.0,2500.0,4488.0,30,1988.0
VND002293,2024-12-01,P001,Moveis Domesticos,Estofados,V008,3,1850.0,3300.0,5661.0,7,2361.0
VND002294,2024-12-01,P015,Servicos sob Demanda,Projetos,V004,2,8500.0,7000.0,15300.0,30,8300.0
VND002295,2024-12-01,P017,Servicos sob Demanda,Consultoria,V003,1,2800.0,900.0,2884.0,15,1984.0
VND002296,2024-12-01,P005,Moveis Domesticos,Sala,V008,1,1250.0,720.0,1275.0,30,555.0
VND002297,2024-12-01,P006,Moveis Domesticos,Estofados,V007,1,950.6,520.0,1007.64,30,487.64
VND002298,2024-12-02,P018,Servicos sob Demanda,Projetos,V008,2,6596.0,5200.0,13455.84,15,8255.84
VND002299,2024-12-02,P003,Moveis Domesticos,Dormitorio,V001,2,2470.0,3000.0,5335.2,15,2335.2
VND002300,2024-12-02,P018,Servicos sob Demanda,Projetos,V008,1,6800.0,2600.0,6936.0,15,4336.0
VND002301,2024-12-02,P009,Moveis Comerciais,Mesas,V002,3,1662.5,2940.0,4738.12,15,1798.12
VND002302,2024-12-02,P005,Moveis Domesticos,Sala,V005,1,1187.5,720.0,1306.25,15,586.25
VND002303,2024-12-03,P018,Servicos sob Demanda,Projetos,V005,2,6460.0,5200.0,14212.0,15,9012.0
VND002304,2024-12-03,P002,Moveis Domesticos,Mesas,V002,1,2200.0,1250.0,2090.0,45,840.0
VND002305,2024-12-03,P004,Moveis Domesticos,Dormitorio,V001,2,2945.0,3700.0,6361.2,60,2661.2
VND002306,2024-12-03,P008,Moveis Comerciais,Cadeiras,V004,1,1058.0,640.0,952.2,7,312.20000000000005
VND002307,2024-12-03,P014,Servicos sob Demanda,Projetos,V008,1,5044.0,2100.0,5144.88,0,3044.88
VND002308,2024-12-03,P002,Moveis Domesticos,Mesas,V004,1,2090.0,1250.0,1881.0,7,631.0
VND002309,2024-12-03,P007,Moveis Domesticos,Escritorio,V002,1,1282.5,760.0,1218.38,45,458.3800000000001
VND002310,2024-12-03,P015,Servicos sob Demanda,Projetos,V007,1,8075.0,3500.0,8559.5,0,5059.5
VND002311,2024-12-03,P001,Moveis Domesticos,Estofados,V006,2,1702.0,2200.0,3301.88,7,1101.88
VND002312,2024-12-04,P018,Servicos sob Demanda,Projetos,V003,4,6596.0,10400.0,27175.52,0,16775.52
VND002313,2024-12-04,P009,Moveis Comerciais,Mesas,V002,1,1750.0,980.0,1662.5,45,682.5
VND002314,2024-12-04,P018,Servicos sob Demanda,Projetos,V006,1,6800.0,2600.0,6596.0,0,3996.0
VND002315,2024-12-04,P012,Moveis Comerciais,Estacoes,V007,2,4800.0,5700.0,10176.0,0,4476.0
VND002316,2024-12-04,P004,Moveis Domesticos,Dormitorio,V005,1,3100.0,1850.0,3410.0,45,1560.0
VND002317,2024-12-04,P002,Moveis Domesticos,Mesas,V001,2,2134.0,2500.0,4609.44,45,2109.4399999999996
VND002318,2024-12-04,P003,Moveis Domesticos,Dormitorio,V006,1,2522.0,1500.0,2446.34,30,946.3400000000001
VND002319,2024-12-04,P003,Moveis Domesticos,Dormitorio,V001,1,2600.0,1500.0,2808.0,30,1308.0
VND002320,2024-12-04,P002,Moveis Domesticos,Mesas,V001,2,2200.0,2500.0,4752.0,15,2252.0
VND002321,2024-12-04,P015,Servicos sob Demanda,Projetos,V005,1,7820.0,3500.0,8602.0,15,5102.0
VND002322,2024-12-04,P015,Servicos sob Demanda,Projetos,V004,2,8245.0,7000.0,14841.0,7,7841.0
VND002323,2024-12-04,P008,Moveis Comerciais,Cadeiras,V004,1,1092.5,640.0,983.25,45,343.25
VND002324,2024-12-04,P001,Moveis Domesticos,Estofados,V008,1,1794.5,1100.0,1830.39,7,730.3900000000001
VND002325,2024-12-05,P008,Moveis Comerciais,Cadeiras,V007,2,1115.5,1280.0,2364.86,0,1084.8600000000001
VND002326,2024-12-05,P010,Moveis Comerciais,Armazenagem,V008,2,2254.0,2800.0,4598.16,15,1798.1599999999999
VND002327,2024-12-05,P001,Moveis Domesticos,Estofados,V003,1,1794.5,1100.0,1848.34,45,748.3399999999999
VND002328,2024-12-06,P012,Moveis Comerciais,Estacoes,V001,5,4800.0,14250.0,25920.0,30,11670.0
VND002329,2024-12-06,P006,Moveis Domesticos,Estofados,V004,1,931.0,520.0,837.9,15,317.9
VND002330,2024-12-06,P004,Moveis Domesticos,Dormitorio,V006,1,3100.0,1850.0,3007.0,30,1157.0
VND002331,2024-12-06,P002,Moveis Domesticos,Mesas,V005,2,2090.0,2500.0,4598.0,15,2098.0
VND002332,2024-12-07,P011,Moveis Comerciais,Atendimento,V003,1,3200.0,1850.0,3296.0,0,1446.0
VND002333,2024-12-07,P001,Moveis Domesticos,Estofados,V006,1,1850.0,1100.0,1794.5,30,694.5
VND002334,2024-12-07,P006,Moveis Domesticos,Estofados,V002,2,980.0,1040.0,1862.0,15,822.0
VND002335,2024-12-07,P006,Moveis Domesticos,Estofados,V005,2,980.0,1040.0,2156.0,7,1116.0
VND002336,2024-12-07,P014,Servicos sob Demanda,Projetos,V006,2,4940.0,4200.0,9583.6,15,5383.6
VND002337,2024-12-07,P001,Moveis Domesticos,Estofados,V003,2,1794.5,2200.0,3696.67,0,1496.67
VND002338,2024-12-07,P018,Servicos sob Demanda,Projetos,V004,1,6596.0,2600.0,5936.4,0,3336.3999999999996
VND002339,2024-12-07,P012,Moveis Comerciais,Estacoes,V001,2,4416.0,5700.0,9538.56,0,3838.5599999999995
VND002340,2024-12-07,P006,Moveis Domesticos,Estofados,V008,3,931.0,1560.0,2848.86,15,1288.8600000000001
VND002341,2024-12-07,P004,Moveis Domesticos,Dormitorio,V001,1,3007.0,1850.0,3247.56,45,1397.56
VND002342,2024-12-07,P017,Servicos sob Demanda,Consultoria,V004,1,2660.0,900.0,2394.0,0,1494.0
VND002343,2024-12-07,P013,Moveis Comerciais,Mesas,V007,1,3705.0,2200.0,3927.3,0,1727.3000000000002
VND002344,2024-12-08,P010,Moveis Comerciais,Armazenagem,V004,1,2450.0,1400.0,2205.0,15,805.0
VND002345,2024-12-08,P010,Moveis Comerciais,Armazenagem,V008,1,2376.5,1400.0,2424.03,30,1024.0300000000002
VND002346,2024-12-08,P002,Moveis Domesticos,Mesas,V004,1,2134.0,1250.0,1920.6,7,670.5999999999999
VND002347,2024-12-08,P010,Moveis Comerciais,Armazenagem,V007,1,2376.5,1400.0,2519.09,0,1119.0900000000001
VND002348,2024-12-08,P013,Moveis Comerciais,Mesas,V004,2,3705.0,4400.0,6669.0,45,2269.0
VND002349,2024-12-09,P001,Moveis Domesticos,Estofados,V006,1,1702.0,1100.0,1650.94,30,550.94
VND002350,2024-12-09,P003,Moveis Domesticos,Dormitorio,V006,1,2522.0,1500.0,2446.34,30,946.3400000000001
VND002351,2024-12-09,P008,Moveis Comerciais,Cadeiras,V008,1,1115.5,640.0,1137.81,45,497.80999999999995
VND002352,2024-12-09,P012,Moveis Comerciais,Estacoes,V007,1,4416.0,2850.0,4680.96,60,1830.96
VND002353,2024-12-09,P002,Moveis Domesticos,Mesas,V005,2,2024.0,2500.0,4452.8,60,1952.8000000000002
VND002354,2024-12-09,P002,Moveis Domesticos,Mesas,V008,3,2134.0,3750.0,6530.04,0,2780.04
VND002355,2024-12-09,P009,Moveis Comerciais,Mesas,V006,1,1750.0,980.0,1697.5,30,717.5
VND002356,2024-12-09,P005,Moveis Domesticos,Sala,V005,1,1187.5,720.0,1306.25,7,586.25
VND002357,2024-12-09,P010,Moveis Comerciais,Armazenagem,V008,2,2376.5,2800.0,4848.06,30,2048.0600000000004
VND002358,2024-12-09,P007,Moveis Domesticos,Escritorio,V005,1,1309.5,760.0,1440.45,15,680.45
VND002359,2024-12-09,P003,Moveis Domesticos,Dormitorio,V003,1,2392.0,1500.0,2463.76,0,963.7600000000002
VND002360,2024-12-09,P010,Moveis Comerciais,Armazenagem,V005,4,2254.0,5600.0,9917.6,30,4317.6
VND002361,2024-12-09,P015,Servicos sob Demanda,Projetos,V004,1,7820.0,3500.0,7038.0,15,3538.0
VND002362,2024-12-10,P013,Moveis Comerciais,Mesas,V006,1,3783.0,2200.0,3669.51,0,1469.5100000000002
VND002363,2024-12-10,P014,Servicos sob Demanda,Projetos,V006,2,5200.0,4200.0,10088.0,45,5888.0
VND002364,2024-12-10,P005,Moveis Domesticos,Sala,V003,1,1212.5,720.0,1248.88,45,528.8800000000001
VND002365,2024-12-10,P003,Moveis Domesticos,Dormitorio,V004,1,2600.0,1500.0,2340.0,45,840.0
VND002366,2024-12-10,P008,Moveis Comerciais,Cadeiras,V004,1,1115.5,640.0,1003.95,45,363.95000000000005
VND002367,2024-12-10,P006,Moveis Domesticos,Estofados,V007,1,980.0,520.0,1038.8,45,518.8
VND002368,2024-12-11,P001,Moveis Domesticos,Estofados,V007,3,1702.0,3300.0,5412.36,30,2112.3599999999997
VND002369,2024-12-11,P001,Moveis Domesticos,Estofados,V001,1,1850.0,1100.0,1998.0,7,898.0
VND002370,2024-12-11,P001,Moveis Domesticos,Estofados,V005,1,1794.5,1100.0,1973.95,7,873.95
VND002371,2024-12-11,P011,Moveis Comerciais,Atendimento,V007,1,3040.0,1850.0,3222.4,15,1372.4
VND002372,2024-12-11,P005,Moveis Domesticos,Sala,V002,1,1250.0,720.0,1187.5,45,467.5
VND002373,2024-12-11,P013,Moveis Comerciais,Mesas,V001,3,3900.0,6600.0,12636.0,45,6036.0
VND002374,2024-12-12,P013,Moveis Comerciais,Mesas,V005,2,3900.0,4400.0,8580.0,0,4180.0
VND002375,2024-12-12,P002,Moveis Domesticos,Mesas,V003,1,2134.0,1250.0,2198.02,30,948.02
VND002376,2024-12-12,P012,Moveis Comerciais,Estacoes,V007,3,4800.0,8550.0,15264.0,45,6714.0
VND002377,2024-12-12,P002,Moveis Domesticos,Mesas,V005,1,2134.0,1250.0,2347.4,45,1097.4
VND002378,2024-12-12,P009,Moveis Comerciais,Mesas,V005,1,1662.5,980.0,1828.75,30,848.75
VND002379,2024-12-12,P003,Moveis Domesticos,Dormitorio,V003,5,2600.0,7500.0,13390.0,45,5890.0
VND002380,2024-12-12,P018,Servicos sob Demanda,Projetos,V007,2,6800.0,5200.0,14416.0,15,9216.0
VND002381,2024-12-12,P013,Moveis Comerciais,Mesas,V006,1,3588.0,2200.0,3480.36,15,1280.3600000000001
VND002382,2024-12-13,P008,Moveis Comerciais,Cadeiras,V006,3,1058.0,1920.0,3078.78,0,1158.7800000000002
VND002383,2024-12-13,P001,Moveis Domesticos,Estofados,V006,4,1850.0,4400.0,7178.0,30,2778.0
VND002384,2024-12-13,P008,Moveis Comerciais,Cadeiras,V001,1,1115.5,640.0,1204.74,30,564.74
VND002385,2024-12-13,P012,Moveis Comerciais,Estacoes,V001,1,4656.0,2850.0,5028.48,7,2178.4799999999996
VND002386,2024-12-13,P001,Moveis Domesticos,Estofados,V006,2,1794.5,2200.0,3481.33,30,1281.33
VND002387,2024-12-14,P010,Moveis Comerciais,Armazenagem,V007,1,2450.0,1400.0,2597.0,30,1197.0
VND002388,2024-12-14,P014,Servicos sob Demanda,Projetos,V008,1,4940.0,2100.0,5038.8,15,2938.8
VND002389,2024-12-14,P010,Moveis Comerciais,Armazenagem,V004,1,2450.0,1400.0,2205.0,45,805.0
VND002390,2024-12-14,P002,Moveis Domesticos,Mesas,V001,1,2024.0,1250.0,2185.92,7,935.9200000000001
VND002391,2024-12-14,P009,Moveis Comerciais,Mesas,V002,2,1697.5,1960.0,3225.25,15,1265.25
VND002392,2024-12-14,P012,Moveis Comerciais,Estacoes,V005,1,4800.0,2850.0,5280.0,30,2430.0
VND002393,2024-12-15,P015,Servicos sob Demanda,Projetos,V008,1,8245.0,3500.0,8409.9,30,4909.9
VND002394,2024-12-15,P005,Moveis Domesticos,Sala,V003,1,1187.5,720.0,1223.12,60,503.1199999999999
VND002395,2024-12-15,P006,Moveis Domesticos,Estofados,V007,2,931.0,1040.0,1973.72,45,933.72
VND002396,2024-12-15,P005,Moveis Domesticos,Sala,V005,1,1250.0,720.0,1375.0,0,655.0
VND002397,2024-12-15,P018,Servicos sob Demanda,Projetos,V005,1,6800.0,2600.0,7480.0,30,4880.0
VND002398,2024-12-15,P001,Moveis Domesticos,Estofados,V004,2,1757.5,2200.0,3163.5,15,963.5
VND002399,2024-12-16,P017,Servicos sob Demanda,Consultoria,V001,1,2660.0,900.0,2872.8,15,1972.8000000000002
VND002400,2024-12-16,P008,Moveis Comerciais,Cadeiras,V006,3,1092.5,1920.0,3179.18,60,1259.1799999999998
VND002401,2024-12-16,P001,Moveis Domesticos,Estofados,V004,2,1850.0,2200.0,3330.0,30,1130.0
VND002402,2024-12-16,P012,Moveis Comerciais,Estacoes,V005,1,4560.0,2850.0,5016.0,7,2166.0
VND002403,2024-12-16,P014,Servicos sob Demanda,Projetos,V005,1,4784.0,2100.0,5262.4,15,3162.3999999999996
VND002404,2024-12-16,P004,Moveis Domesticos,Dormitorio,V007,2,2852.0,3700.0,6046.24,15,2346.24
VND002405,2024-12-16,P011,Moveis Comerciais,Atendimento,V002,1,2944.0,1850.0,2796.8,60,946.8000000000002
VND002406,2024-12-16,P002,Moveis Domesticos,Mesas,V002,2,2200.0,2500.0,4180.0,30,1680.0
VND002407,2024-12-17,P011,Moveis Comerciais,Atendimento,V007,3,3200.0,5550.0,10176.0,0,4626.0
VND002408,2024-12-17,P010,Moveis Comerciais,Armazenagem,V007,2,2376.5,2800.0,5038.18,60,2238.1800000000003
VND002409,2024-12-17,P018,Servicos sob Demanda,Projetos,V007,3,6800.0,7800.0,21624.0,30,13824.0
VND002410,2024-12-17,P002,Moveis Domesticos,Mesas,V006,1,2200.0,1250.0,2134.0,30,884.0
VND002411,2024-12-18,P012,Moveis Comerciais,Estacoes,V002,2,4656.0,5700.0,8846.4,15,3146.3999999999996
VND002412,2024-12-18,P018,Servicos sob Demanda,Projetos,V005,1,6800.0,2600.0,7480.0,30,4880.0
VND002413,2024-12-18,P008,Moveis Comerciais,Cadeiras,V003,1,1150.0,640.0,1184.5,30,544.5
VND002414,2024-12-18,P004,Moveis Domesticos,Dormitorio,V007,3,3007.0,5550.0,9562.26,0,4012.26
VND002415,2024-12-18,P003,Moveis Domesticos,Dormitorio,V007,2,2470.0,3000.0,5236.4,45,2236.3999999999996
VND002416,2024-12-18,P013,Moveis Comerciais,Mesas,V006,2,3783.0,4400.0,7339.02,15,2939.0200000000004
VND002417,2024-12-18,P014,Servicos sob Demanda,Projetos,V007,1,5200.0,2100.0,5512.0,15,3412.0
VND002418,2024-12-18,P004,Moveis Domesticos,Dormitorio,V007,1,3100.0,1850.0,3286.0,15,1436.0
VND002419,2024-12-19,P005,Moveis Domesticos,Sala,V002,1,1250.0,720.0,1187.5,0,467.5
VND002420,2024-12-19,P010,Moveis Comerciais,Armazenagem,V005,2,2450.0,2800.0,5390.0,15,2590.0
VND002421,2024-12-19,P014,Servicos sob Demanda,Projetos,V007,3,5044.0,6300.0,16039.92,15,9739.92
VND002422,2024-12-19,P005,Moveis Domesticos,Sala,V004,2,1250.0,1440.0,2250.0,0,810.0
VND002423,2024-12-19,P009,Moveis Comerciais,Mesas,V001,2,1750.0,1960.0,3780.0,30,1820.0
VND002424,2024-12-19,P001,Moveis Domesticos,Estofados,V007,1,1794.5,1100.0,1902.17,0,802.1700000000001
VND002425,2024-12-19,P009,Moveis Comerciais,Mesas,V002,2,1750.0,1960.0,3325.0,60,1365.0
VND002426,2024-12-19,P018,Servicos sob Demanda,Projetos,V001,1,6256.0,2600.0,6756.48,0,4156.48
VND002427,2024-12-19,P009,Moveis Comerciais,Mesas,V006,2,1697.5,1960.0,3293.15,60,1333.15
VND002428,2024-12-19,P003,Moveis Domesticos,Dormitorio,V002,1,2392.0,1500.0,2272.4,15,772.4000000000001
VND002429,2024-12-20,P006,Moveis Domesticos,Estofados,V008,2,901.6,1040.0,1839.26,60,799.26
VND002430,2024-12-20,P015,Servicos sob Demanda,Projetos,V003,2,8500.0,7000.0,17510.0,60,10510.0
VND002431,2024-12-20,P008,Moveis Comerciais,Cadeiras,V007,2,1150.0,1280.0,2438.0,0,1158.0
VND002432,2024-12-21,P002,Moveis Domesticos,Mesas,V008,1,2200.0,1250.0,2244.0,45,994.0
VND002433,2024-12-21,P001,Moveis Domesticos,Estofados,V003,4,1794.5,4400.0,7393.34,7,2993.34
VND002434,2024-12-21,P009,Moveis Comerciais,Mesas,V004,1,1750.0,980.0,1575.0,30,595.0
VND002435,2024-12-21,P007,Moveis Domesticos,Escritorio,V004,1,1350.0,760.0,1215.0,30,455.0
VND002436,2024-12-21,P008,Moveis Comerciais,Cadeiras,V003,1,1115.5,640.0,1148.96,60,508.96000000000004
VND002437,2024-12-21,P009,Moveis Comerciais,Mesas,V008,4,1750.0,3920.0,7140.0,45,3220.0
VND002438,2024-12-21,P001,Moveis Domesticos,Estofados,V001,1,1794.5,1100.0,1938.06,7,838.06
VND002439,2024-12-22,P001,Moveis Domesticos,Estofados,V006,4,1850.0,4400.0,7178.0,0,2778.0
VND002440,2024-12-22,P009,Moveis Comerciais,Mesas,V005,1,1662.5,980.0,1828.75,45,848.75
VND002441,2024-12-22,P002,Moveis Domesticos,Mesas,V001,3,2200.0,3750.0,7128.0,7,3378.0
VND002442,2024-12-22,P005,Moveis Domesticos,Sala,V005,4,1250.0,2880.0,5500.0,30,2620.0
VND002443,2024-12-22,P007,Moveis Domesticos,Escritorio,V004,1,1282.5,760.0,1154.25,30,394.25
VND002444,2024-12-22,P009,Moveis Comerciais,Mesas,V001,1,1750.0,980.0,1890.0,45,910.0
VND002445,2024-12-22,P017,Servicos sob Demanda,Consultoria,V006,1,2716.0,900.0,2634.52,0,1734.52
VND002446,2024-12-22,P003,Moveis Domesticos,Dormitorio,V003,1,2600.0,1500.0,2678.0,7,1178.0
VND002447,2024-12-22,P014,Servicos sob Demanda,Projetos,V003,1,5200.0,2100.0,5356.0,0,3256.0
VND002448,2024-12-22,P004,Moveis Domesticos,Dormitorio,V008,3,3100.0,5550.0,9486.0,7,3936.0
VND002449,2024-12-22,P009,Moveis Comerciais,Mesas,V007,1,1750.0,980.0,1855.0,0,875.0
VND002450,2024-12-22,P004,Moveis Domesticos,Dormitorio,V008,4,2945.0,7400.0,12015.6,7,4615.6
VND002451,2024-12-22,P017,Servicos sob Demanda,Consultoria,V005,1,2716.0,900.0,2987.6,15,2087.6
VND002452,2024-12-22,P013,Moveis Comerciais,Mesas,V002,1,3588.0,2200.0,3408.6,7,1208.6
VND002453,2024-12-23,P002,Moveis Domesticos,Mesas,V003,2,2134.0,2500.0,4396.04,30,1896.04
VND002454,2024-12-23,P012,Moveis Comerciais,Estacoes,V003,3,4656.0,8550.0,14387.04,7,5837.040000000001
VND002455,2024-12-23,P017,Servicos sob Demanda,Consultoria,V007,1,2800.0,900.0,2968.0,60,2068.0
VND002456,2024-12-23,P002,Moveis Domesticos,Mesas,V004,1,2134.0,1250.0,1920.6,30,670.5999999999999
VND002457,2024-12-23,P004,Moveis Domesticos,Dormitorio,V004,1,2945.0,1850.0,2650.5,30,800.5
VND002458,2024-12-23,P005,Moveis Domesticos,Sala,V002,1,1212.5,720.0,1151.88,0,431.8800000000001
VND002459,2024-12-23,P006,Moveis Domesticos,Estofados,V005,2,950.6,1040.0,2091.32,45,1051.3200000000002
VND002460,2024-12-23,P006,Moveis Domesticos,Estofados,V004,3,950.6,1560.0,2566.62,45,1006.6199999999999
VND002461,2024-12-23,P003,Moveis Domesticos,Dormitorio,V003,1,2470.0,1500.0,2544.1,0,1044.1
VND002462,2024-12-24,P003,Moveis Domesticos,Dormitorio,V006,2,2600.0,3000.0,5044.0,0,2044.0
VND002463,2024-12-24,P006,Moveis Domesticos,Estofados,V006,1,980.0,520.0,950.6,45,430.6
VND002464,2024-12-24,P001,Moveis Domesticos,Estofados,V008,1,1757.5,1100.0,1792.65,45,692.6500000000001
VND002465,2024-12-24,P009,Moveis Comerciais,Mesas,V006,2,1697.5,1960.0,3293.15,30,1333.15
VND002466,2024-12-24,P007,Moveis Domesticos,Escritorio,V002,1,1309.5,760.0,1244.02,45,484.02
VND002467,2024-12-24,P009,Moveis Comerciais,Mesas,V002,2,1697.5,1960.0,3225.25,0,1265.25
VND002468,2024-12-24,P018,Servicos sob Demanda,Projetos,V004,1,6800.0,2600.0,6120.0,60,3520.0
VND002469,2024-12-25,P009,Moveis Comerciais,Mesas,V001,2,1610.0,1960.0,3477.6,15,1517.6
VND002470,2024-12-25,P008,Moveis Comerciais,Cadeiras,V002,1,1150.0,640.0,1092.5,0,452.5
VND002471,2024-12-25,P008,Moveis Comerciais,Cadeiras,V005,1,1092.5,640.0,1201.75,0,561.75
VND002472,2024-12-25,P008,Moveis Comerciais,Cadeiras,V004,1,1150.0,640.0,1035.0,30,395.0
VND002473,2024-12-25,P016,Servicos sob Demanda,Projetos,V006,2,12500.0,10400.0,24250.0,45,13850.0
VND002474,2024-12-25,P010,Moveis Comerciais,Armazenagem,V002,5,2376.5,7000.0,11288.38,45,4288.379999999999
VND002475,2024-12-26,P015,Servicos sob Demanda,Projetos,V004,1,8500.0,3500.0,7650.0,15,4150.0
VND002476,2024-12-26,P007,Moveis Domesticos,Escritorio,V005,1,1282.5,760.0,1410.75,0,650.75
VND002477,2024-12-26,P015,Servicos sob Demanda,Projetos,V007,1,8075.0,3500.0,8559.5,15,5059.5
VND002478,2024-12-26,P004,Moveis Domesticos,Dormitorio,V005,1,3100.0,1850.0,3410.0,7,1560.0
VND002479,2024-12-26,P002,Moveis Domesticos,Mesas,V002,1,2200.0,1250.0,2090.0,15,840.0
VND002480,2024-12-26,P008,Moveis Comerciais,Cadeiras,V003,2,1150.0,1280.0,2369.0,7,1089.0
VND002481,2024-12-26,P011,Moveis Comerciais,Atendimento,V002,2,3104.0,3700.0,5897.6,60,2197.6000000000004
VND002482,2024-12-26,P007,Moveis Domesticos,Escritorio,V005,3,1350.0,2280.0,4455.0,7,2175.0
VND002483,2024-12-26,P013,Moveis Comerciais,Mesas,V002,1,3900.0,2200.0,3705.0,30,1505.0
VND002484,2024-12-26,P008,Moveis Comerciais,Cadeiras,V008,3,1115.5,1920.0,3413.43,45,1493.4299999999998
VND002485,2024-12-27,P003,Moveis Domesticos,Dormitorio,V003,5,2522.0,7500.0,12988.3,15,5488.299999999999
VND002486,2024-12-27,P009,Moveis Comerciais,Mesas,V006,1,1662.5,980.0,1612.62,0,632.6199999999999
VND002487,2024-12-27,P011,Moveis Comerciais,Atendimento,V003,1,3104.0,1850.0,3197.12,60,1347.12
VND002488,2024-12-27,P018,Servicos sob Demanda,Projetos,V002,1,6800.0,2600.0,6460.0,45,3860.0
VND002489,2024-12-27,P003,Moveis Domesticos,Dormitorio,V008,2,2522.0,3000.0,5144.88,30,2144.88
VND002490,2024-12-28,P007,Moveis Domesticos,Escritorio,V004,2,1350.0,1520.0,2430.0,45,910.0
VND002491,2024-12-28,P006,Moveis Domesticos,Estofados,V004,1,980.0,520.0,882.0,30,362.0
VND002492,2024-12-28,P017,Servicos sob Demanda,Consultoria,V006,1,2800.0,900.0,2716.0,15,1816.0
VND002493,2024-12-28,P009,Moveis Comerciais,Mesas,V006,1,1610.0,980.0,1561.7,30,581.7
VND002494,2024-12-28,P004,Moveis Domesticos,Dormitorio,V004,1,3007.0,1850.0,2706.3,15,856.3000000000002
VND002495,2024-12-28,P001,Moveis Domesticos,Estofados,V007,1,1757.5,1100.0,1862.95,60,762.95
VND002496,2024-12-28,P008,Moveis Comerciais,Cadeiras,V003,1,1150.0,640.0,1184.5,0,544.5
VND002497,2024-12-28,P014,Servicos sob Demanda,Projetos,V004,1,4940.0,2100.0,4446.0,7,2346.0
VND002498,2024-12-28,P002,Moveis Domesticos,Mesas,V001,3,2200.0,3750.0,7128.0,45,3378.0
VND002499,2024-12-29,P013,Moveis Comerciais,Mesas,V008,3,3705.0,6600.0,11337.3,30,4737.299999999999
VND002500,2024-12-29,P004,Moveis Domesticos,Dormitorio,V005,1,3007.0,1850.0,3307.7,0,1457.6999999999998
VND002501,2024-12-29,P006,Moveis Domesticos,Estofados,V001,3,980.0,1560.0,3175.2,15,1615.1999999999998
VND002502,2024-12-29,P011,Moveis Comerciais,Atendimento,V005,1,3104.0,1850.0,3414.4,0,1564.4
VND002503,2024-12-29,P010,Moveis Comerciais,Armazenagem,V004,1,2376.5,1400.0,2138.85,30,738.8499999999999
VND002504,2024-12-29,P001,Moveis Domesticos,Estofados,V004,2,1757.5,2200.0,3163.5,15,963.5
VND002505,2024-12-29,P017,Servicos sob Demanda,Consultoria,V008,1,2800.0,900.0,2856.0,15,1956.0
VND002506,2024-12-29,P010,Moveis Comerciais,Armazenagem,V005,1,2327.5,1400.0,2560.25,7,1160.25
VND002507,2024-12-30,P008,Moveis Comerciais,Cadeiras,V001,2,1150.0,1280.0,2484.0,45,1204.0
VND002508,2024-12-30,P016,Servicos sob Demanda,Projetos,V006,2,12500.0,10400.0,24250.0,0,13850.0
VND002509,2024-12-30,P001,Moveis Domesticos,Estofados,V005,1,1794.5,1100.0,1973.95,15,873.95
VND002510,2024-12-30,P008,Moveis Comerciais,Cadeiras,V004,1,1150.0,640.0,1035.0,15,395.0
VND002511,2024-12-30,P013,Moveis Comerciais,Mesas,V007,3,3900.0,6600.0,12402.0,7,5802.0
VND002512,2024-12-30,P003,Moveis Domesticos,Dormitorio,V008,2,2470.0,3000.0,5038.8,15,2038.8000000000002
VND002513,2024-12-31,P010,Moveis Comerciais,Armazenagem,V001,5,2254.0,7000.0,12171.6,15,5171.6
VND002514,2024-12-31,P008,Moveis Comerciais,Cadeiras,V004,2,1150.0,1280.0,2070.0,60,790.0
VND002515,2024-12-31,P017,Servicos sob Demanda,Consultoria,V004,2,2800.0,1800.0,5040.0,30,3240.0
VND002516,2024-12-31,P013,Moveis Comerciais,Mesas,V008,1,3900.0,2200.0,3978.0,60,1778.0
VND002517,2024-12-31,P004,Moveis Domesticos,Dormitorio,V005,1,3007.0,1850.0,3307.7,45,1457.6999999999998
VND002518,2025-01-01,P003,Moveis Domesticos,Dormitorio,V004,2,2622.88,3105.0,4721.18,7,1616.1800000000003
VND002519,2025-01-01,P015,Servicos sob Demanda,Projetos,V005,2,8840.0,7245.0,19448.0,7,12203.0
VND002520,2025-01-02,P013,Moveis Comerciais,Mesas,V008,1,3853.2,2277.0,3930.26,60,1653.2600000000002
VND002521,2025-01-02,P015,Servicos sob Demanda,Projetos,V004,3,8132.8,10867.5,21958.56,60,11091.060000000001
VND002522,2025-01-02,P012,Moveis Comerciais,Estacoes,V005,1,4992.0,2949.75,5491.2,7,2541.45
VND002523,2025-01-02,P011,Moveis Comerciais,Atendimento,V006,1,3328.0,1914.75,3228.16,7,1313.4099999999999
VND002524,2025-01-02,P002,Moveis Domesticos,Mesas,V006,1,2219.36,1293.75,2152.78,30,859.0300000000002
VND002525,2025-01-02,P015,Servicos sob Demanda,Projetos,V005,1,8398.0,3622.5,9237.8,15,5615.299999999999
VND002526,2025-01-02,P015,Servicos sob Demanda,Projetos,V008,3,8840.0,10867.5,27050.4,45,16182.900000000001
VND002527,2025-01-02,P015,Servicos sob Demanda,Projetos,V008,1,8840.0,3622.5,9016.8,60,5394.299999999999
VND002528,2025-01-02,P006,Moveis Domesticos,Estofados,V005,4,988.62,2152.8,4349.93,45,2197.13
VND002529,2025-01-02,P017,Servicos sob Demanda,Consultoria,V002,1,2824.64,931.5,2683.41,7,1751.9099999999999
VND002530,2025-01-02,P018,Servicos sob Demanda,Projetos,V006,1,7072.0,2691.0,6859.84,0,4168.84
VND002531,2025-01-02,P008,Moveis Comerciais,Cadeiras,V006,3,1100.32,1987.2,3201.93,7,1214.7299999999998
VND002532,2025-01-02,P016,Servicos sob Demanda,Projetos,V005,1,13000.0,5382.0,14300.0,30,8918.0
VND002533,2025-01-03,P003,Moveis Domesticos,Dormitorio,V005,1,2704.0,1552.5,2974.4,45,1421.9
VND002534,2025-01-03,P012,Moveis Comerciais,Estacoes,V007,1,4742.4,2949.75,5026.94,15,2077.1899999999996
VND002535,2025-01-03,P012,Moveis Comerciais,Estacoes,V007,1,4842.24,2949.75,5132.77,7,2183.0200000000004
VND002536,2025-01-03,P011,Moveis Comerciais,Atendimento,V008,2,3228.16,3829.5,6585.45,45,2755.95
VND002537,2025-01-03,P007,Moveis Domesticos,Escritorio,V007,1,1291.68,786.6,1369.18,30,582.58
VND002538,2025-01-03,P018,Servicos sob Demanda,Projetos,V008,2,7072.0,5382.0,14426.88,45,9044.88
VND002539,2025-01-04,P004,Moveis Domesticos,Dormitorio,V008,2,3224.0,3829.5,6576.96,0,2747.46
VND002540,2025-01-04,P006,Moveis Domesticos,Estofados,V006,1,988.62,538.2,958.96,0,420.76
VND002541,2025-01-04,P007,Moveis Domesticos,Escritorio,V002,5,1404.0,3933.0,6669.0,7,2736.0
VND002542,2025-01-04,P002,Moveis Domesticos,Mesas,V001,2,2288.0,2587.5,4942.08,30,2354.58
VND002543,2025-01-04,P003,Moveis Domesticos,Dormitorio,V007,2,2704.0,3105.0,5732.48,30,2627.4799999999996
VND002544,2025-01-04,P009,Moveis Comerciais,Mesas,V008,1,1820.0,1014.3,1856.4,15,842.1000000000001
VND002545,2025-01-04,P018,Servicos sob Demanda,Projetos,V002,1,7072.0,2691.0,6718.4,15,4027.3999999999996
VND002546,2025-01-05,P011,Moveis Comerciais,Atendimento,V008,1,3328.0,1914.75,3394.56,15,1479.81
VND002547,2025-01-05,P008,Moveis Comerciais,Cadeiras,V003,2,1100.32,1324.8,2266.66,45,941.8599999999999
VND002548,2025-01-05,P012,Moveis Comerciais,Estacoes,V004,2,4992.0,5899.5,8985.6,60,3086.1000000000004
VND002549,2025-01-05,P011,Moveis Comerciais,Atendimento,V001,6,3328.0,11488.5,21565.44,15,10076.939999999999
VND002550,2025-01-05,P014,Servicos sob Demanda,Projetos,V001,2,5245.76,4347.0,11330.84,45,6983.84
VND002551,2025-01-05,P010,Moveis Comerciais,Armazenagem,V001,1,2548.0,1449.0,2751.84,30,1302.8400000000001
VND002552,2025-01-05,P014,Servicos sob Demanda,Projetos,V005,1,5408.0,2173.5,5948.8,15,3775.3
VND002553,2025-01-05,P005,Moveis Domesticos,Sala,V008,1,1300.0,745.2,1326.0,0,580.8
VND002554,2025-01-05,P014,Servicos sob Demanda,Projetos,V007,1,5408.0,2173.5,5732.48,0,3558.9799999999996
VND002555,2025-01-05,P005,Moveis Domesticos,Sala,V001,2,1300.0,1490.4,2808.0,45,1317.6
VND002556,2025-01-06,P010,Moveis Comerciais,Armazenagem,V002,1,2420.6,1449.0,2299.57,15,850.5700000000002
VND002557,2025-01-06,P013,Moveis Comerciais,Mesas,V008,1,4056.0,2277.0,4137.12,30,1860.12
VND002558,2025-01-06,P001,Moveis Domesticos,Estofados,V001,2,1866.28,2277.0,4031.16,30,1754.1599999999999
VND002559,2025-01-06,P010,Moveis Comerciais,Armazenagem,V007,2,2548.0,2898.0,5401.76,15,2503.76
VND002560,2025-01-06,P007,Moveis Domesticos,Escritorio,V001,1,1333.8,786.6,1440.5,30,653.9
VND002561,2025-01-06,P009,Moveis Comerciais,Mesas,V002,2,1820.0,2028.6,3458.0,7,1429.4
VND002562,2025-01-06,P015,Servicos sob Demanda,Projetos,V005,1,8574.8,3622.5,9432.28,15,5809.780000000001
VND002563,2025-01-07,P001,Moveis Domesticos,Estofados,V008,1,1924.0,1138.5,1962.48,7,823.98
VND002564,2025-01-07,P005,Moveis Domesticos,Sala,V002,1,1300.0,745.2,1235.0,0,489.79999999999995
VND002565,2025-01-07,P005,Moveis Domesticos,Sala,V003,3,1300.0,2235.6,4017.0,0,1781.4
VND002566,2025-01-07,P015,Servicos sob Demanda,Projetos,V007,1,8132.8,3622.5,8620.77,15,4998.27
VND002567,2025-01-07,P018,Servicos sob Demanda,Projetos,V001,2,6718.4,5382.0,14511.74,30,9129.74
VND002568,2025-01-07,P002,Moveis Domesticos,Mesas,V002,1,2219.36,1293.75,2108.39,30,814.6399999999999
VND002569,2025-01-07,P012,Moveis Comerciais,Estacoes,V007,1,4992.0,2949.75,5291.52,7,2341.7700000000004
VND002570,2025-01-07,P005,Moveis Domesticos,Sala,V002,1,1300.0,745.2,1235.0,30,489.79999999999995
VND002571,2025-01-07,P001,Moveis Domesticos,Estofados,V006,2,1827.8,2277.0,3545.93,45,1268.9299999999998
VND002572,2025-01-07,P007,Moveis Domesticos,Escritorio,V005,2,1361.88,1573.2,2996.14,7,1422.9399999999998
VND002573,2025-01-08,P005,Moveis Domesticos,Sala,V008,3,1235.0,2235.6,3779.1,30,1543.5
VND002574,2025-01-08,P012,Moveis Comerciais,Estacoes,V002,1,4742.4,2949.75,4505.28,0,1555.5299999999997
VND002575,2025-01-08,P005,Moveis Domesticos,Sala,V008,2,1300.0,1490.4,2652.0,0,1161.6
VND002576,2025-01-08,P001,Moveis Domesticos,Estofados,V003,1,1924.0,1138.5,1981.72,30,843.22
VND002577,2025-01-08,P009,Moveis Comerciais,Mesas,V005,1,1765.4,1014.3,1941.94,15,927.6400000000001
VND002578,2025-01-08,P018,Servicos sob Demanda,Projetos,V002,1,7072.0,2691.0,6718.4,30,4027.3999999999996
VND002579,2025-01-09,P007,Moveis Domesticos,Escritorio,V002,2,1404.0,1573.2,2667.6,30,1094.3999999999999
VND002580,2025-01-09,P009,Moveis Comerciais,Mesas,V003,2,1729.0,2028.6,3561.74,45,1533.1399999999999
VND002581,2025-01-09,P002,Moveis Domesticos,Mesas,V007,1,2104.96,1293.75,2231.26,45,937.5100000000002
VND002582,2025-01-09,P008,Moveis Comerciais,Cadeiras,V003,2,1136.2,1324.8,2340.57,15,1015.7700000000002
VND002583,2025-01-09,P002,Moveis Domesticos,Mesas,V005,1,2288.0,1293.75,2516.8,15,1223.0500000000002
VND002584,2025-01-10,P001,Moveis Domesticos,Estofados,V006,1,1866.28,1138.5,1810.29,45,671.79
VND002585,2025-01-10,P002,Moveis Domesticos,Mesas,V003,1,2219.36,1293.75,2285.94,30,992.19
VND002586,2025-01-10,P002,Moveis Domesticos,Mesas,V004,4,2219.36,5175.0,7989.7,30,2814.7
VND002587,2025-01-10,P009,Moveis Comerciais,Mesas,V001,2,1674.4,2028.6,3616.7,0,1588.1
VND002588,2025-01-10,P018,Servicos sob Demanda,Projetos,V002,1,7072.0,2691.0,6718.4,30,4027.3999999999996
VND002589,2025-01-10,P014,Servicos sob Demanda,Projetos,V008,1,5245.76,2173.5,5350.68,15,3177.1800000000003
VND002590,2025-01-11,P006,Moveis Domesticos,Estofados,V001,1,968.24,538.2,1045.7,15,507.5
VND002591,2025-01-11,P004,Moveis Domesticos,Dormitorio,V004,1,3062.8,1914.75,2756.52,15,841.77
VND002592,2025-01-11,P013,Moveis Comerciais,Mesas,V004,3,3731.52,6831.0,10075.1,30,3244.1000000000004
VND002593,2025-01-11,P011,Moveis Comerciais,Atendimento,V003,1,3228.16,1914.75,3325.0,15,1410.25
VND002594,2025-01-11,P011,Moveis Comerciais,Atendimento,V003,3,3228.16,5744.25,9975.01,0,4230.76
VND002595,2025-01-11,P005,Moveis Domesticos,Sala,V005,1,1196.0,745.2,1315.6,30,570.3999999999999
VND002596,2025-01-11,P002,Moveis Domesticos,Mesas,V003,3,2173.6,3881.25,6716.42,30,2835.17
VND002597,2025-01-11,P002,Moveis Domesticos,Mesas,V006,3,2288.0,3881.25,6658.08,30,2776.83
VND002598,2025-01-11,P008,Moveis Comerciais,Cadeiras,V008,2,1136.2,1324.8,2317.85,30,993.05
VND002599,2025-01-11,P018,Servicos sob Demanda,Projetos,V006,1,7072.0,2691.0,6859.84,60,4168.84
VND002600,2025-01-11,P002,Moveis Domesticos,Mesas,V001,1,2288.0,1293.75,2471.04,7,1177.29
VND002601,2025-01-12,P001,Moveis Domesticos,Estofados,V008,2,1924.0,2277.0,3924.96,30,1647.96
VND002602,2025-01-12,P012,Moveis Comerciais,Estacoes,V006,3,4742.4,8849.25,13800.38,15,4951.129999999999
VND002603,2025-01-12,P011,Moveis Comerciais,Atendimento,V001,2,3228.16,3829.5,6972.83,45,3143.33
VND002604,2025-01-12,P010,Moveis Comerciais,Armazenagem,V007,1,2420.6,1449.0,2565.84,15,1116.8400000000001
VND002605,2025-01-12,P012,Moveis Comerciais,Estacoes,V007,1,4842.24,2949.75,5132.77,30,2183.0200000000004
VND002606,2025-01-12,P004,Moveis Domesticos,Dormitorio,V005,3,3224.0,5744.25,10639.2,30,4894.950000000001
VND002607,2025-01-13,P004,Moveis Domesticos,Dormitorio,V005,2,3224.0,3829.5,7092.8,0,3263.3
VND002608,2025-01-13,P001,Moveis Domesticos,Estofados,V001,1,1924.0,1138.5,2077.92,7,939.4200000000001
VND002609,2025-01-13,P001,Moveis Domesticos,Estofados,V002,1,1924.0,1138.5,1827.8,0,689.3
VND002610,2025-01-13,P006,Moveis Domesticos,Estofados,V003,2,988.62,1076.4,2036.56,15,960.1599999999999
VND002611,2025-01-13,P001,Moveis Domesticos,Estofados,V006,5,1924.0,5692.5,9331.4,30,3638.8999999999996
VND002612,2025-01-13,P005,Moveis Domesticos,Sala,V008,1,1261.0,745.2,1286.22,30,541.02
VND002613,2025-01-13,P014,Servicos sob Demanda,Projetos,V002,1,5137.6,2173.5,4880.72,30,2707.2200000000003
VND002614,2025-01-14,P012,Moveis Comerciais,Estacoes,V001,1,4742.4,2949.75,5121.79,45,2172.04
VND002615,2025-01-14,P013,Moveis Comerciais,Mesas,V007,3,4056.0,6831.0,12898.08,7,6067.08
VND002616,2025-01-14,P009,Moveis Comerciais,Mesas,V006,1,1729.0,1014.3,1677.13,0,662.8300000000002
VND002617,2025-01-14,P003,Moveis Domesticos,Dormitorio,V005,3,2568.8,4657.5,8477.04,45,3819.540000000001
VND002618,2025-01-14,P001,Moveis Domesticos,Estofados,V005,1,1866.28,1138.5,2052.91,0,914.4099999999999
VND002619,2025-01-14,P008,Moveis Comerciais,Cadeiras,V007,2,1196.0,1324.8,2535.52,30,1210.72
VND002620,2025-01-15,P002,Moveis Domesticos,Mesas,V007,4,2219.36,5175.0,9410.09,60,4235.09
VND002621,2025-01-15,P004,Moveis Domesticos,Dormitorio,V008,1,3062.8,1914.75,3124.06,0,1209.31
VND002622,2025-01-15,P004,Moveis Domesticos,Dormitorio,V005,1,3127.28,1914.75,3440.01,15,1525.2600000000002
VND002623,2025-01-15,P013,Moveis Comerciais,Mesas,V007,1,4056.0,2277.0,4299.36,30,2022.3599999999997
VND002624,2025-01-15,P011,Moveis Comerciais,Atendimento,V004,2,3328.0,3829.5,5990.4,30,2160.8999999999996
VND002625,2025-01-15,P004,Moveis Domesticos,Dormitorio,V007,3,3224.0,5744.25,10252.32,30,4508.07
VND002626,2025-01-15,P015,Servicos sob Demanda,Projetos,V005,1,8840.0,3622.5,9724.0,0,6101.5
VND002627,2025-01-16,P015,Servicos sob Demanda,Projetos,V002,2,8840.0,7245.0,16796.0,15,9551.0
VND002628,2025-01-16,P001,Moveis Domesticos,Estofados,V006,1,1924.0,1138.5,1866.28,60,727.78
VND002629,2025-01-16,P007,Moveis Domesticos,Escritorio,V003,2,1404.0,1573.2,2892.24,15,1319.0399999999997
VND002630,2025-01-16,P015,Servicos sob Demanda,Projetos,V003,1,8840.0,3622.5,9105.2,30,5482.700000000001
VND002631,2025-01-16,P008,Moveis Comerciais,Cadeiras,V001,1,1196.0,662.4,1291.68,0,629.2800000000001
VND002632,2025-01-16,P012,Moveis Comerciais,Estacoes,V005,1,4842.24,2949.75,5326.46,7,2376.71
VND002633,2025-01-16,P015,Servicos sob Demanda,Projetos,V008,3,8840.0,10867.5,27050.4,30,16182.900000000001
VND002634,2025-01-16,P006,Moveis Domesticos,Estofados,V005,1,1019.2,538.2,1121.12,0,582.9199999999998
VND002635,2025-01-16,P005,Moveis Domesticos,Sala,V007,2,1300.0,1490.4,2756.0,0,1265.6
VND002636,2025-01-16,P011,Moveis Comerciais,Atendimento,V003,1,3061.76,1914.75,3153.61,45,1238.8600000000001
VND002637,2025-01-16,P008,Moveis Comerciais,Cadeiras,V007,3,1100.32,1987.2,3499.02,15,1511.82
VND002638,2025-01-17,P005,Moveis Domesticos,Sala,V002,2,1300.0,1490.4,2470.0,45,979.5999999999999
VND002639,2025-01-17,P009,Moveis Comerciais,Mesas,V005,3,1765.4,3042.9,5825.82,30,2782.9199999999996
VND002640,2025-01-17,P002,Moveis Domesticos,Mesas,V008,2,2219.36,2587.5,4527.49,45,1939.9899999999998
VND002641,2025-01-17,P008,Moveis Comerciais,Cadeiras,V007,1,1160.12,662.4,1229.73,15,567.33
VND002642,2025-01-18,P008,Moveis Comerciais,Cadeiras,V005,1,1160.12,662.4,1276.13,30,613.7300000000001
VND002643,2025-01-18,P006,Moveis Domesticos,Estofados,V004,1,1019.2,538.2,917.28,45,379.0799999999999
VND002644,2025-01-18,P016,Servicos sob Demanda,Projetos,V004,1,13000.0,5382.0,11700.0,15,6318.0
VND002645,2025-01-18,P010,Moveis Comerciais,Armazenagem,V007,3,2344.16,4347.0,7454.43,45,3107.4300000000003
VND002646,2025-01-18,P011,Moveis Comerciais,Atendimento,V002,1,3061.76,1914.75,2908.67,45,993.9200000000001
VND002647,2025-01-18,P013,Moveis Comerciais,Mesas,V006,1,4056.0,2277.0,3934.32,0,1657.3200000000002
VND002648,2025-01-18,P002,Moveis Domesticos,Mesas,V006,1,2173.6,1293.75,2108.39,30,814.6399999999999
VND002649,2025-01-18,P001,Moveis Domesticos,Estofados,V001,1,1924.0,1138.5,2077.92,15,939.4200000000001
VND002650,2025-01-19,P013,Moveis Comerciais,Mesas,V004,1,3934.32,2277.0,3540.89,45,1263.8899999999999
VND002651,2025-01-19,P002,Moveis Domesticos,Mesas,V006,5,2173.6,6468.75,10541.96,7,4073.209999999999
VND002652,2025-01-19,P015,Servicos sob Demanda,Projetos,V003,2,8840.0,7245.0,18210.4,0,10965.400000000001
VND002653,2025-01-19,P008,Moveis Comerciais,Cadeiras,V006,1,1196.0,662.4,1160.12,45,497.7199999999999
VND002654,2025-01-19,P012,Moveis Comerciais,Estacoes,V008,1,4992.0,2949.75,5091.84,30,2142.09
VND002655,2025-01-19,P001,Moveis Domesticos,Estofados,V006,2,1770.08,2277.0,3433.96,0,1156.96
VND002656,2025-01-19,P003,Moveis Domesticos,Dormitorio,V002,3,2568.8,4657.5,7321.08,30,2663.58
VND002657,2025-01-19,P009,Moveis Comerciais,Mesas,V002,3,1729.0,3042.9,4927.65,60,1884.7499999999995
VND002658,2025-01-20,P008,Moveis Comerciais,Cadeiras,V003,4,1160.12,2649.6,4779.69,45,2130.0899999999997
VND002659,2025-01-20,P007,Moveis Domesticos,Escritorio,V004,1,1361.88,786.6,1225.69,0,439.09000000000003
VND002660,2025-01-20,P002,Moveis Domesticos,Mesas,V003,1,2219.36,1293.75,2285.94,60,992.19
VND002661,2025-01-20,P012,Moveis Comerciais,Estacoes,V006,2,4992.0,5899.5,9684.48,0,3784.9799999999996
VND002662,2025-01-20,P002,Moveis Domesticos,Mesas,V002,1,2288.0,1293.75,2173.6,45,879.8499999999999
VND002663,2025-01-20,P002,Moveis Domesticos,Mesas,V001,2,2288.0,2587.5,4942.08,45,2354.58
VND002664,2025-01-20,P007,Moveis Domesticos,Escritorio,V001,1,1404.0,786.6,1516.32,30,729.7199999999999
VND002665,2025-01-21,P001,Moveis Domesticos,Estofados,V005,3,1827.8,3415.5,6031.74,30,2616.24
VND002666,2025-01-21,P001,Moveis Domesticos,Estofados,V008,1,1866.28,1138.5,1903.61,30,765.1099999999999
VND002667,2025-01-21,P010,Moveis Comerciais,Armazenagem,V005,1,2471.56,1449.0,2718.72,15,1269.7199999999998
VND002668,2025-01-21,P003,Moveis Domesticos,Dormitorio,V005,1,2568.8,1552.5,2825.68,15,1273.1799999999998
VND002669,2025-01-21,P010,Moveis Comerciais,Armazenagem,V007,2,2548.0,2898.0,5401.76,0,2503.76
VND002670,2025-01-21,P014,Servicos sob Demanda,Projetos,V002,5,5408.0,10867.5,25688.0,0,14820.5
VND002671,2025-01-21,P009,Moveis Comerciais,Mesas,V002,2,1729.0,2028.6,3285.1,7,1256.5
VND002672,2025-01-21,P014,Servicos sob Demanda,Projetos,V004,1,5408.0,2173.5,4867.2,30,2693.7
VND002673,2025-01-21,P007,Moveis Domesticos,Escritorio,V001,1,1361.88,786.6,1470.83,0,684.2299999999999
VND002674,2025-01-21,P008,Moveis Comerciais,Cadeiras,V006,1,1196.0,662.4,1160.12,15,497.7199999999999
VND002675,2025-01-22,P001,Moveis Domesticos,Estofados,V007,2,1924.0,2277.0,4078.88,7,1801.88
VND002676,2025-01-22,P012,Moveis Comerciais,Estacoes,V005,1,4992.0,2949.75,5491.2,30,2541.45
VND002677,2025-01-22,P008,Moveis Comerciais,Cadeiras,V006,1,1136.2,662.4,1102.11,0,439.7099999999999
VND002678,2025-01-22,P011,Moveis Comerciais,Atendimento,V005,1,3228.16,1914.75,3550.98,15,1636.23
VND002679,2025-01-22,P008,Moveis Comerciais,Cadeiras,V001,1,1196.0,662.4,1291.68,15,629.2800000000001
VND002680,2025-01-22,P009,Moveis Comerciais,Mesas,V001,1,1820.0,1014.3,1965.6,30,951.3
VND002681,2025-01-22,P008,Moveis Comerciais,Cadeiras,V001,1,1196.0,662.4,1291.68,30,629.2800000000001
VND002682,2025-01-22,P008,Moveis Comerciais,Cadeiras,V003,1,1196.0,662.4,1231.88,30,569.4800000000001
VND002683,2025-01-22,P005,Moveis Domesticos,Sala,V006,1,1300.0,745.2,1261.0,60,515.8
VND002684,2025-01-22,P001,Moveis Domesticos,Estofados,V002,1,1827.8,1138.5,1736.41,0,597.9100000000001
VND002685,2025-01-22,P004,Moveis Domesticos,Dormitorio,V005,1,3224.0,1914.75,3546.4,30,1631.65
VND002686,2025-01-22,P008,Moveis Comerciais,Cadeiras,V007,1,1136.2,662.4,1204.37,45,541.9699999999999
VND002687,2025-01-22,P001,Moveis Domesticos,Estofados,V008,3,1827.8,3415.5,5593.07,45,2177.5699999999997
VND002688,2025-01-22,P011,Moveis Comerciais,Atendimento,V006,2,3328.0,3829.5,6456.32,45,2626.8199999999997
VND002689,2025-01-23,P002,Moveis Domesticos,Mesas,V005,3,2173.6,3881.25,7172.88,45,3291.63
VND002690,2025-01-23,P011,Moveis Comerciais,Atendimento,V005,1,3161.6,1914.75,3477.76,7,1563.0100000000002
VND002691,2025-01-23,P011,Moveis Comerciais,Atendimento,V004,1,3161.6,1914.75,2845.44,30,930.69
VND002692,2025-01-23,P009,Moveis Comerciais,Mesas,V002,1,1765.4,1014.3,1677.13,45,662.8300000000002
VND002693,2025-01-23,P010,Moveis Comerciais,Armazenagem,V001,5,2548.0,7245.0,13759.2,60,6514.200000000001
VND002694,2025-01-23,P008,Moveis Comerciais,Cadeiras,V007,1,1160.12,662.4,1229.73,30,567.33
VND002695,2025-01-23,P006,Moveis Domesticos,Estofados,V007,2,988.62,1076.4,2095.87,45,1019.4699999999998
VND002696,2025-01-23,P001,Moveis Domesticos,Estofados,V004,3,1924.0,3415.5,5194.8,60,1779.3000000000002
VND002697,2025-01-23,P008,Moveis Comerciais,Cadeiras,V007,5,1196.0,3312.0,6338.8,15,3026.8
VND002698,2025-01-23,P009,Moveis Comerciais,Mesas,V001,1,1820.0,1014.3,1965.6,15,951.3
VND002699,2025-01-24,P010,Moveis Comerciais,Armazenagem,V008,1,2471.56,1449.0,2520.99,45,1071.9899999999998
VND002700,2025-01-24,P011,Moveis Comerciais,Atendimento,V006,2,3328.0,3829.5,6456.32,30,2626.8199999999997
VND002701,2025-01-24,P011,Moveis Comerciais,Atendimento,V001,1,3328.0,1914.75,3594.24,30,1679.4899999999998
VND002702,2025-01-24,P006,Moveis Domesticos,Estofados,V003,1,1019.2,538.2,1049.78,15,511.5799999999999
VND002703,2025-01-24,P008,Moveis Comerciais,Cadeiras,V007,1,1160.12,662.4,1229.73,30,567.33
VND002704,2025-01-24,P005,Moveis Domesticos,Sala,V005,1,1196.0,745.2,1315.6,60,570.3999999999999
VND002705,2025-01-24,P007,Moveis Domesticos,Escritorio,V006,1,1404.0,786.6,1361.88,30,575.2800000000001
VND002706,2025-01-25,P001,Moveis Domesticos,Estofados,V001,1,1866.28,1138.5,2015.58,15,877.0799999999999
VND002707,2025-01-25,P007,Moveis Domesticos,Escritorio,V007,1,1404.0,786.6,1488.24,30,701.64
VND002708,2025-01-26,P015,Servicos sob Demanda,Projetos,V007,1,8840.0,3622.5,9370.4,7,5747.9
VND002709,2025-01-26,P004,Moveis Domesticos,Dormitorio,V005,1,3062.8,1914.75,3369.08,60,1454.33
VND002710,2025-01-26,P015,Servicos sob Demanda,Projetos,V006,3,8840.0,10867.5,25724.4,30,14856.900000000001
VND002711,2025-01-27,P002,Moveis Domesticos,Mesas,V007,1,2288.0,1293.75,2425.28,30,1131.5300000000002
VND002712,2025-01-27,P006,Moveis Domesticos,Estofados,V004,1,937.66,538.2,843.89,0,305.68999999999994
VND002713,2025-01-27,P003,Moveis Domesticos,Dormitorio,V005,4,2568.8,6210.0,11302.72,45,5092.719999999999
VND002714,2025-01-27,P017,Servicos sob Demanda,Consultoria,V002,3,2912.0,2794.5,8299.2,45,5504.700000000001
VND002715,2025-01-27,P010,Moveis Comerciais,Armazenagem,V006,2,2420.6,2898.0,4695.96,7,1797.96
VND002716,2025-01-27,P001,Moveis Domesticos,Estofados,V007,1,1770.08,1138.5,1876.28,0,737.78
VND002717,2025-01-27,P004,Moveis Domesticos,Dormitorio,V002,1,3062.8,1914.75,2909.66,45,994.9099999999999
VND002718,2025-01-28,P017,Servicos sob Demanda,Consultoria,V005,3,2912.0,2794.5,9609.6,60,6815.1
VND002719,2025-01-28,P010,Moveis Comerciais,Armazenagem,V001,1,2420.6,1449.0,2614.25,30,1165.25
VND002720,2025-01-28,P001,Moveis Domesticos,Estofados,V004,3,1924.0,3415.5,5194.8,15,1779.3000000000002
VND002721,2025-01-28,P002,Moveis Domesticos,Mesas,V001,1,2288.0,1293.75,2471.04,15,1177.29
VND002722,2025-01-28,P001,Moveis Domesticos,Estofados,V006,3,1827.8,3415.5,5318.9,30,1903.3999999999996
VND002723,2025-01-28,P008,Moveis Comerciais,Cadeiras,V005,2,1160.12,1324.8,2552.26,45,1227.4600000000003
VND002724,2025-01-28,P002,Moveis Domesticos,Mesas,V007,2,2219.36,2587.5,4705.04,15,2117.54
VND002725,2025-01-28,P005,Moveis Domesticos,Sala,V005,3,1196.0,2235.6,3946.8,15,1711.2000000000003
VND002726,2025-01-28,P002,Moveis Domesticos,Mesas,V008,2,2104.96,2587.5,4294.12,15,1706.62
VND002727,2025-01-29,P001,Moveis Domesticos,Estofados,V008,1,1924.0,1138.5,1962.48,0,823.98
VND002728,2025-01-29,P009,Moveis Comerciais,Mesas,V005,1,1674.4,1014.3,1841.84,60,827.54
VND002729,2025-01-29,P014,Servicos sob Demanda,Projetos,V007,1,5137.6,2173.5,5445.86,30,3272.3599999999997
VND002730,2025-01-29,P015,Servicos sob Demanda,Projetos,V002,3,8840.0,10867.5,25194.0,45,14326.5
VND002731,2025-01-29,P007,Moveis Domesticos,Escritorio,V006,1,1404.0,786.6,1361.88,7,575.2800000000001
VND002732,2025-01-29,P018,Servicos sob Demanda,Projetos,V008,1,7072.0,2691.0,7213.44,45,4522.44
VND002733,2025-01-29,P007,Moveis Domesticos,Escritorio,V003,1,1404.0,786.6,1446.12,30,659.5199999999999
VND002734,2025-01-29,P008,Moveis Comerciais,Cadeiras,V007,1,1136.2,662.4,1204.37,0,541.9699999999999
VND002735,2025-01-30,P018,Servicos sob Demanda,Projetos,V006,1,6718.4,2691.0,6516.85,45,3825.8500000000004
VND002736,2025-01-30,P016,Servicos sob Demanda,Projetos,V002,1,12610.0,5382.0,11979.5,60,6597.5
VND002737,2025-01-30,P017,Servicos sob Demanda,Consultoria,V008,2,2912.0,1863.0,5940.48,15,4077.4799999999996
VND002738,2025-01-30,P005,Moveis Domesticos,Sala,V006,2,1300.0,1490.4,2522.0,0,1031.6
VND002739,2025-01-30,P002,Moveis Domesticos,Mesas,V003,2,2104.96,2587.5,4336.22,15,1748.7200000000003
VND002740,2025-01-30,P013,Moveis Comerciais,Mesas,V001,1,3853.2,2277.0,4161.46,30,1884.46
VND002741,2025-01-30,P010,Moveis Comerciais,Armazenagem,V001,1,2471.56,1449.0,2669.28,60,1220.2800000000002
VND002742,2025-01-30,P015,Servicos sob Demanda,Projetos,V006,2,8574.8,7245.0,16635.11,0,9390.11
VND002743,2025-01-30,P011,Moveis Comerciais,Atendimento,V004,2,3161.6,3829.5,5690.88,30,1861.38
VND002744,2025-01-30,P009,Moveis Comerciais,Mesas,V005,1,1729.0,1014.3,1901.9,0,887.6000000000001
VND002745,2025-01-30,P009,Moveis Comerciais,Mesas,V004,1,1820.0,1014.3,1638.0,0,623.7
VND002746,2025-01-31,P007,Moveis Domesticos,Escritorio,V002,1,1361.88,786.6,1293.79,60,507.18999999999994
VND002747,2025-01-31,P003,Moveis Domesticos,Dormitorio,V004,7,2568.8,10867.5,16183.44,0,5315.9400000000005
VND002748,2025-01-31,P005,Moveis Domesticos,Sala,V006,1,1300.0,745.2,1261.0,0,515.8
VND002749,2025-01-31,P004,Moveis Domesticos,Dormitorio,V002,1,3224.0,1914.75,3062.8,15,1148.0500000000002
VND002750,2025-01-31,P007,Moveis Domesticos,Escritorio,V002,1,1291.68,786.6,1227.1,15,440.4999999999999
VND002751,2025-02-01,P009,Moveis Comerciais,Mesas,V008,2,1820.0,2028.6,3712.8,45,1684.2000000000003
VND002752,2025-02-01,P008,Moveis Comerciais,Cadeiras,V002,1,1196.0,662.4,1136.2,45,473.80000000000007
VND002753,2025-02-01,P006,Moveis Domesticos,Estofados,V006,1,988.62,538.2,958.96,45,420.76
VND002754,2025-02-01,P002,Moveis Domesticos,Mesas,V006,1,2288.0,1293.75,2219.36,30,925.6100000000001
VND002755,2025-02-01,P017,Servicos sob Demanda,Consultoria,V002,2,2679.04,1863.0,5090.18,0,3227.1800000000003
VND002756,2025-02-01,P013,Moveis Comerciais,Mesas,V004,3,3934.32,6831.0,10622.66,7,3791.66
VND002757,2025-02-01,P007,Moveis Domesticos,Escritorio,V006,1,1404.0,786.6,1361.88,45,575.2800000000001
VND002758,2025-02-01,P005,Moveis Domesticos,Sala,V006,1,1300.0,745.2,1261.0,7,515.8
VND002759,2025-02-01,P009,Moveis Comerciais,Mesas,V003,3,1820.0,3042.9,5623.8,0,2580.9
VND002760,2025-02-01,P007,Moveis Domesticos,Escritorio,V003,2,1404.0,1573.2,2892.24,15,1319.0399999999997
VND002761,2025-02-01,P017,Servicos sob Demanda,Consultoria,V002,1,2912.0,931.5,2766.4,15,1834.9
VND002762,2025-02-02,P015,Servicos sob Demanda,Projetos,V002,1,8840.0,3622.5,8398.0,0,4775.5
VND002763,2025-02-02,P007,Moveis Domesticos,Escritorio,V003,1,1404.0,786.6,1446.12,60,659.5199999999999
VND002764,2025-02-02,P011,Moveis Comerciais,Atendimento,V006,2,3228.16,3829.5,6262.63,0,2433.13
VND002765,2025-02-02,P001,Moveis Domesticos,Estofados,V006,1,1866.28,1138.5,1810.29,0,671.79
VND002766,2025-02-02,P006,Moveis Domesticos,Estofados,V006,3,968.24,1614.6,2817.58,15,1202.98
VND002767,2025-02-02,P001,Moveis Domesticos,Estofados,V006,1,1924.0,1138.5,1866.28,45,727.78
VND002768,2025-02-02,P016,Servicos sob Demanda,Projetos,V003,2,12350.0,10764.0,25441.0,15,14677.0
VND002769,2025-02-02,P006,Moveis Domesticos,Estofados,V003,1,988.62,538.2,1018.28,0,480.0799999999999
VND002770,2025-02-03,P006,Moveis Domesticos,Estofados,V003,1,1019.2,538.2,1049.78,7,511.5799999999999
VND002771,2025-02-03,P010,Moveis Comerciais,Armazenagem,V004,2,2420.6,2898.0,4357.08,30,1459.08
VND002772,2025-02-03,P003,Moveis Domesticos,Dormitorio,V001,3,2704.0,4657.5,8760.96,30,4103.459999999999
VND002773,2025-02-03,P009,Moveis Comerciais,Mesas,V004,3,1820.0,3042.9,4914.0,15,1871.1
VND002774,2025-02-03,P005,Moveis Domesticos,Sala,V008,1,1300.0,745.2,1326.0,0,580.8
VND002775,2025-02-03,P008,Moveis Comerciais,Cadeiras,V007,1,1196.0,662.4,1267.76,7,605.36
VND002776,2025-02-03,P002,Moveis Domesticos,Mesas,V003,1,2173.6,1293.75,2238.81,30,945.06
VND002777,2025-02-03,P005,Moveis Domesticos,Sala,V007,1,1300.0,745.2,1378.0,60,632.8
VND002778,2025-02-03,P012,Moveis Comerciais,Estacoes,V004,1,4842.24,2949.75,4358.02,60,1408.2700000000004
VND002779,2025-02-03,P001,Moveis Domesticos,Estofados,V002,1,1827.8,1138.5,1736.41,30,597.9100000000001
VND002780,2025-02-04,P010,Moveis Comerciais,Armazenagem,V002,1,2471.56,1449.0,2347.98,15,898.98
VND002781,2025-02-04,P018,Servicos sob Demanda,Projetos,V007,1,6718.4,2691.0,7121.5,7,4430.5
VND002782,2025-02-04,P006,Moveis Domesticos,Estofados,V002,3,1019.2,1614.6,2904.72,45,1290.12
VND002783,2025-02-04,P005,Moveis Domesticos,Sala,V006,2,1300.0,1490.4,2522.0,30,1031.6
VND002784,2025-02-04,P017,Servicos sob Demanda,Consultoria,V007,1,2766.4,931.5,2932.38,45,2000.88
VND002785,2025-02-04,P017,Servicos sob Demanda,Consultoria,V007,2,2912.0,1863.0,6173.44,60,4310.44
VND002786,2025-02-04,P008,Moveis Comerciais,Cadeiras,V008,3,1136.2,1987.2,3476.77,30,1489.57
VND002787,2025-02-05,P001,Moveis Domesticos,Estofados,V003,4,1827.8,4554.0,7530.54,60,2976.54
VND002788,2025-02-05,P009,Moveis Comerciais,Mesas,V002,2,1820.0,2028.6,3458.0,0,1429.4
VND002789,2025-02-05,P012,Moveis Comerciais,Estacoes,V007,2,4842.24,5899.5,10265.55,15,4366.049999999999
VND002790,2025-02-05,P001,Moveis Domesticos,Estofados,V001,1,1924.0,1138.5,2077.92,15,939.4200000000001
VND002791,2025-02-05,P010,Moveis Comerciais,Armazenagem,V005,1,2471.56,1449.0,2718.72,45,1269.7199999999998
VND002792,2025-02-05,P007,Moveis Domesticos,Escritorio,V007,3,1404.0,2359.8,4464.72,7,2104.92
VND002793,2025-02-05,P005,Moveis Domesticos,Sala,V004,2,1261.0,1490.4,2269.8,30,779.4000000000001
VND002794,2025-02-05,P003,Moveis Domesticos,Dormitorio,V008,2,2704.0,3105.0,5516.16,7,2411.16
VND002795,2025-02-05,P014,Servicos sob Demanda,Projetos,V001,1,5137.6,2173.5,5548.61,60,3375.1099999999997
VND002796,2025-02-06,P009,Moveis Comerciais,Mesas,V001,2,1674.4,2028.6,3616.7,60,1588.1
VND002797,2025-02-06,P008,Moveis Comerciais,Cadeiras,V004,1,1196.0,662.4,1076.4,60,414.0000000000001
VND002798,2025-02-06,P007,Moveis Domesticos,Escritorio,V006,1,1404.0,786.6,1361.88,15,575.2800000000001
VND002799,2025-02-06,P018,Servicos sob Demanda,Projetos,V001,1,7072.0,2691.0,7637.76,30,4946.76
VND002800,2025-02-06,P010,Moveis Comerciais,Armazenagem,V001,1,2548.0,1449.0,2751.84,60,1302.8400000000001
VND002801,2025-02-06,P014,Servicos sob Demanda,Projetos,V005,3,4975.36,6520.5,16418.69,7,9898.189999999999
VND002802,2025-02-07,P010,Moveis Comerciais,Armazenagem,V001,1,2471.56,1449.0,2669.28,7,1220.2800000000002
VND002803,2025-02-07,P016,Servicos sob Demanda,Projetos,V002,3,13000.0,16146.0,37050.0,15,20904.0
VND002804,2025-02-07,P011,Moveis Comerciais,Atendimento,V006,1,3228.16,1914.75,3131.32,30,1216.5700000000002
VND002805,2025-02-07,P008,Moveis Comerciais,Cadeiras,V004,2,1160.12,1324.8,2088.22,15,763.4199999999998
VND002806,2025-02-07,P008,Moveis Comerciais,Cadeiras,V005,1,1160.12,662.4,1276.13,7,613.7300000000001
VND002807,2025-02-07,P015,Servicos sob Demanda,Projetos,V002,4,8398.0,14490.0,31912.4,0,17422.4
VND002808,2025-02-08,P015,Servicos sob Demanda,Projetos,V008,1,8840.0,3622.5,9016.8,7,5394.299999999999
VND002809,2025-02-08,P007,Moveis Domesticos,Escritorio,V003,2,1333.8,1573.2,2747.63,7,1174.43
VND002810,2025-02-08,P001,Moveis Domesticos,Estofados,V007,2,1924.0,2277.0,4078.88,30,1801.88
VND002811,2025-02-08,P004,Moveis Domesticos,Dormitorio,V003,1,3127.28,1914.75,3221.1,7,1306.35
VND002812,2025-02-08,P011,Moveis Comerciais,Atendimento,V007,1,3328.0,1914.75,3527.68,0,1612.9299999999998
VND002813,2025-02-08,P005,Moveis Domesticos,Sala,V008,1,1196.0,745.2,1219.92,15,474.72
VND002814,2025-02-08,P009,Moveis Comerciais,Mesas,V001,1,1820.0,1014.3,1965.6,30,951.3
VND002815,2025-02-09,P016,Servicos sob Demanda,Projetos,V007,4,13000.0,21528.0,55120.0,15,33592.0
VND002816,2025-02-09,P009,Moveis Comerciais,Mesas,V001,2,1820.0,2028.6,3931.2,7,1902.6
VND002817,2025-02-09,P018,Servicos sob Demanda,Projetos,V008,1,7072.0,2691.0,7213.44,7,4522.44
VND002818,2025-02-09,P010,Moveis Comerciais,Armazenagem,V008,1,2548.0,1449.0,2598.96,30,1149.96
VND002819,2025-02-09,P010,Moveis Comerciais,Armazenagem,V003,1,2344.16,1449.0,2414.48,60,965.48
VND002820,2025-02-10,P003,Moveis Domesticos,Dormitorio,V005,1,2568.8,1552.5,2825.68,7,1273.1799999999998
VND002821,2025-02-10,P002,Moveis Domesticos,Mesas,V003,1,2104.96,1293.75,2168.11,60,874.3600000000001
VND002822,2025-02-10,P011,Moveis Comerciais,Atendimento,V003,2,3228.16,3829.5,6650.01,0,2820.51
VND002823,2025-02-10,P016,Servicos sob Demanda,Projetos,V003,1,13000.0,5382.0,13390.0,15,8008.0
VND002824,2025-02-10,P006,Moveis Domesticos,Estofados,V006,1,1019.2,538.2,988.62,0,450.41999999999996
VND002825,2025-02-10,P015,Servicos sob Demanda,Projetos,V007,2,8398.0,7245.0,17803.76,7,10558.759999999998
VND002826,2025-02-11,P011,Moveis Comerciais,Atendimento,V008,1,3161.6,1914.75,3224.83,7,1310.08
VND002827,2025-02-11,P001,Moveis Domesticos,Estofados,V007,1,1866.28,1138.5,1978.26,7,839.76
VND002828,2025-02-11,P001,Moveis Domesticos,Estofados,V004,2,1827.8,2277.0,3290.04,30,1013.04
VND002829,2025-02-12,P012,Moveis Comerciais,Estacoes,V001,2,4992.0,5899.5,10782.72,45,4883.219999999999
VND002830,2025-02-12,P008,Moveis Comerciais,Cadeiras,V004,1,1196.0,662.4,1076.4,30,414.0000000000001
VND002831,2025-02-12,P006,Moveis Domesticos,Estofados,V007,3,988.62,1614.6,3143.81,30,1529.21
VND002832,2025-02-12,P013,Moveis Comerciais,Mesas,V008,2,3853.2,4554.0,7860.53,45,3306.5299999999997
VND002833,2025-02-12,P016,Servicos sob Demanda,Projetos,V008,1,12350.0,5382.0,12597.0,15,7215.0
VND002834,2025-02-12,P011,Moveis Comerciais,Atendimento,V001,1,3228.16,1914.75,3486.41,30,1571.6599999999999
VND002835,2025-02-12,P009,Moveis Comerciais,Mesas,V003,2,1820.0,2028.6,3749.2,30,1720.6
VND002836,2025-02-12,P005,Moveis Domesticos,Sala,V005,1,1196.0,745.2,1315.6,45,570.3999999999999
VND002837,2025-02-12,P009,Moveis Comerciais,Mesas,V008,3,1765.4,3042.9,5402.12,30,2359.22
VND002838,2025-02-13,P013,Moveis Comerciais,Mesas,V008,4,3853.2,9108.0,15721.06,7,6613.0599999999995
VND002839,2025-02-13,P006,Moveis Domesticos,Estofados,V006,1,968.24,538.2,939.19,30,400.99
VND002840,2025-02-13,P004,Moveis Domesticos,Dormitorio,V006,4,3062.8,7659.0,11883.66,0,4224.66
VND002841,2025-02-13,P002,Moveis Domesticos,Mesas,V001,2,2288.0,2587.5,4942.08,0,2354.58
VND002842,2025-02-13,P007,Moveis Domesticos,Escritorio,V005,2,1404.0,1573.2,3088.8,0,1515.6000000000001
VND002843,2025-02-13,P002,Moveis Domesticos,Mesas,V001,2,2104.96,2587.5,4546.71,0,1959.21
VND002844,2025-02-13,P004,Moveis Domesticos,Dormitorio,V007,3,3062.8,5744.25,9739.7,0,3995.4500000000007
VND002845,2025-02-13,P005,Moveis Domesticos,Sala,V003,2,1300.0,1490.4,2678.0,0,1187.6
VND002846,2025-02-14,P008,Moveis Comerciais,Cadeiras,V007,1,1160.12,662.4,1229.73,15,567.33
VND002847,2025-02-14,P014,Servicos sob Demanda,Projetos,V005,3,5245.76,6520.5,17311.01,0,10790.509999999998
VND002848,2025-02-14,P001,Moveis Domesticos,Estofados,V004,1,1770.08,1138.5,1593.07,60,454.56999999999994
VND002849,2025-02-14,P002,Moveis Domesticos,Mesas,V008,5,2288.0,6468.75,11668.8,60,5200.049999999999
VND002850,2025-02-15,P006,Moveis Domesticos,Estofados,V002,3,988.62,1614.6,2817.57,0,1202.9700000000003
VND002851,2025-02-15,P004,Moveis Domesticos,Dormitorio,V005,5,3127.28,9573.75,17200.04,45,7626.290000000001
VND002852,2025-02-15,P002,Moveis Domesticos,Mesas,V007,1,2288.0,1293.75,2425.28,0,1131.5300000000002
VND002853,2025-02-16,P013,Moveis Comerciais,Mesas,V005,1,3853.2,2277.0,4238.52,30,1961.5200000000004
VND002854,2025-02-16,P018,Servicos sob Demanda,Projetos,V008,1,6718.4,2691.0,6852.77,15,4161.77
VND002855,2025-02-16,P005,Moveis Domesticos,Sala,V008,1,1300.0,745.2,1326.0,0,580.8
VND002856,2025-02-16,P018,Servicos sob Demanda,Projetos,V001,2,7072.0,5382.0,15275.52,60,9893.52
VND002857,2025-02-16,P003,Moveis Domesticos,Dormitorio,V003,2,2704.0,3105.0,5570.24,15,2465.24
VND002858,2025-02-17,P007,Moveis Domesticos,Escritorio,V008,2,1333.8,1573.2,2720.95,15,1147.7499999999998
VND002859,2025-02-17,P017,Servicos sob Demanda,Consultoria,V003,1,2912.0,931.5,2999.36,30,2067.86
VND002860,2025-02-17,P014,Servicos sob Demanda,Projetos,V005,1,5245.76,2173.5,5770.34,60,3596.84
VND002861,2025-02-17,P018,Servicos sob Demanda,Projetos,V005,1,6506.24,2691.0,7156.86,30,4465.86
VND002862,2025-02-17,P004,Moveis Domesticos,Dormitorio,V001,1,3224.0,1914.75,3481.92,15,1567.17
VND002863,2025-02-17,P016,Servicos sob Demanda,Projetos,V002,3,13000.0,16146.0,37050.0,15,20904.0
VND002864,2025-02-17,P017,Servicos sob Demanda,Consultoria,V001,1,2766.4,931.5,2987.71,60,2056.21
VND002865,2025-02-17,P005,Moveis Domesticos,Sala,V002,4,1235.0,2980.8,4693.0,45,1712.1999999999998
VND002866,2025-02-18,P015,Servicos sob Demanda,Projetos,V006,2,8398.0,7245.0,16292.12,45,9047.12
VND002867,2025-02-18,P007,Moveis Domesticos,Escritorio,V007,1,1404.0,786.6,1488.24,7,701.64
VND002868,2025-02-18,P015,Servicos sob Demanda,Projetos,V002,2,8840.0,7245.0,16796.0,15,9551.0
VND002869,2025-02-18,P002,Moveis Domesticos,Mesas,V005,6,2173.6,7762.5,14345.76,0,6583.26
VND002870,2025-02-18,P011,Moveis Comerciais,Atendimento,V004,1,3061.76,1914.75,2755.58,0,840.8299999999999
VND002871,2025-02-18,P012,Moveis Comerciais,Estacoes,V001,4,4592.64,11799.0,19840.2,15,8041.200000000001
VND002872,2025-02-18,P010,Moveis Comerciais,Armazenagem,V006,1,2548.0,1449.0,2471.56,15,1022.56
VND002873,2025-02-18,P013,Moveis Comerciais,Mesas,V008,2,3934.32,4554.0,8026.01,0,3472.01
VND002874,2025-02-19,P002,Moveis Domesticos,Mesas,V005,3,2219.36,3881.25,7323.89,45,3442.6400000000003
VND002875,2025-02-19,P005,Moveis Domesticos,Sala,V007,1,1300.0,745.2,1378.0,7,632.8
VND002876,2025-02-19,P015,Servicos sob Demanda,Projetos,V005,1,8132.8,3622.5,8946.08,60,5323.58
VND002877,2025-02-19,P011,Moveis Comerciais,Atendimento,V008,1,3228.16,1914.75,3292.72,15,1377.9699999999998
VND002878,2025-02-19,P013,Moveis Comerciais,Mesas,V002,1,4056.0,2277.0,3853.2,60,1576.1999999999998
VND002879,2025-02-19,P009,Moveis Comerciais,Mesas,V006,1,1820.0,1014.3,1765.4,15,751.1000000000001
VND002880,2025-02-19,P008,Moveis Comerciais,Cadeiras,V004,2,1196.0,1324.8,2152.8,15,828.0000000000002
VND002881,2025-02-19,P015,Servicos sob Demanda,Projetos,V004,1,8574.8,3622.5,7717.32,15,4094.8199999999997
VND002882,2025-02-19,P011,Moveis Comerciais,Atendimento,V005,1,3228.16,1914.75,3550.98,30,1636.23
VND002883,2025-02-19,P009,Moveis Comerciais,Mesas,V004,1,1765.4,1014.3,1588.86,30,574.56
VND002884,2025-02-20,P008,Moveis Comerciais,Cadeiras,V001,2,1196.0,1324.8,2583.36,30,1258.5600000000002
VND002885,2025-02-20,P001,Moveis Domesticos,Estofados,V001,1,1866.28,1138.5,2015.58,0,877.0799999999999
VND002886,2025-02-20,P011,Moveis Comerciais,Atendimento,V002,1,3328.0,1914.75,3161.6,30,1246.85
VND002887,2025-02-20,P001,Moveis Domesticos,Estofados,V003,1,1924.0,1138.5,1981.72,30,843.22
VND002888,2025-02-20,P018,Servicos sob Demanda,Projetos,V003,3,6718.4,8073.0,20759.86,30,12686.86
VND002889,2025-02-20,P010,Moveis Comerciais,Armazenagem,V008,1,2344.16,1449.0,2391.04,30,942.04
VND002890,2025-02-20,P007,Moveis Domesticos,Escritorio,V004,1,1291.68,786.6,1162.51,30,375.90999999999997
VND002891,2025-02-20,P015,Servicos sob Demanda,Projetos,V004,1,8840.0,3622.5,7956.0,15,4333.5
VND002892,2025-02-20,P017,Servicos sob Demanda,Consultoria,V002,2,2824.64,1863.0,5366.82,30,3503.8199999999997
VND002893,2025-02-20,P011,Moveis Comerciais,Atendimento,V008,1,3328.0,1914.75,3394.56,30,1479.81
VND002894,2025-02-20,P017,Servicos sob Demanda,Consultoria,V008,1,2912.0,931.5,2970.24,60,2038.7399999999998
VND002895,2025-02-20,P005,Moveis Domesticos,Sala,V007,1,1300.0,745.2,1378.0,30,632.8
VND002896,2025-02-20,P014,Servicos sob Demanda,Projetos,V002,4,5137.6,8694.0,19522.88,45,10828.880000000001
VND002897,2025-02-21,P017,Servicos sob Demanda,Consultoria,V003,2,2766.4,1863.0,5698.78,0,3835.7799999999997
VND002898,2025-02-21,P010,Moveis Comerciais,Armazenagem,V003,1,2471.56,1449.0,2545.71,7,1096.71
VND002899,2025-02-21,P017,Servicos sob Demanda,Consultoria,V002,4,2824.64,3726.0,10733.63,60,7007.629999999999
VND002900,2025-02-22,P009,Moveis Comerciais,Mesas,V001,3,1820.0,3042.9,5896.8,60,2853.9
VND002901,2025-02-22,P005,Moveis Domesticos,Sala,V006,3,1300.0,2235.6,3783.0,30,1547.4
VND002902,2025-02-22,P008,Moveis Comerciais,Cadeiras,V007,1,1100.32,662.4,1166.34,30,503.93999999999994
VND002903,2025-02-22,P017,Servicos sob Demanda,Consultoria,V003,3,2766.4,2794.5,8548.18,0,5753.68
VND002904,2025-02-22,P017,Servicos sob Demanda,Consultoria,V006,3,2824.64,2794.5,8219.7,45,5425.200000000001
VND002905,2025-02-22,P001,Moveis Domesticos,Estofados,V007,3,1924.0,3415.5,6118.32,7,2702.8199999999997
VND002906,2025-02-23,P013,Moveis Comerciais,Mesas,V004,2,4056.0,4554.0,7300.8,30,2746.8
VND002907,2025-02-23,P011,Moveis Comerciais,Atendimento,V005,2,3228.16,3829.5,7101.95,0,3272.45
VND002908,2025-02-23,P002,Moveis Domesticos,Mesas,V008,1,2104.96,1293.75,2147.06,0,853.31
VND002909,2025-02-23,P003,Moveis Domesticos,Dormitorio,V007,4,2622.88,6210.0,11121.01,15,4911.01
VND002910,2025-02-23,P016,Servicos sob Demanda,Projetos,V005,1,13000.0,5382.0,14300.0,0,8918.0
VND002911,2025-02-23,P016,Servicos sob Demanda,Projetos,V005,2,11960.0,10764.0,26312.0,0,15548.0
VND002912,2025-02-24,P015,Servicos sob Demanda,Projetos,V007,2,8398.0,7245.0,17803.76,30,10558.759999999998
VND002913,2025-02-24,P009,Moveis Comerciais,Mesas,V004,3,1820.0,3042.9,4914.0,60,1871.1
VND002914,2025-02-24,P006,Moveis Domesticos,Estofados,V003,4,1019.2,2152.8,4199.1,30,2046.3000000000002
VND002915,2025-02-24,P002,Moveis Domesticos,Mesas,V005,1,2288.0,1293.75,2516.8,60,1223.0500000000002
VND002916,2025-02-24,P012,Moveis Comerciais,Estacoes,V008,1,4592.64,2949.75,4684.49,30,1734.7399999999998
VND002917,2025-02-24,P018,Servicos sob Demanda,Projetos,V003,1,7072.0,2691.0,7284.16,60,4593.16
VND002918,2025-02-25,P011,Moveis Comerciais,Atendimento,V006,2,3161.6,3829.5,6133.5,45,2304.0
VND002919,2025-02-25,P006,Moveis Domesticos,Estofados,V007,2,1019.2,1076.4,2160.7,0,1084.2999999999997
VND002920,2025-02-25,P011,Moveis Comerciais,Atendimento,V004,4,3328.0,7659.0,11980.8,7,4321.799999999999
VND002921,2025-02-25,P010,Moveis Comerciais,Armazenagem,V001,2,2471.56,2898.0,5338.57,7,2440.5699999999997
VND002922,2025-02-25,P006,Moveis Domesticos,Estofados,V002,4,1019.2,2152.8,3872.96,7,1720.1599999999999
VND002923,2025-02-25,P002,Moveis Domesticos,Mesas,V004,1,2288.0,1293.75,2059.2,0,765.4499999999998
VND002924,2025-02-25,P002,Moveis Domesticos,Mesas,V007,1,2288.0,1293.75,2425.28,7,1131.5300000000002
VND002925,2025-02-25,P001,Moveis Domesticos,Estofados,V003,2,1924.0,2277.0,3963.44,7,1686.44
VND002926,2025-02-25,P009,Moveis Comerciais,Mesas,V004,4,1765.4,4057.2,6355.44,15,2298.24
VND002927,2025-02-26,P006,Moveis Domesticos,Estofados,V008,2,1019.2,1076.4,2079.17,15,1002.77
VND002928,2025-02-26,P009,Moveis Comerciais,Mesas,V007,2,1820.0,2028.6,3858.4,30,1829.8000000000002
VND002929,2025-02-26,P008,Moveis Comerciais,Cadeiras,V006,1,1136.2,662.4,1102.11,0,439.7099999999999
VND002930,2025-02-26,P013,Moveis Comerciais,Mesas,V002,1,3934.32,2277.0,3737.6,0,1460.6
VND002931,2025-02-26,P011,Moveis Comerciais,Atendimento,V006,2,3328.0,3829.5,6456.32,0,2626.8199999999997
VND002932,2025-02-27,P009,Moveis Comerciais,Mesas,V007,2,1820.0,2028.6,3858.4,30,1829.8000000000002
VND002933,2025-02-27,P007,Moveis Domesticos,Escritorio,V004,1,1333.8,786.6,1200.42,45,413.82000000000005
VND002934,2025-02-27,P017,Servicos sob Demanda,Consultoria,V008,2,2679.04,1863.0,5465.24,30,3602.24
VND002935,2025-02-28,P018,Servicos sob Demanda,Projetos,V005,2,7072.0,5382.0,15558.4,0,10176.4
VND002936,2025-02-28,P007,Moveis Domesticos,Escritorio,V008,2,1404.0,1573.2,2864.16,30,1290.9599999999998
VND002937,2025-02-28,P002,Moveis Domesticos,Mesas,V003,3,2288.0,3881.25,7069.92,60,3188.67
VND002938,2025-02-28,P006,Moveis Domesticos,Estofados,V001,1,937.66,538.2,1012.67,45,474.4699999999999
VND002939,2025-02-28,P002,Moveis Domesticos,Mesas,V004,4,2173.6,5175.0,7824.96,15,2649.96
VND002940,2025-02-28,P010,Moveis Comerciais,Armazenagem,V005,1,2471.56,1449.0,2718.72,0,1269.7199999999998
VND002941,2025-02-28,P003,Moveis Domesticos,Dormitorio,V008,1,2568.8,1552.5,2620.18,30,1067.6799999999998
VND002942,2025-02-28,P016,Servicos sob Demanda,Projetos,V003,2,13000.0,10764.0,26780.0,30,16016.0
VND002943,2025-02-28,P013,Moveis Comerciais,Mesas,V008,2,4056.0,4554.0,8274.24,30,3720.24
VND002944,2025-02-28,P012,Moveis Comerciais,Estacoes,V008,3,4742.4,8849.25,14511.74,15,5662.49
VND002945,2025-03-01,P012,Moveis Comerciais,Estacoes,V008,5,4742.4,14748.75,24186.24,0,9437.490000000002
VND002946,2025-03-01,P009,Moveis Comerciais,Mesas,V006,1,1820.0,1014.3,1765.4,30,751.1000000000001
VND002947,2025-03-01,P006,Moveis Domesticos,Estofados,V003,1,968.24,538.2,997.29,15,459.0899999999999
VND002948,2025-03-01,P008,Moveis Comerciais,Cadeiras,V007,1,1196.0,662.4,1267.76,30,605.36
VND002949,2025-03-01,P004,Moveis Domesticos,Dormitorio,V003,2,3224.0,3829.5,6641.44,7,2811.9399999999996
VND002950,2025-03-01,P011,Moveis Comerciais,Atendimento,V007,1,3061.76,1914.75,3245.47,15,1330.7199999999998
VND002951,2025-03-01,P008,Moveis Comerciais,Cadeiras,V007,1,1136.2,662.4,1204.37,0,541.9699999999999
VND002952,2025-03-01,P003,Moveis Domesticos,Dormitorio,V001,2,2568.8,3105.0,5548.61,45,2443.6099999999997
VND002953,2025-03-01,P001,Moveis Domesticos,Estofados,V005,1,1924.0,1138.5,2116.4,45,977.9000000000001
VND002954,2025-03-02,P016,Servicos sob Demanda,Projetos,V001,3,13000.0,16146.0,42120.0,60,25974.0
VND002955,2025-03-02,P007,Moveis Domesticos,Escritorio,V004,2,1404.0,1573.2,2527.2,0,953.9999999999998
VND002956,2025-03-02,P011,Moveis Comerciais,Atendimento,V002,1,3061.76,1914.75,2908.67,15,993.9200000000001
VND002957,2025-03-02,P008,Moveis Comerciais,Cadeiras,V002,1,1160.12,662.4,1102.11,30,439.7099999999999
VND002958,2025-03-02,P009,Moveis Comerciais,Mesas,V003,1,1765.4,1014.3,1818.36,15,804.06
VND002959,2025-03-02,P004,Moveis Domesticos,Dormitorio,V006,1,3224.0,1914.75,3127.28,15,1212.5300000000002
VND002960,2025-03-02,P017,Servicos sob Demanda,Consultoria,V005,3,2912.0,2794.5,9609.6,45,6815.1
VND002961,2025-03-02,P007,Moveis Domesticos,Escritorio,V007,1,1333.8,786.6,1413.83,0,627.2299999999999
VND002962,2025-03-02,P017,Servicos sob Demanda,Consultoria,V005,1,2679.04,931.5,2946.94,15,2015.44
VND002963,2025-03-02,P017,Servicos sob Demanda,Consultoria,V007,3,2912.0,2794.5,9260.16,30,6465.66
VND002964,2025-03-03,P003,Moveis Domesticos,Dormitorio,V003,3,2704.0,4657.5,8355.36,15,3697.8600000000006
VND002965,2025-03-03,P007,Moveis Domesticos,Escritorio,V001,1,1404.0,786.6,1516.32,7,729.7199999999999
VND002966,2025-03-03,P014,Servicos sob Demanda,Projetos,V004,2,5137.6,4347.0,9247.68,0,4900.68
VND002967,2025-03-03,P015,Servicos sob Demanda,Projetos,V003,1,8132.8,3622.5,8376.78,45,4754.280000000001
VND002968,2025-03-03,P001,Moveis Domesticos,Estofados,V002,2,1827.8,2277.0,3472.82,0,1195.8200000000002
VND002969,2025-03-04,P007,Moveis Domesticos,Escritorio,V008,1,1361.88,786.6,1389.12,0,602.5199999999999
VND002970,2025-03-04,P001,Moveis Domesticos,Estofados,V006,3,1924.0,3415.5,5598.84,30,2183.34
VND002971,2025-03-04,P011,Moveis Comerciais,Atendimento,V002,1,3228.16,1914.75,3066.75,7,1152.0
VND002972,2025-03-04,P001,Moveis Domesticos,Estofados,V002,2,1827.8,2277.0,3472.82,45,1195.8200000000002
VND002973,2025-03-04,P006,Moveis Domesticos,Estofados,V004,1,1019.2,538.2,917.28,60,379.0799999999999
VND002974,2025-03-04,P014,Servicos sob Demanda,Projetos,V002,1,5245.76,2173.5,4983.47,7,2809.9700000000003
VND002975,2025-03-04,P001,Moveis Domesticos,Estofados,V007,1,1924.0,1138.5,2039.44,15,900.94
VND002976,2025-03-04,P007,Moveis Domesticos,Escritorio,V003,1,1361.88,786.6,1402.74,15,616.14
VND002977,2025-03-04,P018,Servicos sob Demanda,Projetos,V001,1,6859.84,2691.0,7408.63,15,4717.63
VND002978,2025-03-04,P008,Moveis Comerciais,Cadeiras,V002,3,1136.2,1987.2,3238.17,7,1250.97
VND002979,2025-03-05,P018,Servicos sob Demanda,Projetos,V002,1,7072.0,2691.0,6718.4,15,4027.3999999999996
VND002980,2025-03-05,P002,Moveis Domesticos,Mesas,V005,1,2219.36,1293.75,2441.3,15,1147.5500000000002
VND002981,2025-03-05,P013,Moveis Comerciais,Mesas,V007,2,4056.0,4554.0,8598.72,45,4044.7199999999993
VND002982,2025-03-05,P005,Moveis Domesticos,Sala,V008,2,1300.0,1490.4,2652.0,30,1161.6
VND002983,2025-03-05,P014,Servicos sob Demanda,Projetos,V005,3,5137.6,6520.5,16954.08,30,10433.580000000002
VND002984,2025-03-06,P001,Moveis Domesticos,Estofados,V002,2,1924.0,2277.0,3655.6,30,1378.6
VND002985,2025-03-06,P005,Moveis Domesticos,Sala,V002,1,1300.0,745.2,1235.0,60,489.79999999999995
VND002986,2025-03-06,P009,Moveis Comerciais,Mesas,V005,1,1729.0,1014.3,1901.9,7,887.6000000000001
VND002987,2025-03-06,P018,Servicos sob Demanda,Projetos,V004,4,6718.4,10764.0,24186.24,15,13422.240000000002
VND002988,2025-03-06,P008,Moveis Comerciais,Cadeiras,V006,3,1160.12,1987.2,3375.95,0,1388.7499999999998
VND002989,2025-03-07,P008,Moveis Comerciais,Cadeiras,V008,2,1196.0,1324.8,2439.84,30,1115.0400000000002
VND002990,2025-03-07,P014,Servicos sob Demanda,Projetos,V008,3,5408.0,6520.5,16548.48,0,10027.98
VND002991,2025-03-07,P009,Moveis Comerciais,Mesas,V004,2,1820.0,2028.6,3276.0,30,1247.4
VND002992,2025-03-07,P002,Moveis Domesticos,Mesas,V008,1,2288.0,1293.75,2333.76,45,1040.0100000000002
VND002993,2025-03-07,P012,Moveis Comerciais,Estacoes,V003,3,4992.0,8849.25,15425.28,60,6576.030000000001
VND002994,2025-03-07,P009,Moveis Comerciais,Mesas,V004,2,1820.0,2028.6,3276.0,30,1247.4
VND002995,2025-03-07,P018,Servicos sob Demanda,Projetos,V008,1,6859.84,2691.0,6997.04,30,4306.04
VND002996,2025-03-07,P009,Moveis Comerciais,Mesas,V008,1,1820.0,1014.3,1856.4,7,842.1000000000001
VND002997,2025-03-07,P013,Moveis Comerciais,Mesas,V007,2,4056.0,4554.0,8598.72,0,4044.7199999999993
VND002998,2025-03-07,P002,Moveis Domesticos,Mesas,V007,1,2288.0,1293.75,2425.28,15,1131.5300000000002
VND002999,2025-03-07,P015,Servicos sob Demanda,Projetos,V008,1,8574.8,3622.5,8746.3,30,5123.799999999999
VND003000,2025-03-07,P008,Moveis Comerciais,Cadeiras,V005,1,1196.0,662.4,1315.6,30,653.1999999999999
VND003001,2025-03-08,P013,Moveis Comerciais,Mesas,V002,1,4056.0,2277.0,3853.2,60,1576.1999999999998
VND003002,2025-03-08,P002,Moveis Domesticos,Mesas,V007,2,2288.0,2587.5,4850.56,15,2263.0600000000004
VND003003,2025-03-08,P014,Servicos sob Demanda,Projetos,V004,1,5408.0,2173.5,4867.2,0,2693.7
VND003004,2025-03-08,P010,Moveis Comerciais,Armazenagem,V004,1,2420.6,1449.0,2178.54,30,729.54
VND003005,2025-03-08,P015,Servicos sob Demanda,Projetos,V007,1,8574.8,3622.5,9089.29,30,5466.790000000001
VND003006,2025-03-08,P002,Moveis Domesticos,Mesas,V007,1,2219.36,1293.75,2352.52,15,1058.77
VND003007,2025-03-08,P017,Servicos sob Demanda,Consultoria,V005,4,2912.0,3726.0,12812.8,15,9086.8
VND003008,2025-03-08,P017,Servicos sob Demanda,Consultoria,V007,1,2912.0,931.5,3086.72,45,2155.22
VND003009,2025-03-08,P015,Servicos sob Demanda,Projetos,V002,1,8840.0,3622.5,8398.0,60,4775.5
VND003010,2025-03-08,P004,Moveis Domesticos,Dormitorio,V006,1,3062.8,1914.75,2970.92,0,1056.17
VND003011,2025-03-08,P018,Servicos sob Demanda,Projetos,V004,1,6859.84,2691.0,6173.86,7,3482.8599999999997
VND003012,2025-03-08,P004,Moveis Domesticos,Dormitorio,V007,3,3224.0,5744.25,10252.32,60,4508.07
VND003013,2025-03-08,P003,Moveis Domesticos,Dormitorio,V005,3,2704.0,4657.5,8923.2,15,4265.700000000001
VND003014,2025-03-08,P012,Moveis Comerciais,Estacoes,V005,1,4992.0,2949.75,5491.2,30,2541.45
VND003015,2025-03-08,P013,Moveis Comerciais,Mesas,V006,1,4056.0,2277.0,3934.32,45,1657.3200000000002
VND003016,2025-03-09,P014,Servicos sob Demanda,Projetos,V006,3,5245.76,6520.5,15265.16,15,8744.66
VND003017,2025-03-09,P007,Moveis Domesticos,Escritorio,V003,1,1404.0,786.6,1446.12,0,659.5199999999999
VND003018,2025-03-09,P012,Moveis Comerciais,Estacoes,V001,1,4992.0,2949.75,5391.36,0,2441.6099999999997
VND003019,2025-03-09,P001,Moveis Domesticos,Estofados,V005,2,1866.28,2277.0,4105.82,30,1828.8199999999997
VND003020,2025-03-09,P018,Servicos sob Demanda,Projetos,V001,1,7072.0,2691.0,7637.76,30,4946.76
VND003021,2025-03-09,P002,Moveis Domesticos,Mesas,V007,1,2219.36,1293.75,2352.52,7,1058.77
VND003022,2025-03-09,P014,Servicos sob Demanda,Projetos,V005,1,5408.0,2173.5,5948.8,30,3775.3
VND003023,2025-03-09,P009,Moveis Comerciais,Mesas,V001,4,1820.0,4057.2,7862.4,7,3805.2
VND003024,2025-03-09,P012,Moveis Comerciais,Estacoes,V007,1,4742.4,2949.75,5026.94,30,2077.1899999999996
VND003025,2025-03-09,P001,Moveis Domesticos,Estofados,V004,3,1924.0,3415.5,5194.8,15,1779.3000000000002
VND003026,2025-03-09,P001,Moveis Domesticos,Estofados,V003,2,1924.0,2277.0,3963.44,0,1686.44
VND003027,2025-03-09,P008,Moveis Comerciais,Cadeiras,V005,1,1160.12,662.4,1276.13,30,613.7300000000001
VND003028,2025-03-09,P015,Servicos sob Demanda,Projetos,V004,1,8398.0,3622.5,7558.2,15,3935.7
VND003029,2025-03-09,P007,Moveis Domesticos,Escritorio,V003,3,1361.88,2359.8,4208.21,0,1848.4099999999999
VND003030,2025-03-09,P008,Moveis Comerciais,Cadeiras,V001,1,1160.12,662.4,1252.93,7,590.5300000000001
VND003031,2025-03-09,P001,Moveis Domesticos,Estofados,V002,2,1827.8,2277.0,3472.82,0,1195.8200000000002
VND003032,2025-03-09,P017,Servicos sob Demanda,Consultoria,V002,2,2766.4,1863.0,5256.16,30,3393.16
VND003033,2025-03-10,P005,Moveis Domesticos,Sala,V008,1,1300.0,745.2,1326.0,45,580.8
VND003034,2025-03-10,P008,Moveis Comerciais,Cadeiras,V006,1,1160.12,662.4,1125.32,15,462.91999999999996
VND003035,2025-03-10,P001,Moveis Domesticos,Estofados,V004,2,1866.28,2277.0,3359.3,45,1082.3000000000002
VND003036,2025-03-10,P008,Moveis Comerciais,Cadeiras,V007,1,1136.2,662.4,1204.37,0,541.9699999999999
VND003037,2025-03-11,P003,Moveis Domesticos,Dormitorio,V002,2,2622.88,3105.0,4983.47,15,1878.4700000000003
VND003038,2025-03-11,P003,Moveis Domesticos,Dormitorio,V003,1,2704.0,1552.5,2785.12,45,1232.62
VND003039,2025-03-11,P013,Moveis Comerciais,Mesas,V003,1,4056.0,2277.0,4177.68,7,1900.6800000000003
VND003040,2025-03-11,P014,Servicos sob Demanda,Projetos,V004,2,4975.36,4347.0,8955.65,45,4608.65
VND003041,2025-03-11,P012,Moveis Comerciais,Estacoes,V002,2,4842.24,5899.5,9200.26,45,3300.76
VND003042,2025-03-11,P008,Moveis Comerciais,Cadeiras,V007,1,1196.0,662.4,1267.76,30,605.36
VND003043,2025-03-11,P007,Moveis Domesticos,Escritorio,V006,1,1333.8,786.6,1293.79,30,507.18999999999994
VND003044,2025-03-11,P003,Moveis Domesticos,Dormitorio,V005,1,2568.8,1552.5,2825.68,0,1273.1799999999998
VND003045,2025-03-11,P014,Servicos sob Demanda,Projetos,V005,3,5137.6,6520.5,16954.08,7,10433.580000000002
VND003046,2025-03-12,P015,Servicos sob Demanda,Projetos,V004,3,8398.0,10867.5,22674.6,45,11807.099999999999
VND003047,2025-03-12,P002,Moveis Domesticos,Mesas,V006,2,2288.0,2587.5,4438.72,60,1851.2200000000003
VND003048,2025-03-12,P007,Moveis Domesticos,Escritorio,V001,1,1333.8,786.6,1440.5,15,653.9
VND003049,2025-03-12,P017,Servicos sob Demanda,Consultoria,V008,3,2679.04,2794.5,8197.86,45,5403.360000000001
VND003050,2025-03-12,P001,Moveis Domesticos,Estofados,V004,4,1827.8,4554.0,6580.08,15,2026.08
VND003051,2025-03-12,P017,Servicos sob Demanda,Consultoria,V003,1,2766.4,931.5,2849.39,15,1917.8899999999999
VND003052,2025-03-12,P005,Moveis Domesticos,Sala,V004,3,1300.0,2235.6,3510.0,7,1274.4
VND003053,2025-03-12,P007,Moveis Domesticos,Escritorio,V005,1,1404.0,786.6,1544.4,30,757.8000000000001
VND003054,2025-03-13,P013,Moveis Comerciais,Mesas,V004,2,3853.2,4554.0,6935.76,30,2381.76
VND003055,2025-03-13,P002,Moveis Domesticos,Mesas,V001,1,2173.6,1293.75,2347.49,0,1053.7399999999998
VND003056,2025-03-13,P003,Moveis Domesticos,Dormitorio,V007,1,2622.88,1552.5,2780.25,30,1227.75
VND003057,2025-03-13,P005,Moveis Domesticos,Sala,V002,1,1235.0,745.2,1173.25,30,428.04999999999995
VND003058,2025-03-13,P015,Servicos sob Demanda,Projetos,V006,1,8398.0,3622.5,8146.06,0,4523.56
VND003059,2025-03-13,P018,Servicos sob Demanda,Projetos,V003,1,6859.84,2691.0,7065.64,15,4374.64
VND003060,2025-03-13,P002,Moveis Domesticos,Mesas,V002,1,2288.0,1293.75,2173.6,0,879.8499999999999
VND003061,2025-03-13,P011,Moveis Comerciais,Atendimento,V006,1,3061.76,1914.75,2969.91,7,1055.1599999999999
VND003062,2025-03-13,P007,Moveis Domesticos,Escritorio,V006,3,1291.68,2359.8,3758.79,30,1398.9899999999998
VND003063,2025-03-13,P018,Servicos sob Demanda,Projetos,V006,3,7072.0,8073.0,20579.52,7,12506.52
VND003064,2025-03-13,P004,Moveis Domesticos,Dormitorio,V002,2,3224.0,3829.5,6125.6,7,2296.1000000000004
VND003065,2025-03-13,P014,Servicos sob Demanda,Projetos,V001,1,5408.0,2173.5,5840.64,30,3667.1400000000003
VND003066,2025-03-14,P013,Moveis Comerciais,Mesas,V008,3,3731.52,6831.0,11418.45,30,4587.450000000001
VND003067,2025-03-14,P002,Moveis Domesticos,Mesas,V007,3,2173.6,3881.25,6912.05,15,3030.8
VND003068,2025-03-14,P003,Moveis Domesticos,Dormitorio,V007,4,2568.8,6210.0,10891.71,15,4681.709999999999
VND003069,2025-03-14,P001,Moveis Domesticos,Estofados,V008,2,1770.08,2277.0,3610.96,45,1333.96
VND003070,2025-03-14,P002,Moveis Domesticos,Mesas,V008,1,2173.6,1293.75,2217.07,60,923.3200000000002
VND003071,2025-03-14,P003,Moveis Domesticos,Dormitorio,V002,1,2622.88,1552.5,2491.74,0,939.2399999999998
VND003072,2025-03-14,P010,Moveis Comerciais,Armazenagem,V006,3,2548.0,4347.0,7414.68,15,3067.6800000000003
VND003073,2025-03-14,P008,Moveis Comerciais,Cadeiras,V008,2,1196.0,1324.8,2439.84,60,1115.0400000000002
VND003074,2025-03-15,P008,Moveis Comerciais,Cadeiras,V007,2,1136.2,1324.8,2408.74,7,1083.9399999999998
VND003075,2025-03-15,P003,Moveis Domesticos,Dormitorio,V006,1,2704.0,1552.5,2622.88,30,1070.38
VND003076,2025-03-15,P009,Moveis Comerciais,Mesas,V001,1,1765.4,1014.3,1906.63,0,892.3300000000002
VND003077,2025-03-16,P008,Moveis Comerciais,Cadeiras,V008,2,1136.2,1324.8,2317.85,60,993.05
VND003078,2025-03-16,P004,Moveis Domesticos,Dormitorio,V002,1,3127.28,1914.75,2970.92,7,1056.17
VND003079,2025-03-16,P010,Moveis Comerciais,Armazenagem,V007,1,2548.0,1449.0,2700.88,0,1251.88
VND003080,2025-03-16,P005,Moveis Domesticos,Sala,V004,1,1235.0,745.2,1111.5,30,366.29999999999995
VND003081,2025-03-16,P003,Moveis Domesticos,Dormitorio,V003,1,2704.0,1552.5,2785.12,15,1232.62
VND003082,2025-03-16,P006,Moveis Domesticos,Estofados,V002,2,1019.2,1076.4,1936.48,0,860.0799999999999
VND003083,2025-03-16,P002,Moveis Domesticos,Mesas,V005,1,2288.0,1293.75,2516.8,30,1223.0500000000002
VND003084,2025-03-16,P001,Moveis Domesticos,Estofados,V001,2,1866.28,2277.0,4031.16,30,1754.1599999999999
VND003085,2025-03-16,P006,Moveis Domesticos,Estofados,V003,1,1019.2,538.2,1049.78,30,511.5799999999999
VND003086,2025-03-17,P001,Moveis Domesticos,Estofados,V001,1,1866.28,1138.5,2015.58,0,877.0799999999999
VND003087,2025-03-17,P001,Moveis Domesticos,Estofados,V007,3,1924.0,3415.5,6118.32,45,2702.8199999999997
VND003088,2025-03-17,P008,Moveis Comerciais,Cadeiras,V003,3,1196.0,1987.2,3695.64,15,1708.4399999999998
VND003089,2025-03-17,P009,Moveis Comerciais,Mesas,V003,3,1820.0,3042.9,5623.8,0,2580.9
VND003090,2025-03-17,P015,Servicos sob Demanda,Projetos,V003,1,8840.0,3622.5,9105.2,7,5482.700000000001
VND003091,2025-03-17,P012,Moveis Comerciais,Estacoes,V008,3,4992.0,8849.25,15275.52,0,6426.27
VND003092,2025-03-17,P017,Servicos sob Demanda,Consultoria,V008,3,2912.0,2794.5,8910.72,15,6116.219999999999
VND003093,2025-03-17,P003,Moveis Domesticos,Dormitorio,V006,4,2704.0,6210.0,10491.52,0,4281.52
VND003094,2025-03-17,P011,Moveis Comerciais,Atendimento,V004,3,3228.16,5744.25,8716.03,60,2971.7800000000007
VND003095,2025-03-17,P014,Servicos sob Demanda,Projetos,V007,1,5137.6,2173.5,5445.86,15,3272.3599999999997
VND003096,2025-03-18,P013,Moveis Comerciais,Mesas,V003,1,3731.52,2277.0,3843.47,60,1566.4699999999998
VND003097,2025-03-18,P002,Moveis Domesticos,Mesas,V002,1,2104.96,1293.75,1999.71,0,705.96
VND003098,2025-03-18,P014,Servicos sob Demanda,Projetos,V005,1,5137.6,2173.5,5651.36,45,3477.8599999999997
VND003099,2025-03-18,P008,Moveis Comerciais,Cadeiras,V001,1,1196.0,662.4,1291.68,7,629.2800000000001
VND003100,2025-03-18,P007,Moveis Domesticos,Escritorio,V006,4,1333.8,3146.4,5175.14,0,2028.7400000000002
VND003101,2025-03-18,P007,Moveis Domesticos,Escritorio,V003,1,1404.0,786.6,1446.12,30,659.5199999999999
VND003102,2025-03-18,P013,Moveis Comerciais,Mesas,V003,2,4056.0,4554.0,8355.36,0,3801.3600000000006
VND003103,2025-03-18,P002,Moveis Domesticos,Mesas,V001,1,2173.6,1293.75,2347.49,30,1053.7399999999998
VND003104,2025-03-19,P008,Moveis Comerciais,Cadeiras,V003,3,1136.2,1987.2,3510.86,15,1523.66
VND003105,2025-03-19,P004,Moveis Domesticos,Dormitorio,V007,1,3224.0,1914.75,3417.44,30,1502.69
VND003106,2025-03-19,P002,Moveis Domesticos,Mesas,V001,1,2173.6,1293.75,2347.49,7,1053.7399999999998
VND003107,2025-03-19,P005,Moveis Domesticos,Sala,V008,3,1196.0,2235.6,3659.76,60,1424.1600000000003
VND003108,2025-03-19,P001,Moveis Domesticos,Estofados,V005,1,1924.0,1138.5,2116.4,45,977.9000000000001
VND003109,2025-03-19,P002,Moveis Domesticos,Mesas,V003,1,2219.36,1293.75,2285.94,30,992.19
VND003110,2025-03-20,P004,Moveis Domesticos,Dormitorio,V008,2,3224.0,3829.5,6576.96,0,2747.46
VND003111,2025-03-20,P001,Moveis Domesticos,Estofados,V003,2,1924.0,2277.0,3963.44,45,1686.44
VND003112,2025-03-20,P017,Servicos sob Demanda,Consultoria,V007,1,2824.64,931.5,2994.12,0,2062.62
VND003113,2025-03-20,P013,Moveis Comerciais,Mesas,V008,2,3853.2,4554.0,7860.53,45,3306.5299999999997
VND003114,2025-03-20,P003,Moveis Domesticos,Dormitorio,V002,1,2622.88,1552.5,2491.74,45,939.2399999999998
VND003115,2025-03-21,P001,Moveis Domesticos,Estofados,V008,1,1924.0,1138.5,1962.48,0,823.98
VND003116,2025-03-21,P017,Servicos sob Demanda,Consultoria,V006,3,2824.64,2794.5,8219.7,15,5425.200000000001
VND003117,2025-03-21,P010,Moveis Comerciais,Armazenagem,V005,1,2471.56,1449.0,2718.72,15,1269.7199999999998
VND003118,2025-03-21,P009,Moveis Comerciais,Mesas,V001,1,1820.0,1014.3,1965.6,45,951.3
VND003119,2025-03-21,P004,Moveis Domesticos,Dormitorio,V007,1,3224.0,1914.75,3417.44,30,1502.69
VND003120,2025-03-22,P008,Moveis Comerciais,Cadeiras,V008,6,1160.12,3974.4,7099.93,15,3125.53
VND003121,2025-03-22,P003,Moveis Domesticos,Dormitorio,V003,1,2704.0,1552.5,2785.12,7,1232.62
VND003122,2025-03-22,P016,Servicos sob Demanda,Projetos,V002,2,11960.0,10764.0,22724.0,45,11960.0
VND003123,2025-03-22,P016,Servicos sob Demanda,Projetos,V002,2,13000.0,10764.0,24700.0,0,13936.0
VND003124,2025-03-22,P001,Moveis Domesticos,Estofados,V007,1,1827.8,1138.5,1937.47,0,798.97
VND003125,2025-03-22,P006,Moveis Domesticos,Estofados,V006,1,968.24,538.2,939.19,7,400.99
VND003126,2025-03-22,P005,Moveis Domesticos,Sala,V008,1,1300.0,745.2,1326.0,15,580.8
VND003127,2025-03-22,P013,Moveis Comerciais,Mesas,V008,1,3731.52,2277.0,3806.15,30,1529.15
VND003128,2025-03-22,P011,Moveis Comerciais,Atendimento,V008,3,3328.0,5744.25,10183.68,45,4439.43
VND003129,2025-03-23,P015,Servicos sob Demanda,Projetos,V004,2,8840.0,7245.0,15912.0,30,8667.0
VND003130,2025-03-23,P008,Moveis Comerciais,Cadeiras,V005,1,1196.0,662.4,1315.6,7,653.1999999999999
VND003131,2025-03-23,P007,Moveis Domesticos,Escritorio,V007,1,1291.68,786.6,1369.18,45,582.58
VND003132,2025-03-23,P004,Moveis Domesticos,Dormitorio,V001,5,3127.28,9573.75,16887.31,15,7313.560000000001
VND003133,2025-03-23,P015,Servicos sob Demanda,Projetos,V002,2,8840.0,7245.0,16796.0,30,9551.0
VND003134,2025-03-23,P008,Moveis Comerciais,Cadeiras,V006,1,1136.2,662.4,1102.11,30,439.7099999999999
VND003135,2025-03-23,P005,Moveis Domesticos,Sala,V004,1,1261.0,745.2,1134.9,0,389.70000000000005
VND003136,2025-03-23,P002,Moveis Domesticos,Mesas,V008,1,2288.0,1293.75,2333.76,30,1040.0100000000002
VND003137,2025-03-23,P006,Moveis Domesticos,Estofados,V003,2,1019.2,1076.4,2099.55,15,1023.1500000000001
VND003138,2025-03-24,P014,Servicos sob Demanda,Projetos,V003,2,5408.0,4347.0,11140.48,30,6793.48
VND003139,2025-03-24,P002,Moveis Domesticos,Mesas,V006,3,2288.0,3881.25,6658.08,30,2776.83
VND003140,2025-03-24,P010,Moveis Comerciais,Armazenagem,V005,3,2548.0,4347.0,8408.4,15,4061.3999999999996
VND003141,2025-03-24,P007,Moveis Domesticos,Escritorio,V006,3,1333.8,2359.8,3881.36,0,1521.56
VND003142,2025-03-24,P001,Moveis Domesticos,Estofados,V007,1,1866.28,1138.5,1978.26,15,839.76
VND003143,2025-03-25,P005,Moveis Domesticos,Sala,V007,1,1300.0,745.2,1378.0,0,632.8
VND003144,2025-03-25,P015,Servicos sob Demanda,Projetos,V004,3,8840.0,10867.5,23868.0,45,13000.5
VND003145,2025-03-25,P002,Moveis Domesticos,Mesas,V003,1,2288.0,1293.75,2356.64,15,1062.8899999999999
VND003146,2025-03-25,P002,Moveis Domesticos,Mesas,V001,1,2288.0,1293.75,2471.04,0,1177.29
VND003147,2025-03-25,P018,Servicos sob Demanda,Projetos,V008,2,6718.4,5382.0,13705.54,45,8323.54
VND003148,2025-03-25,P013,Moveis Comerciais,Mesas,V002,1,4056.0,2277.0,3853.2,30,1576.1999999999998
VND003149,2025-03-25,P001,Moveis Domesticos,Estofados,V008,1,1924.0,1138.5,1962.48,15,823.98
VND003150,2025-03-25,P010,Moveis Comerciais,Armazenagem,V006,1,2471.56,1449.0,2397.41,45,948.4099999999999
VND003151,2025-03-25,P006,Moveis Domesticos,Estofados,V007,3,1019.2,1614.6,3241.06,30,1626.46
VND003152,2025-03-25,P013,Moveis Comerciais,Mesas,V005,1,3853.2,2277.0,4238.52,30,1961.5200000000004
VND003153,2025-03-25,P018,Servicos sob Demanda,Projetos,V006,2,6859.84,5382.0,13308.09,30,7926.09
VND003154,2025-03-25,P003,Moveis Domesticos,Dormitorio,V003,1,2568.8,1552.5,2645.86,15,1093.3600000000001
VND003155,2025-03-25,P012,Moveis Comerciais,Estacoes,V001,4,4592.64,11799.0,19840.2,45,8041.200000000001
VND003156,2025-03-26,P018,Servicos sob Demanda,Projetos,V004,1,6718.4,2691.0,6046.56,30,3355.5600000000004
VND003157,2025-03-26,P011,Moveis Comerciais,Atendimento,V004,1,3328.0,1914.75,2995.2,45,1080.4499999999998
VND003158,2025-03-26,P012,Moveis Comerciais,Estacoes,V007,1,4742.4,2949.75,5026.94,15,2077.1899999999996
VND003159,2025-03-26,P011,Moveis Comerciais,Atendimento,V005,1,3061.76,1914.75,3367.94,45,1453.19
VND003160,2025-03-26,P009,Moveis Comerciais,Mesas,V003,1,1729.0,1014.3,1780.87,7,766.5699999999999
VND003161,2025-03-26,P001,Moveis Domesticos,Estofados,V002,4,1827.8,4554.0,6945.64,15,2391.6400000000003
VND003162,2025-03-27,P007,Moveis Domesticos,Escritorio,V001,2,1361.88,1573.2,2941.66,15,1368.4599999999998
VND003163,2025-03-27,P002,Moveis Domesticos,Mesas,V004,2,2288.0,2587.5,4118.4,0,1530.8999999999996
VND003164,2025-03-27,P014,Servicos sob Demanda,Projetos,V007,1,5137.6,2173.5,5445.86,60,3272.3599999999997
VND003165,2025-03-27,P014,Servicos sob Demanda,Projetos,V004,1,5245.76,2173.5,4721.18,30,2547.6800000000003
VND003166,2025-03-27,P006,Moveis Domesticos,Estofados,V007,1,988.62,538.2,1047.94,0,509.74
VND003167,2025-03-27,P010,Moveis Comerciais,Armazenagem,V002,1,2548.0,1449.0,2420.6,30,971.5999999999999
VND003168,2025-03-27,P010,Moveis Comerciais,Armazenagem,V008,2,2471.56,2898.0,5041.98,7,2143.9799999999996
VND003169,2025-03-27,P009,Moveis Comerciais,Mesas,V006,1,1674.4,1014.3,1624.17,7,609.8700000000001
VND003170,2025-03-27,P010,Moveis Comerciais,Armazenagem,V005,1,2548.0,1449.0,2802.8,45,1353.8000000000002
VND003171,2025-03-28,P009,Moveis Comerciais,Mesas,V007,1,1820.0,1014.3,1929.2,7,914.9000000000001
VND003172,2025-03-28,P001,Moveis Domesticos,Estofados,V001,1,1924.0,1138.5,2077.92,0,939.4200000000001
VND003173,2025-03-28,P008,Moveis Comerciais,Cadeiras,V008,2,1160.12,1324.8,2366.64,15,1041.84
VND003174,2025-03-28,P007,Moveis Domesticos,Escritorio,V002,3,1404.0,2359.8,4001.4,60,1641.6
VND003175,2025-03-28,P008,Moveis Comerciais,Cadeiras,V008,2,1196.0,1324.8,2439.84,45,1115.0400000000002
VND003176,2025-03-29,P013,Moveis Comerciais,Mesas,V002,3,4056.0,6831.0,11559.6,45,4728.6
VND003177,2025-03-29,P008,Moveis Comerciais,Cadeiras,V005,2,1196.0,1324.8,2631.2,0,1306.3999999999999
VND003178,2025-03-29,P012,Moveis Comerciais,Estacoes,V004,1,4992.0,2949.75,4492.8,15,1543.0500000000002
VND003179,2025-03-29,P009,Moveis Comerciais,Mesas,V005,2,1765.4,2028.6,3883.88,30,1855.2800000000002
VND003180,2025-03-29,P015,Servicos sob Demanda,Projetos,V002,2,8398.0,7245.0,15956.2,30,8711.2
VND003181,2025-03-29,P011,Moveis Comerciais,Atendimento,V005,1,3161.6,1914.75,3477.76,30,1563.0100000000002
VND003182,2025-03-29,P001,Moveis Domesticos,Estofados,V004,1,1770.08,1138.5,1593.07,15,454.56999999999994
VND003183,2025-03-30,P004,Moveis Domesticos,Dormitorio,V006,2,3224.0,3829.5,6254.56,30,2425.0600000000004
VND003184,2025-03-30,P010,Moveis Comerciais,Armazenagem,V006,1,2471.56,1449.0,2397.41,15,948.4099999999999
VND003185,2025-03-30,P011,Moveis Comerciais,Atendimento,V008,1,3228.16,1914.75,3292.72,30,1377.9699999999998
VND003186,2025-03-30,P004,Moveis Domesticos,Dormitorio,V008,2,3224.0,3829.5,6576.96,45,2747.46
VND003187,2025-03-30,P003,Moveis Domesticos,Dormitorio,V002,2,2704.0,3105.0,5137.6,0,2032.6000000000004
VND003188,2025-03-30,P004,Moveis Domesticos,Dormitorio,V001,3,2966.08,5744.25,9610.1,30,3865.8500000000004
VND003189,2025-03-30,P007,Moveis Domesticos,Escritorio,V004,1,1404.0,786.6,1263.6,30,476.9999999999999
VND003190,2025-03-31,P014,Servicos sob Demanda,Projetos,V007,1,5245.76,2173.5,5560.51,45,3387.01
VND003191,2025-03-31,P018,Servicos sob Demanda,Projetos,V008,2,7072.0,5382.0,14426.88,0,9044.88
VND003192,2025-03-31,P008,Moveis Comerciais,Cadeiras,V003,2,1196.0,1324.8,2463.76,30,1138.9600000000003
VND003193,2025-03-31,P003,Moveis Domesticos,Dormitorio,V005,1,2487.68,1552.5,2736.45,15,1183.9499999999998
VND003194,2025-03-31,P010,Moveis Comerciais,Armazenagem,V001,1,2420.6,1449.0,2614.25,30,1165.25
VND003195,2025-03-31,P008,Moveis Comerciais,Cadeiras,V006,1,1160.12,662.4,1125.32,0,462.91999999999996
VND003196,2025-03-31,P018,Servicos sob Demanda,Projetos,V002,1,7072.0,2691.0,6718.4,7,4027.3999999999996
VND003197,2025-03-31,P011,Moveis Comerciais,Atendimento,V004,2,3328.0,3829.5,5990.4,45,2160.8999999999996
VND003198,2025-03-31,P005,Moveis Domesticos,Sala,V008,3,1261.0,2235.6,3858.66,60,1623.06
VND003199,2025-04-01,P011,Moveis Comerciais,Atendimento,V007,1,3228.16,1914.75,3421.85,45,1507.1
VND003200,2025-04-01,P012,Moveis Comerciais,Estacoes,V001,1,4842.24,2949.75,5229.62,60,2279.87
VND003201,2025-04-01,P005,Moveis Domesticos,Sala,V003,1,1300.0,745.2,1339.0,7,593.8
VND003202,2025-04-01,P015,Servicos sob Demanda,Projetos,V005,3,8398.0,10867.5,27713.4,30,16845.9
VND003203,2025-04-01,P014,Servicos sob Demanda,Projetos,V002,1,5245.76,2173.5,4983.47,15,2809.9700000000003
VND003204,2025-04-01,P006,Moveis Domesticos,Estofados,V004,1,968.24,538.2,871.42,45,333.2199999999999
VND003205,2025-04-01,P005,Moveis Domesticos,Sala,V005,3,1300.0,2235.6,4290.0,30,2054.4
VND003206,2025-04-01,P010,Moveis Comerciais,Armazenagem,V004,5,2548.0,7245.0,11466.0,45,4221.0
VND003207,2025-04-01,P002,Moveis Domesticos,Mesas,V004,1,2104.96,1293.75,1894.46,15,600.71
VND003208,2025-04-02,P001,Moveis Domesticos,Estofados,V004,2,1924.0,2277.0,3463.2,30,1186.1999999999998
VND003209,2025-04-02,P010,Moveis Comerciais,Armazenagem,V004,1,2548.0,1449.0,2293.2,0,844.1999999999998
VND003210,2025-04-02,P008,Moveis Comerciais,Cadeiras,V001,1,1196.0,662.4,1291.68,0,629.2800000000001
VND003211,2025-04-02,P013,Moveis Comerciais,Mesas,V005,2,4056.0,4554.0,8923.2,15,4369.200000000001
VND003212,2025-04-02,P008,Moveis Comerciais,Cadeiras,V003,1,1100.32,662.4,1133.33,30,470.92999999999995
VND003213,2025-04-03,P017,Servicos sob Demanda,Consultoria,V003,1,2766.4,931.5,2849.39,30,1917.8899999999999
VND003214,2025-04-03,P006,Moveis Domesticos,Estofados,V006,1,968.24,538.2,939.19,15,400.99
VND003215,2025-04-03,P008,Moveis Comerciais,Cadeiras,V007,1,1136.2,662.4,1204.37,30,541.9699999999999
VND003216,2025-04-03,P008,Moveis Comerciais,Cadeiras,V006,1,1196.0,662.4,1160.12,30,497.7199999999999
VND003217,2025-04-04,P001,Moveis Domesticos,Estofados,V003,1,1866.28,1138.5,1922.27,15,783.77
VND003218,2025-04-05,P001,Moveis Domesticos,Estofados,V006,1,1924.0,1138.5,1866.28,30,727.78
VND003219,2025-04-05,P008,Moveis Comerciais,Cadeiras,V003,1,1196.0,662.4,1231.88,15,569.4800000000001
VND003220,2025-04-05,P010,Moveis Comerciais,Armazenagem,V001,1,2344.16,1449.0,2531.69,30,1082.69
VND003221,2025-04-05,P003,Moveis Domesticos,Dormitorio,V003,1,2704.0,1552.5,2785.12,30,1232.62
VND003222,2025-04-05,P013,Moveis Comerciais,Mesas,V008,3,4056.0,6831.0,12411.36,15,5580.360000000001
VND003223,2025-04-05,P005,Moveis Domesticos,Sala,V006,1,1235.0,745.2,1197.95,45,452.75
VND003224,2025-04-05,P006,Moveis Domesticos,Estofados,V001,1,968.24,538.2,1045.7,15,507.5
VND003225,2025-04-05,P012,Moveis Comerciais,Estacoes,V001,1,4992.0,2949.75,5391.36,0,2441.6099999999997
VND003226,2025-04-05,P017,Servicos sob Demanda,Consultoria,V001,2,2679.04,1863.0,5786.73,7,3923.7299999999996
VND003227,2025-04-05,P001,Moveis Domesticos,Estofados,V004,2,1866.28,2277.0,3359.3,30,1082.3000000000002
VND003228,2025-04-05,P010,Moveis Comerciais,Armazenagem,V002,1,2471.56,1449.0,2347.98,30,898.98
VND003229,2025-04-05,P010,Moveis Comerciais,Armazenagem,V008,1,2548.0,1449.0,2598.96,30,1149.96
VND003230,2025-04-05,P005,Moveis Domesticos,Sala,V006,2,1300.0,1490.4,2522.0,30,1031.6
VND003231,2025-04-05,P002,Moveis Domesticos,Mesas,V006,2,2288.0,2587.5,4438.72,15,1851.2200000000003
VND003232,2025-04-06,P015,Servicos sob Demanda,Projetos,V002,2,8574.8,7245.0,16292.12,0,9047.12
VND003233,2025-04-06,P014,Servicos sob Demanda,Projetos,V002,2,5137.6,4347.0,9761.44,30,5414.4400000000005
VND003234,2025-04-06,P008,Moveis Comerciais,Cadeiras,V002,1,1160.12,662.4,1102.11,45,439.7099999999999
VND003235,2025-04-06,P017,Servicos sob Demanda,Consultoria,V003,1,2912.0,931.5,2999.36,45,2067.86
VND003236,2025-04-06,P017,Servicos sob Demanda,Consultoria,V008,1,2824.64,931.5,2881.13,15,1949.63
VND003237,2025-04-06,P005,Moveis Domesticos,Sala,V007,1,1300.0,745.2,1378.0,60,632.8
VND003238,2025-04-06,P012,Moveis Comerciais,Estacoes,V004,1,4742.4,2949.75,4268.16,15,1318.4099999999999
VND003239,2025-04-06,P001,Moveis Domesticos,Estofados,V008,1,1827.8,1138.5,1864.36,7,725.8599999999999
VND003240,2025-04-06,P009,Moveis Comerciais,Mesas,V007,1,1765.4,1014.3,1871.32,45,857.02
VND003241,2025-04-06,P013,Moveis Comerciais,Mesas,V005,1,3934.32,2277.0,4327.75,0,2050.75
VND003242,2025-04-07,P011,Moveis Comerciais,Atendimento,V001,1,3061.76,1914.75,3306.7,45,1391.9499999999998
VND003243,2025-04-07,P002,Moveis Domesticos,Mesas,V002,1,2104.96,1293.75,1999.71,0,705.96
VND003244,2025-04-07,P012,Moveis Comerciais,Estacoes,V003,1,4992.0,2949.75,5141.76,15,2192.01
VND003245,2025-04-08,P002,Moveis Domesticos,Mesas,V005,1,2173.6,1293.75,2390.96,15,1097.21
VND003246,2025-04-08,P007,Moveis Domesticos,Escritorio,V005,1,1404.0,786.6,1544.4,45,757.8000000000001
VND003247,2025-04-08,P010,Moveis Comerciais,Armazenagem,V007,1,2344.16,1449.0,2484.81,45,1035.81
VND003248,2025-04-08,P013,Moveis Comerciais,Mesas,V004,1,3934.32,2277.0,3540.89,7,1263.8899999999999
VND003249,2025-04-08,P004,Moveis Domesticos,Dormitorio,V002,1,3224.0,1914.75,3062.8,15,1148.0500000000002
VND003250,2025-04-08,P004,Moveis Domesticos,Dormitorio,V006,2,3062.8,3829.5,5941.83,15,2112.33
VND003251,2025-04-08,P009,Moveis Comerciais,Mesas,V003,4,1820.0,4057.2,7498.4,45,3441.2
VND003252,2025-04-08,P009,Moveis Comerciais,Mesas,V008,1,1729.0,1014.3,1763.58,30,749.28
VND003253,2025-04-08,P005,Moveis Domesticos,Sala,V005,1,1235.0,745.2,1358.5,60,613.3
VND003254,2025-04-09,P005,Moveis Domesticos,Sala,V005,1,1235.0,745.2,1358.5,7,613.3
VND003255,2025-04-09,P007,Moveis Domesticos,Escritorio,V008,1,1361.88,786.6,1389.12,30,602.5199999999999
VND003256,2025-04-09,P008,Moveis Comerciais,Cadeiras,V007,4,1160.12,2649.6,4918.91,15,2269.31
VND003257,2025-04-09,P007,Moveis Domesticos,Escritorio,V006,2,1291.68,1573.2,2505.86,0,932.6600000000001
VND003258,2025-04-09,P017,Servicos sob Demanda,Consultoria,V003,1,2766.4,931.5,2849.39,0,1917.8899999999999
VND003259,2025-04-10,P011,Moveis Comerciais,Atendimento,V003,3,3161.6,5744.25,9769.34,45,4025.09
VND003260,2025-04-10,P010,Moveis Comerciais,Armazenagem,V006,3,2548.0,4347.0,7414.68,60,3067.6800000000003
VND003261,2025-04-10,P013,Moveis Comerciais,Mesas,V005,3,3731.52,6831.0,12314.02,30,5483.02
VND003262,2025-04-10,P002,Moveis Domesticos,Mesas,V001,3,2288.0,3881.25,7413.12,45,3531.87
VND003263,2025-04-10,P011,Moveis Comerciais,Atendimento,V007,1,3328.0,1914.75,3527.68,30,1612.9299999999998
VND003264,2025-04-11,P003,Moveis Domesticos,Dormitorio,V001,3,2622.88,4657.5,8498.13,15,3840.629999999999
VND003265,2025-04-11,P010,Moveis Comerciais,Armazenagem,V001,1,2548.0,1449.0,2751.84,0,1302.8400000000001
VND003266,2025-04-11,P004,Moveis Domesticos,Dormitorio,V001,1,3224.0,1914.75,3481.92,30,1567.17
VND003267,2025-04-11,P013,Moveis Comerciais,Mesas,V003,1,3853.2,2277.0,3968.8,7,1691.8000000000002
VND003268,2025-04-11,P007,Moveis Domesticos,Escritorio,V004,3,1404.0,2359.8,3790.8,0,1431.0
VND003269,2025-04-11,P013,Moveis Comerciais,Mesas,V003,3,4056.0,6831.0,12533.04,7,5702.040000000001
VND003270,2025-04-11,P009,Moveis Comerciais,Mesas,V006,2,1765.4,2028.6,3424.88,0,1396.2800000000002
VND003271,2025-04-12,P006,Moveis Domesticos,Estofados,V007,2,1019.2,1076.4,2160.7,0,1084.2999999999997
VND003272,2025-04-12,P016,Servicos sob Demanda,Projetos,V008,2,13000.0,10764.0,26520.0,45,15756.0
VND003273,2025-04-12,P001,Moveis Domesticos,Estofados,V003,3,1827.8,3415.5,5647.9,0,2232.3999999999996
VND003274,2025-04-12,P015,Servicos sob Demanda,Projetos,V006,1,8132.8,3622.5,7888.82,0,4266.32
VND003275,2025-04-13,P014,Servicos sob Demanda,Projetos,V008,1,5245.76,2173.5,5350.68,30,3177.1800000000003
VND003276,2025-04-13,P006,Moveis Domesticos,Estofados,V005,3,968.24,1614.6,3195.19,45,1580.5900000000001
VND003277,2025-04-13,P018,Servicos sob Demanda,Projetos,V002,2,7072.0,5382.0,13436.8,15,8054.799999999999
VND003278,2025-04-13,P007,Moveis Domesticos,Escritorio,V004,3,1404.0,2359.8,3790.8,30,1431.0
VND003279,2025-04-14,P010,Moveis Comerciais,Armazenagem,V008,1,2420.6,1449.0,2469.01,0,1020.0100000000002
VND003280,2025-04-14,P012,Moveis Comerciais,Estacoes,V004,1,4992.0,2949.75,4492.8,30,1543.0500000000002
VND003281,2025-04-14,P007,Moveis Domesticos,Escritorio,V007,2,1404.0,1573.2,2976.48,0,1403.28
VND003282,2025-04-14,P017,Servicos sob Demanda,Consultoria,V008,1,2766.4,931.5,2821.73,15,1890.23
VND003283,2025-04-14,P009,Moveis Comerciais,Mesas,V002,4,1729.0,4057.2,6570.2,0,2513.0
VND003284,2025-04-15,P010,Moveis Comerciais,Armazenagem,V002,2,2548.0,2898.0,4841.2,0,1943.1999999999998
VND003285,2025-04-15,P007,Moveis Domesticos,Escritorio,V006,1,1333.8,786.6,1293.79,60,507.18999999999994
VND003286,2025-04-15,P008,Moveis Comerciais,Cadeiras,V001,1,1196.0,662.4,1291.68,15,629.2800000000001
VND003287,2025-04-15,P008,Moveis Comerciais,Cadeiras,V002,1,1196.0,662.4,1136.2,7,473.80000000000007
VND003288,2025-04-16,P001,Moveis Domesticos,Estofados,V008,1,1924.0,1138.5,1962.48,15,823.98
VND003289,2025-04-16,P011,Moveis Comerciais,Atendimento,V001,1,3061.76,1914.75,3306.7,60,1391.9499999999998
VND003290,2025-04-16,P005,Moveis Domesticos,Sala,V003,3,1235.0,2235.6,3816.15,45,1580.5500000000002
VND003291,2025-04-16,P009,Moveis Comerciais,Mesas,V001,1,1674.4,1014.3,1808.35,0,794.05
VND003292,2025-04-16,P003,Moveis Domesticos,Dormitorio,V008,1,2704.0,1552.5,2758.08,7,1205.58
VND003293,2025-04-16,P014,Servicos sob Demanda,Projetos,V004,1,5137.6,2173.5,4623.84,7,2450.34
VND003294,2025-04-16,P007,Moveis Domesticos,Escritorio,V008,1,1333.8,786.6,1360.48,30,573.88
VND003295,2025-04-17,P001,Moveis Domesticos,Estofados,V006,1,1924.0,1138.5,1866.28,15,727.78
VND003296,2025-04-17,P009,Moveis Comerciais,Mesas,V006,1,1820.0,1014.3,1765.4,60,751.1000000000001
VND003297,2025-04-17,P013,Moveis Comerciais,Mesas,V001,2,3853.2,4554.0,8322.91,30,3768.91
VND003298,2025-04-17,P007,Moveis Domesticos,Escritorio,V008,1,1404.0,786.6,1432.08,0,645.4799999999999
VND003299,2025-04-17,P006,Moveis Domesticos,Estofados,V006,1,1019.2,538.2,988.62,30,450.41999999999996
VND003300,2025-04-18,P012,Moveis Comerciais,Estacoes,V005,2,4992.0,5899.5,10982.4,45,5082.9
VND003301,2025-04-18,P012,Moveis Comerciais,Estacoes,V004,2,4742.4,5899.5,8536.32,30,2636.8199999999997
VND003302,2025-04-18,P002,Moveis Domesticos,Mesas,V007,2,2288.0,2587.5,4850.56,45,2263.0600000000004
VND003303,2025-04-18,P002,Moveis Domesticos,Mesas,V001,3,2288.0,3881.25,7413.12,15,3531.87
VND003304,2025-04-18,P005,Moveis Domesticos,Sala,V001,2,1235.0,1490.4,2667.6,0,1177.1999999999998
VND003305,2025-04-18,P001,Moveis Domesticos,Estofados,V004,1,1924.0,1138.5,1731.6,45,593.0999999999999
VND003306,2025-04-18,P013,Moveis Comerciais,Mesas,V008,1,3853.2,2277.0,3930.26,15,1653.2600000000002
VND003307,2025-04-18,P002,Moveis Domesticos,Mesas,V006,1,2288.0,1293.75,2219.36,15,925.6100000000001
VND003308,2025-04-18,P007,Moveis Domesticos,Escritorio,V003,1,1361.88,786.6,1402.74,0,616.14
VND003309,2025-04-18,P009,Moveis Comerciais,Mesas,V001,1,1765.4,1014.3,1906.63,0,892.3300000000002
VND003310,2025-04-18,P008,Moveis Comerciais,Cadeiras,V006,1,1160.12,662.4,1125.32,15,462.91999999999996
VND003311,2025-04-19,P010,Moveis Comerciais,Armazenagem,V008,2,2420.6,2898.0,4938.02,45,2040.0200000000004
VND003312,2025-04-19,P012,Moveis Comerciais,Estacoes,V007,2,4742.4,5899.5,10053.89,7,4154.389999999999
VND003313,2025-04-19,P002,Moveis Domesticos,Mesas,V004,1,2288.0,1293.75,2059.2,0,765.4499999999998
VND003314,2025-04-19,P001,Moveis Domesticos,Estofados,V008,1,1924.0,1138.5,1962.48,30,823.98
VND003315,2025-04-19,P018,Servicos sob Demanda,Projetos,V008,1,7072.0,2691.0,7213.44,7,4522.44
VND003316,2025-04-19,P011,Moveis Comerciais,Atendimento,V007,2,3061.76,3829.5,6490.93,60,2661.4300000000003
VND003317,2025-04-19,P001,Moveis Domesticos,Estofados,V005,1,1924.0,1138.5,2116.4,0,977.9000000000001
VND003318,2025-04-19,P004,Moveis Domesticos,Dormitorio,V008,1,3127.28,1914.75,3189.83,45,1275.08
VND003319,2025-04-19,P009,Moveis Comerciais,Mesas,V006,1,1729.0,1014.3,1677.13,15,662.8300000000002
VND003320,2025-04-20,P005,Moveis Domesticos,Sala,V004,1,1300.0,745.2,1170.0,30,424.79999999999995
VND003321,2025-04-20,P018,Servicos sob Demanda,Projetos,V002,3,7072.0,8073.0,20155.2,60,12082.2
VND003322,2025-04-20,P001,Moveis Domesticos,Estofados,V002,1,1866.28,1138.5,1772.97,7,634.47
VND003323,2025-04-20,P018,Servicos sob Demanda,Projetos,V004,2,7072.0,5382.0,12729.6,30,7347.6
VND003324,2025-04-20,P002,Moveis Domesticos,Mesas,V006,3,2219.36,3881.25,6458.34,15,2577.09
VND003325,2025-04-20,P005,Moveis Domesticos,Sala,V001,1,1300.0,745.2,1404.0,45,658.8
VND003326,2025-04-20,P003,Moveis Domesticos,Dormitorio,V001,1,2568.8,1552.5,2774.3,30,1221.8000000000002
VND003327,2025-04-20,P013,Moveis Comerciais,Mesas,V007,1,3731.52,2277.0,3955.41,0,1678.4099999999999
VND003328,2025-04-20,P003,Moveis Domesticos,Dormitorio,V003,2,2622.88,3105.0,5403.13,60,2298.13
VND003329,2025-04-21,P001,Moveis Domesticos,Estofados,V001,1,1827.8,1138.5,1974.02,15,835.52
VND003330,2025-04-21,P011,Moveis Comerciais,Atendimento,V004,2,3328.0,3829.5,5990.4,45,2160.8999999999996
VND003331,2025-04-21,P015,Servicos sob Demanda,Projetos,V003,1,8574.8,3622.5,8832.04,15,5209.540000000001
VND003332,2025-04-21,P001,Moveis Domesticos,Estofados,V006,1,1770.08,1138.5,1716.98,0,578.48
VND003333,2025-04-21,P016,Servicos sob Demanda,Projetos,V006,3,13000.0,16146.0,37830.0,45,21684.0
VND003334,2025-04-21,P009,Moveis Comerciais,Mesas,V003,1,1820.0,1014.3,1874.6,7,860.3
VND003335,2025-04-22,P001,Moveis Domesticos,Estofados,V002,1,1924.0,1138.5,1827.8,30,689.3
VND003336,2025-04-22,P003,Moveis Domesticos,Dormitorio,V002,2,2704.0,3105.0,5137.6,60,2032.6000000000004
VND003337,2025-04-22,P009,Moveis Comerciais,Mesas,V003,3,1820.0,3042.9,5623.8,0,2580.9
VND003338,2025-04-22,P009,Moveis Comerciais,Mesas,V007,1,1820.0,1014.3,1929.2,30,914.9000000000001
VND003339,2025-04-22,P008,Moveis Comerciais,Cadeiras,V003,1,1196.0,662.4,1231.88,0,569.4800000000001
VND003340,2025-04-22,P009,Moveis Comerciais,Mesas,V006,1,1820.0,1014.3,1765.4,45,751.1000000000001
VND003341,2025-04-22,P006,Moveis Domesticos,Estofados,V001,1,937.66,538.2,1012.67,45,474.4699999999999
VND003342,2025-04-23,P012,Moveis Comerciais,Estacoes,V002,1,4742.4,2949.75,4505.28,30,1555.5299999999997
VND003343,2025-04-23,P007,Moveis Domesticos,Escritorio,V002,1,1291.68,786.6,1227.1,30,440.4999999999999
VND003344,2025-04-23,P007,Moveis Domesticos,Escritorio,V005,1,1404.0,786.6,1544.4,15,757.8000000000001
VND003345,2025-04-24,P009,Moveis Comerciais,Mesas,V003,1,1729.0,1014.3,1780.87,30,766.5699999999999
VND003346,2025-04-24,P015,Servicos sob Demanda,Projetos,V004,1,8574.8,3622.5,7717.32,7,4094.8199999999997
VND003347,2025-04-24,P001,Moveis Domesticos,Estofados,V007,1,1924.0,1138.5,2039.44,15,900.94
VND003348,2025-04-24,P007,Moveis Domesticos,Escritorio,V004,1,1404.0,786.6,1263.6,15,476.9999999999999
VND003349,2025-04-24,P007,Moveis Domesticos,Escritorio,V001,2,1404.0,1573.2,3032.64,30,1459.4399999999998
VND003350,2025-04-25,P007,Moveis Domesticos,Escritorio,V007,5,1404.0,3933.0,7441.2,0,3508.2
VND003351,2025-04-25,P007,Moveis Domesticos,Escritorio,V001,2,1404.0,1573.2,3032.64,0,1459.4399999999998
VND003352,2025-04-25,P008,Moveis Comerciais,Cadeiras,V006,1,1160.12,662.4,1125.32,15,462.91999999999996
VND003353,2025-04-25,P009,Moveis Comerciais,Mesas,V005,3,1820.0,3042.9,6006.0,0,2963.1
VND003354,2025-04-25,P003,Moveis Domesticos,Dormitorio,V001,2,2568.8,3105.0,5548.61,45,2443.6099999999997
VND003355,2025-04-25,P006,Moveis Domesticos,Estofados,V005,5,937.66,2691.0,5157.13,15,2466.13
VND003356,2025-04-25,P004,Moveis Domesticos,Dormitorio,V003,1,3062.8,1914.75,3154.68,30,1239.9299999999998
VND003357,2025-04-25,P006,Moveis Domesticos,Estofados,V001,1,968.24,538.2,1045.7,45,507.5
VND003358,2025-04-25,P007,Moveis Domesticos,Escritorio,V008,3,1404.0,2359.8,4296.24,15,1936.4399999999996
VND003359,2025-04-26,P004,Moveis Domesticos,Dormitorio,V004,1,3224.0,1914.75,2901.6,0,986.8499999999999
VND003360,2025-04-26,P009,Moveis Comerciais,Mesas,V006,1,1820.0,1014.3,1765.4,15,751.1000000000001
VND003361,2025-04-26,P018,Servicos sob Demanda,Projetos,V004,1,7072.0,2691.0,6364.8,30,3673.8
VND003362,2025-04-26,P004,Moveis Domesticos,Dormitorio,V005,1,3127.28,1914.75,3440.01,30,1525.2600000000002
VND003363,2025-04-26,P014,Servicos sob Demanda,Projetos,V002,2,5245.76,4347.0,9966.94,7,5619.9400000000005
VND003364,2025-04-26,P017,Servicos sob Demanda,Consultoria,V006,1,2824.64,931.5,2739.9,45,1808.4
VND003365,2025-04-27,P009,Moveis Comerciais,Mesas,V002,3,1729.0,3042.9,4927.65,30,1884.7499999999995
VND003366,2025-04-27,P012,Moveis Comerciais,Estacoes,V002,3,4592.64,8849.25,13089.02,0,4239.77
VND003367,2025-04-27,P005,Moveis Domesticos,Sala,V003,2,1235.0,1490.4,2544.1,0,1053.6999999999998
VND003368,2025-04-27,P003,Moveis Domesticos,Dormitorio,V005,1,2704.0,1552.5,2974.4,45,1421.9
VND003369,2025-04-27,P005,Moveis Domesticos,Sala,V001,4,1261.0,2980.8,5447.52,45,2466.7200000000003
VND003370,2025-04-28,P006,Moveis Domesticos,Estofados,V008,1,988.62,538.2,1008.39,15,470.18999999999994
VND003371,2025-04-28,P007,Moveis Domesticos,Escritorio,V003,1,1333.8,786.6,1373.81,30,587.2099999999999
VND003372,2025-04-28,P003,Moveis Domesticos,Dormitorio,V005,1,2568.8,1552.5,2825.68,45,1273.1799999999998
VND003373,2025-04-28,P004,Moveis Domesticos,Dormitorio,V004,1,3127.28,1914.75,2814.55,60,899.8000000000002
VND003374,2025-04-28,P001,Moveis Domesticos,Estofados,V002,1,1924.0,1138.5,1827.8,7,689.3
VND003375,2025-04-28,P004,Moveis Domesticos,Dormitorio,V003,2,2966.08,3829.5,6110.12,0,2280.62
VND003376,2025-04-29,P012,Moveis Comerciais,Estacoes,V002,1,4742.4,2949.75,4505.28,30,1555.5299999999997
VND003377,2025-04-29,P009,Moveis Comerciais,Mesas,V008,1,1820.0,1014.3,1856.4,30,842.1000000000001
VND003378,2025-04-29,P007,Moveis Domesticos,Escritorio,V006,1,1333.8,786.6,1293.79,0,507.18999999999994
VND003379,2025-04-30,P005,Moveis Domesticos,Sala,V005,1,1235.0,745.2,1358.5,0,613.3
VND003380,2025-04-30,P004,Moveis Domesticos,Dormitorio,V002,3,2966.08,5744.25,8453.33,45,2709.08
VND003381,2025-04-30,P006,Moveis Domesticos,Estofados,V003,2,1019.2,1076.4,2099.55,15,1023.1500000000001
VND003382,2025-04-30,P013,Moveis Comerciais,Mesas,V005,1,4056.0,2277.0,4461.6,30,2184.6000000000004
VND003383,2025-04-30,P001,Moveis Domesticos,Estofados,V003,1,1827.8,1138.5,1882.63,0,744.1300000000001
VND003384,2025-04-30,P013,Moveis Comerciais,Mesas,V001,1,3934.32,2277.0,4249.07,15,1972.0699999999997
VND003385,2025-04-30,P014,Servicos sob Demanda,Projetos,V005,1,5408.0,2173.5,5948.8,60,3775.3
VND003386,2025-04-30,P014,Servicos sob Demanda,Projetos,V002,1,5408.0,2173.5,5137.6,7,2964.1000000000004
VND003387,2025-05-01,P014,Servicos sob Demanda,Projetos,V007,1,5137.6,2173.5,5445.86,45,3272.3599999999997
VND003388,2025-05-01,P012,Moveis Comerciais,Estacoes,V003,2,4992.0,5899.5,10283.52,30,4384.02
VND003389,2025-05-01,P005,Moveis Domesticos,Sala,V004,1,1261.0,745.2,1134.9,0,389.70000000000005
VND003390,2025-05-01,P018,Servicos sob Demanda,Projetos,V003,2,6718.4,5382.0,13839.9,7,8457.9
VND003391,2025-05-02,P009,Moveis Comerciais,Mesas,V007,1,1674.4,1014.3,1774.86,7,760.56
VND003392,2025-05-02,P008,Moveis Comerciais,Cadeiras,V006,1,1160.12,662.4,1125.32,0,462.91999999999996
VND003393,2025-05-02,P003,Moveis Domesticos,Dormitorio,V001,1,2704.0,1552.5,2920.32,60,1367.8200000000002
VND003394,2025-05-02,P010,Moveis Comerciais,Armazenagem,V006,2,2420.6,2898.0,4695.96,0,1797.96
VND003395,2025-05-02,P002,Moveis Domesticos,Mesas,V001,3,2173.6,3881.25,7042.46,15,3161.21
VND003396,2025-05-03,P016,Servicos sob Demanda,Projetos,V002,2,13000.0,10764.0,24700.0,60,13936.0
VND003397,2025-05-03,P007,Moveis Domesticos,Escritorio,V005,1,1404.0,786.6,1544.4,45,757.8000000000001
VND003398,2025-05-03,P005,Moveis Domesticos,Sala,V005,1,1300.0,745.2,1430.0,15,684.8
VND003399,2025-05-03,P009,Moveis Comerciais,Mesas,V005,1,1765.4,1014.3,1941.94,30,927.6400000000001
VND003400,2025-05-03,P013,Moveis Comerciais,Mesas,V001,3,4056.0,6831.0,13141.44,0,6310.4400000000005
VND003401,2025-05-03,P011,Moveis Comerciais,Atendimento,V005,1,3328.0,1914.75,3660.8,30,1746.0500000000002
VND003402,2025-05-04,P004,Moveis Domesticos,Dormitorio,V005,1,3224.0,1914.75,3546.4,30,1631.65
VND003403,2025-05-04,P008,Moveis Comerciais,Cadeiras,V005,2,1160.12,1324.8,2552.26,30,1227.4600000000003
VND003404,2025-05-04,P007,Moveis Domesticos,Escritorio,V006,2,1333.8,1573.2,2587.57,7,1014.3700000000001
VND003405,2025-05-04,P001,Moveis Domesticos,Estofados,V007,3,1770.08,3415.5,5628.85,15,2213.3500000000004
VND003406,2025-05-04,P009,Moveis Comerciais,Mesas,V003,3,1820.0,3042.9,5623.8,15,2580.9
VND003407,2025-05-04,P008,Moveis Comerciais,Cadeiras,V002,4,1196.0,2649.6,4544.8,45,1895.2000000000003
VND003408,2025-05-04,P003,Moveis Domesticos,Dormitorio,V003,1,2704.0,1552.5,2785.12,15,1232.62
VND003409,2025-05-05,P005,Moveis Domesticos,Sala,V004,2,1235.0,1490.4,2223.0,30,732.5999999999999
VND003410,2025-05-05,P010,Moveis Comerciais,Armazenagem,V002,1,2548.0,1449.0,2420.6,0,971.5999999999999
VND003411,2025-05-05,P001,Moveis Domesticos,Estofados,V001,1,1770.08,1138.5,1911.69,30,773.19
VND003412,2025-05-05,P012,Moveis Comerciais,Estacoes,V008,2,4842.24,5899.5,9878.17,60,3978.67
VND003413,2025-05-05,P013,Moveis Comerciais,Mesas,V002,1,3853.2,2277.0,3660.54,7,1383.54
VND003414,2025-05-06,P009,Moveis Comerciais,Mesas,V003,1,1674.4,1014.3,1724.63,60,710.3300000000002
VND003415,2025-05-06,P003,Moveis Domesticos,Dormitorio,V006,2,2622.88,3105.0,5088.39,30,1983.3900000000003
VND003416,2025-05-06,P017,Servicos sob Demanda,Consultoria,V007,1,2679.04,931.5,2839.78,60,1908.2800000000002
VND003417,2025-05-06,P002,Moveis Domesticos,Mesas,V007,3,2288.0,3881.25,7275.84,15,3394.59
VND003418,2025-05-06,P009,Moveis Comerciais,Mesas,V007,2,1674.4,2028.6,3549.73,30,1521.13
VND003419,2025-05-06,P016,Servicos sob Demanda,Projetos,V002,1,12610.0,5382.0,11979.5,45,6597.5
VND003420,2025-05-06,P001,Moveis Domesticos,Estofados,V007,1,1924.0,1138.5,2039.44,30,900.94
VND003421,2025-05-07,P015,Servicos sob Demanda,Projetos,V001,1,8840.0,3622.5,9547.2,0,5924.700000000001
VND003422,2025-05-07,P006,Moveis Domesticos,Estofados,V006,1,988.62,538.2,958.96,15,420.76
VND003423,2025-05-07,P010,Moveis Comerciais,Armazenagem,V008,1,2548.0,1449.0,2598.96,0,1149.96
VND003424,2025-05-07,P002,Moveis Domesticos,Mesas,V006,1,2288.0,1293.75,2219.36,60,925.6100000000001
VND003425,2025-05-07,P007,Moveis Domesticos,Escritorio,V006,1,1404.0,786.6,1361.88,30,575.2800000000001
VND003426,2025-05-08,P001,Moveis Domesticos,Estofados,V007,1,1827.8,1138.5,1937.47,45,798.97
VND003427,2025-05-08,P010,Moveis Comerciais,Armazenagem,V005,2,2420.6,2898.0,5325.32,60,2427.3199999999997
VND003428,2025-05-08,P005,Moveis Domesticos,Sala,V005,4,1261.0,2980.8,5548.4,7,2567.5999999999995
VND003429,2025-05-08,P010,Moveis Comerciais,Armazenagem,V005,1,2548.0,1449.0,2802.8,45,1353.8000000000002
VND003430,2025-05-09,P016,Servicos sob Demanda,Projetos,V008,1,12350.0,5382.0,12597.0,0,7215.0
VND003431,2025-05-09,P006,Moveis Domesticos,Estofados,V002,1,988.62,538.2,939.19,15,400.99
VND003432,2025-05-09,P014,Servicos sob Demanda,Projetos,V006,5,5408.0,10867.5,26228.8,30,15361.3
VND003433,2025-05-09,P014,Servicos sob Demanda,Projetos,V002,4,5408.0,8694.0,20550.4,0,11856.400000000001
VND003434,2025-05-10,P002,Moveis Domesticos,Mesas,V004,3,2219.36,3881.25,5992.27,30,2111.0200000000004
VND003435,2025-05-10,P012,Moveis Comerciais,Estacoes,V001,3,4992.0,8849.25,16174.08,15,7324.83
VND003436,2025-05-10,P005,Moveis Domesticos,Sala,V003,3,1261.0,2235.6,3896.49,0,1660.8899999999999
VND003437,2025-05-10,P007,Moveis Domesticos,Escritorio,V004,2,1404.0,1573.2,2527.2,15,953.9999999999998
VND003438,2025-05-10,P004,Moveis Domesticos,Dormitorio,V002,4,2966.08,7659.0,11271.1,45,3612.1000000000004
VND003439,2025-05-11,P005,Moveis Domesticos,Sala,V001,4,1261.0,2980.8,5447.52,45,2466.7200000000003
VND003440,2025-05-11,P009,Moveis Comerciais,Mesas,V004,1,1674.4,1014.3,1506.96,30,492.6600000000001
VND003441,2025-05-11,P004,Moveis Domesticos,Dormitorio,V007,2,3062.8,3829.5,6493.14,15,2663.6400000000003
VND003442,2025-05-11,P007,Moveis Domesticos,Escritorio,V003,2,1404.0,1573.2,2892.24,7,1319.0399999999997
VND003443,2025-05-11,P013,Moveis Comerciais,Mesas,V003,1,4056.0,2277.0,4177.68,0,1900.6800000000003
VND003444,2025-05-11,P018,Servicos sob Demanda,Projetos,V008,1,7072.0,2691.0,7213.44,60,4522.44
VND003445,2025-05-11,P004,Moveis Domesticos,Dormitorio,V007,1,3127.28,1914.75,3314.92,30,1400.17
VND003446,2025-05-11,P001,Moveis Domesticos,Estofados,V007,2,1827.8,2277.0,3874.94,30,1597.94
VND003447,2025-05-11,P001,Moveis Domesticos,Estofados,V003,2,1924.0,2277.0,3963.44,15,1686.44
VND003448,2025-05-11,P005,Moveis Domesticos,Sala,V003,2,1235.0,1490.4,2544.1,30,1053.6999999999998
VND003449,2025-05-11,P008,Moveis Comerciais,Cadeiras,V005,2,1196.0,1324.8,2631.2,15,1306.3999999999999
VND003450,2025-05-11,P001,Moveis Domesticos,Estofados,V003,4,1827.8,4554.0,7530.54,15,2976.54
VND003451,2025-05-11,P006,Moveis Domesticos,Estofados,V003,1,988.62,538.2,1018.28,0,480.0799999999999
VND003452,2025-05-12,P012,Moveis Comerciais,Estacoes,V004,1,4992.0,2949.75,4492.8,60,1543.0500000000002
VND003453,2025-05-12,P007,Moveis Domesticos,Escritorio,V004,2,1404.0,1573.2,2527.2,7,953.9999999999998
VND003454,2025-05-12,P004,Moveis Domesticos,Dormitorio,V004,1,3224.0,1914.75,2901.6,30,986.8499999999999
VND003455,2025-05-12,P007,Moveis Domesticos,Escritorio,V008,1,1333.8,786.6,1360.48,30,573.88
VND003456,2025-05-12,P014,Servicos sob Demanda,Projetos,V007,1,5408.0,2173.5,5732.48,15,3558.9799999999996
VND003457,2025-05-13,P012,Moveis Comerciais,Estacoes,V005,4,4842.24,11799.0,21305.86,30,9506.86
VND003458,2025-05-13,P015,Servicos sob Demanda,Projetos,V007,2,8840.0,7245.0,18740.8,30,11495.8
VND003459,2025-05-13,P008,Moveis Comerciais,Cadeiras,V006,1,1136.2,662.4,1102.11,15,439.7099999999999
VND003460,2025-05-13,P007,Moveis Domesticos,Escritorio,V001,1,1333.8,786.6,1440.5,45,653.9
VND003461,2025-05-13,P011,Moveis Comerciais,Atendimento,V002,2,3328.0,3829.5,6323.2,0,2493.7
VND003462,2025-05-13,P017,Servicos sob Demanda,Consultoria,V006,2,2766.4,1863.0,5366.82,15,3503.8199999999997
VND003463,2025-05-13,P008,Moveis Comerciais,Cadeiras,V005,1,1136.2,662.4,1249.82,30,587.42
VND003464,2025-05-13,P004,Moveis Domesticos,Dormitorio,V006,1,3224.0,1914.75,3127.28,30,1212.5300000000002
VND003465,2025-05-14,P005,Moveis Domesticos,Sala,V008,1,1235.0,745.2,1259.7,7,514.5
VND003466,2025-05-14,P007,Moveis Domesticos,Escritorio,V001,1,1333.8,786.6,1440.5,60,653.9
VND003467,2025-05-14,P006,Moveis Domesticos,Estofados,V003,4,988.62,2152.8,4073.11,30,1920.31
VND003468,2025-05-14,P002,Moveis Domesticos,Mesas,V003,1,2288.0,1293.75,2356.64,7,1062.8899999999999
VND003469,2025-05-14,P003,Moveis Domesticos,Dormitorio,V004,2,2568.8,3105.0,4623.84,0,1518.8400000000001
VND003470,2025-05-15,P008,Moveis Comerciais,Cadeiras,V007,1,1196.0,662.4,1267.76,45,605.36
VND003471,2025-05-15,P008,Moveis Comerciais,Cadeiras,V008,1,1136.2,662.4,1158.92,30,496.5200000000001
VND003472,2025-05-15,P008,Moveis Comerciais,Cadeiras,V001,1,1196.0,662.4,1291.68,0,629.2800000000001
VND003473,2025-05-15,P012,Moveis Comerciais,Estacoes,V004,1,4992.0,2949.75,4492.8,7,1543.0500000000002
VND003474,2025-05-16,P015,Servicos sob Demanda,Projetos,V008,1,8840.0,3622.5,9016.8,60,5394.299999999999
VND003475,2025-05-16,P008,Moveis Comerciais,Cadeiras,V001,1,1100.32,662.4,1188.35,0,525.9499999999999
VND003476,2025-05-16,P001,Moveis Domesticos,Estofados,V002,1,1924.0,1138.5,1827.8,60,689.3
VND003477,2025-05-16,P009,Moveis Comerciais,Mesas,V006,1,1820.0,1014.3,1765.4,15,751.1000000000001
VND003478,2025-05-17,P009,Moveis Comerciais,Mesas,V004,1,1820.0,1014.3,1638.0,15,623.7
VND003479,2025-05-17,P006,Moveis Domesticos,Estofados,V001,2,937.66,1076.4,2025.35,7,948.9499999999998
VND003480,2025-05-17,P004,Moveis Domesticos,Dormitorio,V005,1,2966.08,1914.75,3262.69,7,1347.94
VND003481,2025-05-17,P017,Servicos sob Demanda,Consultoria,V004,1,2912.0,931.5,2620.8,15,1689.3000000000002
VND003482,2025-05-17,P005,Moveis Domesticos,Sala,V004,2,1235.0,1490.4,2223.0,0,732.5999999999999
VND003483,2025-05-17,P017,Servicos sob Demanda,Consultoria,V004,1,2912.0,931.5,2620.8,60,1689.3000000000002
VND003484,2025-05-17,P005,Moveis Domesticos,Sala,V002,1,1235.0,745.2,1173.25,7,428.04999999999995
VND003485,2025-05-17,P002,Moveis Domesticos,Mesas,V007,1,2173.6,1293.75,2304.02,7,1010.27
VND003486,2025-05-17,P007,Moveis Domesticos,Escritorio,V005,1,1361.88,786.6,1498.07,45,711.4699999999999
VND003487,2025-05-17,P007,Moveis Domesticos,Escritorio,V004,1,1291.68,786.6,1162.51,45,375.90999999999997
VND003488,2025-05-17,P008,Moveis Comerciais,Cadeiras,V002,1,1196.0,662.4,1136.2,60,473.80000000000007
VND003489,2025-05-17,P014,Servicos sob Demanda,Projetos,V005,2,5408.0,4347.0,11897.6,7,7550.6
VND003490,2025-05-18,P004,Moveis Domesticos,Dormitorio,V006,4,3224.0,7659.0,12509.12,15,4850.120000000001
VND003491,2025-05-18,P016,Servicos sob Demanda,Projetos,V002,1,13000.0,5382.0,12350.0,45,6968.0
VND003492,2025-05-18,P014,Servicos sob Demanda,Projetos,V008,1,5245.76,2173.5,5350.68,45,3177.1800000000003
VND003493,2025-05-18,P004,Moveis Domesticos,Dormitorio,V001,1,3224.0,1914.75,3481.92,30,1567.17
VND003494,2025-05-18,P015,Servicos sob Demanda,Projetos,V006,1,8840.0,3622.5,8574.8,60,4952.299999999999
VND003495,2025-05-18,P009,Moveis Comerciais,Mesas,V007,1,1820.0,1014.3,1929.2,45,914.9000000000001
VND003496,2025-05-18,P002,Moveis Domesticos,Mesas,V001,1,2219.36,1293.75,2396.91,7,1103.1599999999999
VND003497,2025-05-19,P009,Moveis Comerciais,Mesas,V001,1,1820.0,1014.3,1965.6,0,951.3
VND003498,2025-05-19,P001,Moveis Domesticos,Estofados,V001,1,1827.8,1138.5,1974.02,45,835.52
VND003499,2025-05-19,P001,Moveis Domesticos,Estofados,V008,1,1924.0,1138.5,1962.48,15,823.98
VND003500,2025-05-19,P001,Moveis Domesticos,Estofados,V008,5,1866.28,5692.5,9518.03,45,3825.5300000000007
VND003501,2025-05-19,P008,Moveis Comerciais,Cadeiras,V008,1,1196.0,662.4,1219.92,0,557.5200000000001
VND003502,2025-05-20,P005,Moveis Domesticos,Sala,V001,1,1300.0,745.2,1404.0,15,658.8
VND003503,2025-05-20,P010,Moveis Comerciais,Armazenagem,V003,3,2344.16,4347.0,7243.45,7,2896.45
VND003504,2025-05-20,P008,Moveis Comerciais,Cadeiras,V007,2,1196.0,1324.8,2535.52,60,1210.72
VND003505,2025-05-20,P009,Moveis Comerciais,Mesas,V002,1,1765.4,1014.3,1677.13,15,662.8300000000002
VND003506,2025-05-20,P008,Moveis Comerciais,Cadeiras,V007,3,1160.12,1987.2,3689.18,45,1701.9799999999998
VND003507,2025-05-20,P002,Moveis Domesticos,Mesas,V004,1,2104.96,1293.75,1894.46,15,600.71
VND003508,2025-05-20,P001,Moveis Domesticos,Estofados,V006,1,1924.0,1138.5,1866.28,15,727.78
VND003509,2025-05-20,P009,Moveis Comerciais,Mesas,V001,1,1765.4,1014.3,1906.63,60,892.3300000000002
VND003510,2025-05-20,P014,Servicos sob Demanda,Projetos,V008,2,5408.0,4347.0,11032.32,45,6685.32
VND003511,2025-05-21,P010,Moveis Comerciais,Armazenagem,V001,1,2548.0,1449.0,2751.84,60,1302.8400000000001
VND003512,2025-05-21,P007,Moveis Domesticos,Escritorio,V007,2,1361.88,1573.2,2887.19,45,1313.99
VND003513,2025-05-21,P013,Moveis Comerciais,Mesas,V008,1,3853.2,2277.0,3930.26,30,1653.2600000000002
VND003514,2025-05-21,P007,Moveis Domesticos,Escritorio,V001,1,1361.88,786.6,1470.83,15,684.2299999999999
VND003515,2025-05-21,P015,Servicos sob Demanda,Projetos,V003,1,8840.0,3622.5,9105.2,7,5482.700000000001
VND003516,2025-05-21,P010,Moveis Comerciais,Armazenagem,V002,1,2344.16,1449.0,2226.95,0,777.9499999999998
VND003517,2025-05-22,P001,Moveis Domesticos,Estofados,V005,2,1924.0,2277.0,4232.8,45,1955.8000000000002
VND003518,2025-05-22,P018,Servicos sob Demanda,Projetos,V002,1,7072.0,2691.0,6718.4,30,4027.3999999999996
VND003519,2025-05-22,P008,Moveis Comerciais,Cadeiras,V008,1,1100.32,662.4,1122.33,7,459.92999999999995
VND003520,2025-05-22,P005,Moveis Domesticos,Sala,V002,1,1261.0,745.2,1197.95,15,452.75
VND003521,2025-05-22,P009,Moveis Comerciais,Mesas,V004,1,1729.0,1014.3,1556.1,15,541.8
VND003522,2025-05-22,P001,Moveis Domesticos,Estofados,V005,4,1770.08,4554.0,7788.35,7,3234.3500000000004
VND003523,2025-05-23,P007,Moveis Domesticos,Escritorio,V004,1,1333.8,786.6,1200.42,30,413.82000000000005
VND003524,2025-05-23,P007,Moveis Domesticos,Escritorio,V007,2,1361.88,1573.2,2887.19,0,1313.99
VND003525,2025-05-24,P004,Moveis Domesticos,Dormitorio,V001,1,3127.28,1914.75,3377.46,7,1462.71
VND003526,2025-05-24,P002,Moveis Domesticos,Mesas,V003,4,2288.0,5175.0,9426.56,15,4251.5599999999995
VND003527,2025-05-24,P008,Moveis Comerciais,Cadeiras,V008,1,1100.32,662.4,1122.33,30,459.92999999999995
VND003528,2025-05-24,P015,Servicos sob Demanda,Projetos,V003,4,8840.0,14490.0,36420.8,15,21930.800000000003
VND003529,2025-05-24,P013,Moveis Comerciais,Mesas,V004,2,4056.0,4554.0,7300.8,60,2746.8
VND003530,2025-05-24,P005,Moveis Domesticos,Sala,V004,1,1261.0,745.2,1134.9,7,389.70000000000005
VND003531,2025-05-24,P011,Moveis Comerciais,Atendimento,V006,1,3328.0,1914.75,3228.16,0,1313.4099999999999
VND003532,2025-05-24,P014,Servicos sob Demanda,Projetos,V001,3,5137.6,6520.5,16645.82,15,10125.32
VND003533,2025-05-24,P013,Moveis Comerciais,Mesas,V006,1,4056.0,2277.0,3934.32,15,1657.3200000000002
VND003534,2025-05-24,P008,Moveis Comerciais,Cadeiras,V001,1,1160.12,662.4,1252.93,30,590.5300000000001
VND003535,2025-05-25,P001,Moveis Domesticos,Estofados,V008,2,1924.0,2277.0,3924.96,60,1647.96
VND003536,2025-05-25,P003,Moveis Domesticos,Dormitorio,V006,1,2704.0,1552.5,2622.88,0,1070.38
VND003537,2025-05-25,P014,Servicos sob Demanda,Projetos,V007,2,5137.6,4347.0,10891.71,0,6544.709999999999
VND003538,2025-05-25,P001,Moveis Domesticos,Estofados,V002,4,1924.0,4554.0,7311.2,45,2757.2
VND003539,2025-05-26,P001,Moveis Domesticos,Estofados,V002,2,1924.0,2277.0,3655.6,15,1378.6
VND003540,2025-05-26,P005,Moveis Domesticos,Sala,V005,1,1235.0,745.2,1358.5,60,613.3
VND003541,2025-05-26,P005,Moveis Domesticos,Sala,V002,2,1196.0,1490.4,2272.4,30,782.0
VND003542,2025-05-26,P008,Moveis Comerciais,Cadeiras,V004,1,1136.2,662.4,1022.58,0,360.18000000000006
VND003543,2025-05-26,P009,Moveis Comerciais,Mesas,V001,3,1820.0,3042.9,5896.8,45,2853.9
VND003544,2025-05-26,P013,Moveis Comerciais,Mesas,V002,1,3731.52,2277.0,3544.94,60,1267.94
VND003545,2025-05-27,P001,Moveis Domesticos,Estofados,V001,2,1924.0,2277.0,4155.84,60,1878.8400000000001
VND003546,2025-05-27,P006,Moveis Domesticos,Estofados,V006,6,968.24,3229.2,5635.16,15,2405.96
VND003547,2025-05-27,P002,Moveis Domesticos,Mesas,V004,5,2104.96,6468.75,9472.32,0,3003.5699999999997
VND003548,2025-05-27,P007,Moveis Domesticos,Escritorio,V002,3,1333.8,2359.8,3801.33,30,1441.5299999999997
VND003549,2025-05-27,P017,Servicos sob Demanda,Consultoria,V008,1,2766.4,931.5,2821.73,0,1890.23
VND003550,2025-05-28,P001,Moveis Domesticos,Estofados,V005,1,1827.8,1138.5,2010.58,45,872.0799999999999
VND003551,2025-05-28,P011,Moveis Comerciais,Atendimento,V002,4,3328.0,7659.0,12646.4,15,4987.4
VND003552,2025-05-28,P002,Moveis Domesticos,Mesas,V006,1,2104.96,1293.75,2041.81,0,748.06
VND003553,2025-05-28,P013,Moveis Comerciais,Mesas,V006,2,3853.2,4554.0,7475.21,7,2921.21
VND003554,2025-05-28,P010,Moveis Comerciais,Armazenagem,V006,1,2420.6,1449.0,2347.98,60,898.98
VND003555,2025-05-29,P001,Moveis Domesticos,Estofados,V002,1,1866.28,1138.5,1772.97,0,634.47
VND003556,2025-05-29,P017,Servicos sob Demanda,Consultoria,V001,2,2912.0,1863.0,6289.92,45,4426.92
VND003557,2025-05-29,P005,Moveis Domesticos,Sala,V007,2,1261.0,1490.4,2673.32,0,1182.92
VND003558,2025-05-29,P011,Moveis Comerciais,Atendimento,V006,1,3328.0,1914.75,3228.16,15,1313.4099999999999
VND003559,2025-05-29,P010,Moveis Comerciais,Armazenagem,V008,4,2548.0,5796.0,10395.84,7,4599.84
VND003560,2025-05-29,P001,Moveis Domesticos,Estofados,V001,1,1770.08,1138.5,1911.69,15,773.19
VND003561,2025-05-29,P003,Moveis Domesticos,Dormitorio,V002,2,2704.0,3105.0,5137.6,15,2032.6000000000004
VND003562,2025-05-29,P009,Moveis Comerciais,Mesas,V006,5,1765.4,5071.5,8562.19,15,3490.6900000000005
VND003563,2025-05-29,P008,Moveis Comerciais,Cadeiras,V008,2,1160.12,1324.8,2366.64,60,1041.84
VND003564,2025-05-29,P006,Moveis Domesticos,Estofados,V004,2,968.24,1076.4,1742.83,60,666.4299999999998
VND003565,2025-05-30,P002,Moveis Domesticos,Mesas,V002,1,2288.0,1293.75,2173.6,15,879.8499999999999
VND003566,2025-05-30,P006,Moveis Domesticos,Estofados,V001,1,968.24,538.2,1045.7,30,507.5
VND003567,2025-05-30,P018,Servicos sob Demanda,Projetos,V004,1,7072.0,2691.0,6364.8,30,3673.8
VND003568,2025-05-30,P001,Moveis Domesticos,Estofados,V001,1,1866.28,1138.5,2015.58,15,877.0799999999999
VND003569,2025-05-30,P008,Moveis Comerciais,Cadeiras,V003,2,1196.0,1324.8,2463.76,0,1138.9600000000003
VND003570,2025-05-30,P001,Moveis Domesticos,Estofados,V005,1,1924.0,1138.5,2116.4,30,977.9000000000001
VND003571,2025-05-30,P014,Servicos sob Demanda,Projetos,V001,1,5245.76,2173.5,5665.42,7,3491.92
VND003572,2025-05-30,P012,Moveis Comerciais,Estacoes,V008,1,4592.64,2949.75,4684.49,0,1734.7399999999998
VND003573,2025-05-30,P005,Moveis Domesticos,Sala,V002,2,1235.0,1490.4,2346.5,15,856.0999999999999
VND003574,2025-05-30,P002,Moveis Domesticos,Mesas,V008,2,2288.0,2587.5,4667.52,0,2080.0200000000004
VND003575,2025-05-30,P002,Moveis Domesticos,Mesas,V001,1,2288.0,1293.75,2471.04,0,1177.29
VND003576,2025-05-30,P001,Moveis Domesticos,Estofados,V002,1,1827.8,1138.5,1736.41,0,597.9100000000001
VND003577,2025-05-30,P005,Moveis Domesticos,Sala,V008,4,1300.0,2980.8,5304.0,0,2323.2
VND003578,2025-05-30,P018,Servicos sob Demanda,Projetos,V001,4,6718.4,10764.0,29023.49,15,18259.49
VND003579,2025-05-30,P002,Moveis Domesticos,Mesas,V005,3,2173.6,3881.25,7172.88,30,3291.63
VND003580,2025-05-31,P001,Moveis Domesticos,Estofados,V004,2,1924.0,2277.0,3463.2,0,1186.1999999999998
VND003581,2025-05-31,P016,Servicos sob Demanda,Projetos,V001,1,13000.0,5382.0,14040.0,0,8658.0
VND003582,2025-05-31,P001,Moveis Domesticos,Estofados,V002,1,1924.0,1138.5,1827.8,30,689.3
VND003583,2025-05-31,P005,Moveis Domesticos,Sala,V008,2,1235.0,1490.4,2519.4,0,1029.0
VND003584,2025-05-31,P001,Moveis Domesticos,Estofados,V003,2,1924.0,2277.0,3963.44,30,1686.44
VND003585,2025-05-31,P001,Moveis Domesticos,Estofados,V007,1,1924.0,1138.5,2039.44,30,900.94
VND003586,2025-06-01,P005,Moveis Domesticos,Sala,V004,1,1261.0,745.2,1134.9,0,389.70000000000005
VND003587,2025-06-01,P005,Moveis Domesticos,Sala,V002,1,1235.0,745.2,1173.25,0,428.04999999999995
VND003588,2025-06-01,P015,Servicos sob Demanda,Projetos,V003,1,8398.0,3622.5,8649.94,30,5027.4400000000005
VND003589,2025-06-01,P017,Servicos sob Demanda,Consultoria,V005,2,2824.64,1863.0,6214.21,30,4351.21
VND003590,2025-06-01,P016,Servicos sob Demanda,Projetos,V001,1,12350.0,5382.0,13338.0,30,7956.0
VND003591,2025-06-02,P010,Moveis Comerciais,Armazenagem,V008,4,2420.6,5796.0,9876.05,15,4080.0499999999993
VND003592,2025-06-02,P006,Moveis Domesticos,Estofados,V007,5,968.24,2691.0,5131.67,30,2440.67
VND003593,2025-06-02,P017,Servicos sob Demanda,Consultoria,V004,4,2912.0,3726.0,10483.2,7,6757.200000000001
VND003594,2025-06-02,P004,Moveis Domesticos,Dormitorio,V006,1,3224.0,1914.75,3127.28,45,1212.5300000000002
VND003595,2025-06-02,P001,Moveis Domesticos,Estofados,V005,1,1827.8,1138.5,2010.58,45,872.0799999999999
VND003596,2025-06-02,P012,Moveis Comerciais,Estacoes,V004,2,4992.0,5899.5,8985.6,30,3086.1000000000004
VND003597,2025-06-03,P006,Moveis Domesticos,Estofados,V008,2,1019.2,1076.4,2079.17,45,1002.77
VND003598,2025-06-03,P001,Moveis Domesticos,Estofados,V006,1,1827.8,1138.5,1772.97,0,634.47
VND003599,2025-06-03,P013,Moveis Comerciais,Mesas,V001,4,3853.2,9108.0,16645.82,30,7537.82
VND003600,2025-06-03,P002,Moveis Domesticos,Mesas,V007,1,2104.96,1293.75,2231.26,7,937.5100000000002
VND003601,2025-06-03,P008,Moveis Comerciais,Cadeiras,V003,3,1196.0,1987.2,3695.64,30,1708.4399999999998
VND003602,2025-06-03,P007,Moveis Domesticos,Escritorio,V001,1,1291.68,786.6,1395.01,45,608.41
VND003603,2025-06-03,P007,Moveis Domesticos,Escritorio,V001,2,1404.0,1573.2,3032.64,7,1459.4399999999998
VND003604,2025-06-03,P003,Moveis Domesticos,Dormitorio,V007,5,2568.8,7762.5,13614.64,7,5852.139999999999
VND003605,2025-06-04,P005,Moveis Domesticos,Sala,V008,2,1300.0,1490.4,2652.0,30,1161.6
VND003606,2025-06-04,P004,Moveis Domesticos,Dormitorio,V006,1,3224.0,1914.75,3127.28,45,1212.5300000000002
VND003607,2025-06-04,P004,Moveis Domesticos,Dormitorio,V005,4,3224.0,7659.0,14185.6,45,6526.6
VND003608,2025-06-05,P008,Moveis Comerciais,Cadeiras,V005,1,1196.0,662.4,1315.6,0,653.1999999999999
VND003609,2025-06-05,P002,Moveis Domesticos,Mesas,V007,1,2173.6,1293.75,2304.02,60,1010.27
VND003610,2025-06-05,P003,Moveis Domesticos,Dormitorio,V007,1,2704.0,1552.5,2866.24,30,1313.7399999999998
VND003611,2025-06-05,P007,Moveis Domesticos,Escritorio,V007,2,1291.68,1573.2,2738.36,60,1165.16
VND003612,2025-06-05,P010,Moveis Comerciais,Armazenagem,V001,1,2548.0,1449.0,2751.84,7,1302.8400000000001
VND003613,2025-06-05,P013,Moveis Comerciais,Mesas,V001,1,4056.0,2277.0,4380.48,7,2103.4799999999996
VND003614,2025-06-05,P011,Moveis Comerciais,Atendimento,V008,1,3328.0,1914.75,3394.56,30,1479.81
VND003615,2025-06-06,P001,Moveis Domesticos,Estofados,V002,4,1827.8,4554.0,6945.64,45,2391.6400000000003
VND003616,2025-06-06,P013,Moveis Comerciais,Mesas,V006,1,3731.52,2277.0,3619.57,45,1342.5700000000002
VND003617,2025-06-06,P005,Moveis Domesticos,Sala,V001,2,1196.0,1490.4,2583.36,45,1092.96
VND003618,2025-06-06,P015,Servicos sob Demanda,Projetos,V006,1,8398.0,3622.5,8146.06,30,4523.56
VND003619,2025-06-06,P009,Moveis Comerciais,Mesas,V005,1,1820.0,1014.3,2002.0,45,987.7
VND003620,2025-06-06,P007,Moveis Domesticos,Escritorio,V005,1,1404.0,786.6,1544.4,45,757.8000000000001
VND003621,2025-06-07,P001,Moveis Domesticos,Estofados,V001,5,1924.0,5692.5,10389.6,30,4697.1
VND003622,2025-06-07,P008,Moveis Comerciais,Cadeiras,V006,1,1196.0,662.4,1160.12,30,497.7199999999999
VND003623,2025-06-07,P012,Moveis Comerciais,Estacoes,V002,2,4992.0,5899.5,9484.8,45,3585.2999999999993
VND003624,2025-06-07,P018,Servicos sob Demanda,Projetos,V003,1,7072.0,2691.0,7284.16,45,4593.16
VND003625,2025-06-07,P013,Moveis Comerciais,Mesas,V008,1,3934.32,2277.0,4013.01,7,1736.0100000000002
VND003626,2025-06-07,P010,Moveis Comerciais,Armazenagem,V001,1,2420.6,1449.0,2614.25,30,1165.25
VND003627,2025-06-07,P007,Moveis Domesticos,Escritorio,V008,2,1333.8,1573.2,2720.95,30,1147.7499999999998
VND003628,2025-06-08,P009,Moveis Comerciais,Mesas,V004,3,1729.0,3042.9,4668.3,45,1625.4
VND003629,2025-06-08,P004,Moveis Domesticos,Dormitorio,V002,1,3224.0,1914.75,3062.8,60,1148.0500000000002
VND003630,2025-06-08,P005,Moveis Domesticos,Sala,V007,4,1196.0,2980.8,5071.04,0,2090.24
VND003631,2025-06-08,P008,Moveis Comerciais,Cadeiras,V004,1,1136.2,662.4,1022.58,15,360.18000000000006
VND003632,2025-06-08,P009,Moveis Comerciais,Mesas,V004,1,1820.0,1014.3,1638.0,0,623.7
VND003633,2025-06-08,P017,Servicos sob Demanda,Consultoria,V001,3,2912.0,2794.5,9434.88,30,6640.379999999999
VND003634,2025-06-08,P004,Moveis Domesticos,Dormitorio,V001,1,3127.28,1914.75,3377.46,15,1462.71
VND003635,2025-06-09,P010,Moveis Comerciais,Armazenagem,V001,1,2548.0,1449.0,2751.84,15,1302.8400000000001
VND003636,2025-06-09,P016,Servicos sob Demanda,Projetos,V004,1,12350.0,5382.0,11115.0,45,5733.0
VND003637,2025-06-09,P005,Moveis Domesticos,Sala,V003,2,1300.0,1490.4,2678.0,7,1187.6
VND003638,2025-06-09,P005,Moveis Domesticos,Sala,V006,1,1300.0,745.2,1261.0,15,515.8
VND003639,2025-06-09,P015,Servicos sob Demanda,Projetos,V008,2,8132.8,7245.0,16590.91,30,9345.91
VND003640,2025-06-09,P001,Moveis Domesticos,Estofados,V006,1,1924.0,1138.5,1866.28,45,727.78
VND003641,2025-06-10,P003,Moveis Domesticos,Dormitorio,V008,1,2622.88,1552.5,2675.34,30,1122.8400000000001
VND003642,2025-06-10,P018,Servicos sob Demanda,Projetos,V008,4,7072.0,10764.0,28853.76,60,18089.76
VND003643,2025-06-10,P008,Moveis Comerciais,Cadeiras,V004,2,1136.2,1324.8,2045.16,15,720.3600000000001
VND003644,2025-06-10,P015,Servicos sob Demanda,Projetos,V006,1,8574.8,3622.5,8317.56,0,4695.0599999999995
VND003645,2025-06-10,P008,Moveis Comerciais,Cadeiras,V006,1,1196.0,662.4,1160.12,0,497.7199999999999
VND003646,2025-06-10,P012,Moveis Comerciais,Estacoes,V008,1,4592.64,2949.75,4684.49,7,1734.7399999999998
VND003647,2025-06-10,P008,Moveis Comerciais,Cadeiras,V005,2,1136.2,1324.8,2499.64,15,1174.84
VND003648,2025-06-10,P010,Moveis Comerciais,Armazenagem,V008,1,2471.56,1449.0,2520.99,0,1071.9899999999998
VND003649,2025-06-10,P011,Moveis Comerciais,Atendimento,V002,1,3328.0,1914.75,3161.6,0,1246.85
VND003650,2025-06-11,P009,Moveis Comerciais,Mesas,V004,1,1765.4,1014.3,1588.86,15,574.56
VND003651,2025-06-11,P001,Moveis Domesticos,Estofados,V005,1,1924.0,1138.5,2116.4,0,977.9000000000001
VND003652,2025-06-11,P004,Moveis Domesticos,Dormitorio,V008,3,3224.0,5744.25,9865.44,45,4121.1900000000005
VND003653,2025-06-11,P009,Moveis Comerciais,Mesas,V003,1,1820.0,1014.3,1874.6,0,860.3
VND003654,2025-06-12,P006,Moveis Domesticos,Estofados,V006,1,1019.2,538.2,988.62,0,450.41999999999996
VND003655,2025-06-12,P005,Moveis Domesticos,Sala,V003,1,1235.0,745.2,1272.05,30,526.8499999999999
VND003656,2025-06-12,P001,Moveis Domesticos,Estofados,V007,2,1924.0,2277.0,4078.88,15,1801.88
VND003657,2025-06-12,P007,Moveis Domesticos,Escritorio,V001,1,1404.0,786.6,1516.32,15,729.7199999999999
VND003658,2025-06-12,P004,Moveis Domesticos,Dormitorio,V006,2,3224.0,3829.5,6254.56,7,2425.0600000000004
VND003659,2025-06-12,P008,Moveis Comerciais,Cadeiras,V005,1,1136.2,662.4,1249.82,15,587.42
VND003660,2025-06-13,P015,Servicos sob Demanda,Projetos,V008,1,8840.0,3622.5,9016.8,45,5394.299999999999
VND003661,2025-06-13,P006,Moveis Domesticos,Estofados,V001,1,988.62,538.2,1067.71,7,529.51
VND003662,2025-06-13,P010,Moveis Comerciais,Armazenagem,V002,2,2548.0,2898.0,4841.2,45,1943.1999999999998
VND003663,2025-06-13,P004,Moveis Domesticos,Dormitorio,V005,3,2966.08,5744.25,9788.06,30,4043.8099999999995
VND003664,2025-06-13,P003,Moveis Domesticos,Dormitorio,V004,1,2704.0,1552.5,2433.6,15,881.0999999999999
VND003665,2025-06-13,P003,Moveis Domesticos,Dormitorio,V006,4,2704.0,6210.0,10491.52,30,4281.52
VND003666,2025-06-14,P002,Moveis Domesticos,Mesas,V002,1,2288.0,1293.75,2173.6,0,879.8499999999999
VND003667,2025-06-14,P002,Moveis Domesticos,Mesas,V004,2,2288.0,2587.5,4118.4,45,1530.8999999999996
VND003668,2025-06-15,P006,Moveis Domesticos,Estofados,V003,1,968.24,538.2,997.29,30,459.0899999999999
VND003669,2025-06-15,P017,Servicos sob Demanda,Consultoria,V006,4,2824.64,3726.0,10959.6,45,7233.6
VND003670,2025-06-15,P011,Moveis Comerciais,Atendimento,V008,1,3161.6,1914.75,3224.83,15,1310.08
VND003671,2025-06-15,P009,Moveis Comerciais,Mesas,V008,2,1765.4,2028.6,3601.42,7,1572.8200000000002
VND003672,2025-06-15,P002,Moveis Domesticos,Mesas,V002,1,2288.0,1293.75,2173.6,45,879.8499999999999
VND003673,2025-06-16,P003,Moveis Domesticos,Dormitorio,V006,1,2568.8,1552.5,2491.74,15,939.2399999999998
VND003674,2025-06-16,P010,Moveis Comerciais,Armazenagem,V002,3,2420.6,4347.0,6898.71,15,2551.71
VND003675,2025-06-16,P009,Moveis Comerciais,Mesas,V003,1,1820.0,1014.3,1874.6,60,860.3
VND003676,2025-06-16,P017,Servicos sob Demanda,Consultoria,V007,1,2912.0,931.5,3086.72,0,2155.22
VND003677,2025-06-16,P011,Moveis Comerciais,Atendimento,V008,1,3061.76,1914.75,3123.0,0,1208.25
VND003678,2025-06-16,P014,Servicos sob Demanda,Projetos,V002,1,5408.0,2173.5,5137.6,30,2964.1000000000004
VND003679,2025-06-16,P018,Servicos sob Demanda,Projetos,V006,1,7072.0,2691.0,6859.84,15,4168.84
VND003680,2025-06-16,P009,Moveis Comerciais,Mesas,V005,3,1765.4,3042.9,5825.82,15,2782.9199999999996
VND003681,2025-06-16,P005,Moveis Domesticos,Sala,V005,1,1300.0,745.2,1430.0,0,684.8
VND003682,2025-06-16,P004,Moveis Domesticos,Dormitorio,V003,2,3062.8,3829.5,6309.37,0,2479.87
VND003683,2025-06-17,P008,Moveis Comerciais,Cadeiras,V002,1,1100.32,662.4,1045.3,60,382.9
VND003684,2025-06-17,P010,Moveis Comerciais,Armazenagem,V007,2,2420.6,2898.0,5131.67,0,2233.67
VND003685,2025-06-17,P014,Servicos sob Demanda,Projetos,V007,1,5408.0,2173.5,5732.48,7,3558.9799999999996
VND003686,2025-06-17,P015,Servicos sob Demanda,Projetos,V004,1,8840.0,3622.5,7956.0,7,4333.5
VND003687,2025-06-17,P002,Moveis Domesticos,Mesas,V002,2,2104.96,2587.5,3999.42,7,1411.92
VND003688,2025-06-17,P001,Moveis Domesticos,Estofados,V004,1,1924.0,1138.5,1731.6,30,593.0999999999999
VND003689,2025-06-17,P003,Moveis Domesticos,Dormitorio,V008,3,2568.8,4657.5,7860.53,0,3203.0299999999997
VND003690,2025-06-17,P005,Moveis Domesticos,Sala,V003,1,1261.0,745.2,1298.83,30,553.6299999999999
VND003691,2025-06-17,P013,Moveis Comerciais,Mesas,V008,1,4056.0,2277.0,4137.12,15,1860.12
VND003692,2025-06-17,P007,Moveis Domesticos,Escritorio,V008,1,1333.8,786.6,1360.48,15,573.88
VND003693,2025-06-17,P001,Moveis Domesticos,Estofados,V001,2,1770.08,2277.0,3823.37,30,1546.37
VND003694,2025-06-18,P003,Moveis Domesticos,Dormitorio,V007,1,2704.0,1552.5,2866.24,15,1313.7399999999998
VND003695,2025-06-18,P002,Moveis Domesticos,Mesas,V002,2,2173.6,2587.5,4129.84,30,1542.3400000000001
VND003696,2025-06-18,P014,Servicos sob Demanda,Projetos,V003,1,5408.0,2173.5,5570.24,15,3396.74
VND003697,2025-06-18,P009,Moveis Comerciais,Mesas,V004,1,1765.4,1014.3,1588.86,0,574.56
VND003698,2025-06-18,P008,Moveis Comerciais,Cadeiras,V001,1,1136.2,662.4,1227.1,60,564.6999999999999
VND003699,2025-06-18,P012,Moveis Comerciais,Estacoes,V004,1,4842.24,2949.75,4358.02,60,1408.2700000000004
VND003700,2025-06-18,P008,Moveis Comerciais,Cadeiras,V006,1,1100.32,662.4,1067.31,30,404.90999999999997
VND003701,2025-06-18,P015,Servicos sob Demanda,Projetos,V002,7,8398.0,25357.5,55846.7,45,30489.199999999997
VND003702,2025-06-18,P013,Moveis Comerciais,Mesas,V005,4,3934.32,9108.0,17311.01,45,8203.009999999998
VND003703,2025-06-18,P013,Moveis Comerciais,Mesas,V008,2,3934.32,4554.0,8026.01,7,3472.01
VND003704,2025-06-18,P015,Servicos sob Demanda,Projetos,V003,3,8840.0,10867.5,27315.6,30,16448.1
VND003705,2025-06-18,P001,Moveis Domesticos,Estofados,V002,1,1770.08,1138.5,1681.58,7,543.0799999999999
VND003706,2025-06-18,P008,Moveis Comerciais,Cadeiras,V005,2,1196.0,1324.8,2631.2,30,1306.3999999999999
VND003707,2025-06-18,P010,Moveis Comerciais,Armazenagem,V005,4,2548.0,5796.0,11211.2,60,5415.200000000001
VND003708,2025-06-19,P006,Moveis Domesticos,Estofados,V005,2,988.62,1076.4,2174.96,45,1098.56
VND003709,2025-06-19,P008,Moveis Comerciais,Cadeiras,V006,1,1196.0,662.4,1160.12,7,497.7199999999999
VND003710,2025-06-19,P014,Servicos sob Demanda,Projetos,V004,1,5137.6,2173.5,4623.84,30,2450.34
VND003711,2025-06-19,P008,Moveis Comerciais,Cadeiras,V007,1,1100.32,662.4,1166.34,45,503.93999999999994
VND003712,2025-06-20,P018,Servicos sob Demanda,Projetos,V006,1,6859.84,2691.0,6654.04,30,3963.04
VND003713,2025-06-20,P010,Moveis Comerciais,Armazenagem,V005,4,2420.6,5796.0,10650.64,7,4854.639999999999
VND003714,2025-06-20,P001,Moveis Domesticos,Estofados,V003,2,1924.0,2277.0,3963.44,0,1686.44
VND003715,2025-06-20,P008,Moveis Comerciais,Cadeiras,V003,1,1136.2,662.4,1170.29,45,507.89
VND003716,2025-06-21,P006,Moveis Domesticos,Estofados,V008,3,1019.2,1614.6,3118.75,15,1504.15
VND003717,2025-06-21,P016,Servicos sob Demanda,Projetos,V004,1,12350.0,5382.0,11115.0,60,5733.0
VND003718,2025-06-21,P007,Moveis Domesticos,Escritorio,V002,4,1404.0,3146.4,5335.2,7,2188.7999999999997
VND003719,2025-06-21,P011,Moveis Comerciais,Atendimento,V007,1,3161.6,1914.75,3351.3,15,1436.5500000000002
VND003720,2025-06-21,P006,Moveis Domesticos,Estofados,V003,1,937.66,538.2,965.79,30,427.5899999999999
VND003721,2025-06-21,P009,Moveis Comerciais,Mesas,V002,1,1729.0,1014.3,1642.55,7,628.25
VND003722,2025-06-21,P006,Moveis Domesticos,Estofados,V005,1,968.24,538.2,1065.06,15,526.8599999999999
VND003723,2025-06-21,P014,Servicos sob Demanda,Projetos,V003,3,5408.0,6520.5,16710.72,15,10190.220000000001
VND003724,2025-06-21,P013,Moveis Comerciais,Mesas,V005,3,4056.0,6831.0,13384.8,7,6553.799999999999
VND003725,2025-06-21,P010,Moveis Comerciais,Armazenagem,V001,1,2344.16,1449.0,2531.69,7,1082.69
VND003726,2025-06-22,P005,Moveis Domesticos,Sala,V003,3,1235.0,2235.6,3816.15,60,1580.5500000000002
VND003727,2025-06-22,P008,Moveis Comerciais,Cadeiras,V007,1,1196.0,662.4,1267.76,45,605.36
VND003728,2025-06-22,P009,Moveis Comerciais,Mesas,V002,1,1820.0,1014.3,1729.0,45,714.7
VND003729,2025-06-23,P001,Moveis Domesticos,Estofados,V005,1,1866.28,1138.5,2052.91,15,914.4099999999999
VND003730,2025-06-23,P004,Moveis Domesticos,Dormitorio,V005,1,3224.0,1914.75,3546.4,15,1631.65
VND003731,2025-06-23,P002,Moveis Domesticos,Mesas,V007,4,2104.96,5175.0,8925.03,45,3750.0300000000007
VND003732,2025-06-23,P004,Moveis Domesticos,Dormitorio,V008,1,3224.0,1914.75,3288.48,7,1373.73
VND003733,2025-06-23,P001,Moveis Domesticos,Estofados,V005,1,1924.0,1138.5,2116.4,60,977.9000000000001
VND003734,2025-06-23,P003,Moveis Domesticos,Dormitorio,V008,3,2704.0,4657.5,8274.24,30,3616.74
VND003735,2025-06-23,P013,Moveis Comerciais,Mesas,V007,1,4056.0,2277.0,4299.36,30,2022.3599999999997
VND003736,2025-06-23,P002,Moveis Domesticos,Mesas,V007,2,2288.0,2587.5,4850.56,15,2263.0600000000004
VND003737,2025-06-23,P018,Servicos sob Demanda,Projetos,V005,1,6718.4,2691.0,7390.24,45,4699.24
VND003738,2025-06-23,P018,Servicos sob Demanda,Projetos,V005,3,7072.0,8073.0,23337.6,30,15264.599999999999
VND003739,2025-06-23,P005,Moveis Domesticos,Sala,V001,1,1235.0,745.2,1333.8,15,588.5999999999999
VND003740,2025-06-23,P009,Moveis Comerciais,Mesas,V001,4,1820.0,4057.2,7862.4,30,3805.2
VND003741,2025-06-23,P002,Moveis Domesticos,Mesas,V004,2,2173.6,2587.5,3912.48,7,1324.98
VND003742,2025-06-24,P008,Moveis Comerciais,Cadeiras,V004,2,1196.0,1324.8,2152.8,45,828.0000000000002
VND003743,2025-06-24,P005,Moveis Domesticos,Sala,V005,3,1196.0,2235.6,3946.8,0,1711.2000000000003
VND003744,2025-06-24,P013,Moveis Comerciais,Mesas,V006,3,3853.2,6831.0,11212.81,0,4381.8099999999995
VND003745,2025-06-24,P015,Servicos sob Demanda,Projetos,V003,2,8840.0,7245.0,18210.4,15,10965.400000000001
VND003746,2025-06-24,P006,Moveis Domesticos,Estofados,V002,3,1019.2,1614.6,2904.72,30,1290.12
VND003747,2025-06-24,P004,Moveis Domesticos,Dormitorio,V006,4,2966.08,7659.0,11508.39,15,3849.3899999999994
VND003748,2025-06-24,P014,Servicos sob Demanda,Projetos,V001,1,5245.76,2173.5,5665.42,30,3491.92
VND003749,2025-06-24,P003,Moveis Domesticos,Dormitorio,V005,2,2704.0,3105.0,5948.8,45,2843.8
VND003750,2025-06-24,P009,Moveis Comerciais,Mesas,V007,1,1729.0,1014.3,1832.74,7,818.44
VND003751,2025-06-24,P016,Servicos sob Demanda,Projetos,V007,1,12610.0,5382.0,13366.6,45,7984.6
VND003752,2025-06-24,P009,Moveis Comerciais,Mesas,V008,1,1765.4,1014.3,1800.71,30,786.4100000000001
VND003753,2025-06-25,P004,Moveis Domesticos,Dormitorio,V004,1,3224.0,1914.75,2901.6,15,986.8499999999999
VND003754,2025-06-25,P006,Moveis Domesticos,Estofados,V001,2,988.62,1076.4,2135.42,0,1059.02
VND003755,2025-06-25,P007,Moveis Domesticos,Escritorio,V004,1,1361.88,786.6,1225.69,45,439.09000000000003
VND003756,2025-06-25,P009,Moveis Comerciais,Mesas,V005,1,1674.4,1014.3,1841.84,0,827.54
VND003757,2025-06-25,P001,Moveis Domesticos,Estofados,V001,1,1770.08,1138.5,1911.69,15,773.19
VND003758,2025-06-25,P001,Moveis Domesticos,Estofados,V008,2,1866.28,2277.0,3807.21,15,1530.21
VND003759,2025-06-25,P006,Moveis Domesticos,Estofados,V002,3,1019.2,1614.6,2904.72,0,1290.12
VND003760,2025-06-26,P006,Moveis Domesticos,Estofados,V008,2,968.24,1076.4,1975.21,60,898.81
VND003761,2025-06-26,P002,Moveis Domesticos,Mesas,V002,3,2288.0,3881.25,6520.8,0,2639.55
VND003762,2025-06-26,P006,Moveis Domesticos,Estofados,V003,2,1019.2,1076.4,2099.55,15,1023.1500000000001
VND003763,2025-06-26,P013,Moveis Comerciais,Mesas,V002,2,4056.0,4554.0,7706.4,15,3152.3999999999996
VND003764,2025-06-26,P005,Moveis Domesticos,Sala,V008,1,1300.0,745.2,1326.0,60,580.8
VND003765,2025-06-27,P011,Moveis Comerciais,Atendimento,V007,4,3228.16,7659.0,13687.4,30,6028.4
VND003766,2025-06-27,P007,Moveis Domesticos,Escritorio,V006,1,1361.88,786.6,1321.02,30,534.42
VND003767,2025-06-27,P008,Moveis Comerciais,Cadeiras,V004,3,1196.0,1987.2,3229.2,0,1241.9999999999998
VND003768,2025-06-27,P004,Moveis Domesticos,Dormitorio,V001,2,3062.8,3829.5,6615.65,15,2786.1499999999996
VND003769,2025-06-28,P013,Moveis Comerciais,Mesas,V003,1,3853.2,2277.0,3968.8,15,1691.8000000000002
VND003770,2025-06-28,P008,Moveis Comerciais,Cadeiras,V007,1,1196.0,662.4,1267.76,0,605.36
VND003771,2025-06-28,P012,Moveis Comerciais,Estacoes,V006,1,4592.64,2949.75,4454.86,30,1505.1099999999997
VND003772,2025-06-28,P018,Servicos sob Demanda,Projetos,V007,1,6506.24,2691.0,6896.61,15,4205.61
VND003773,2025-06-28,P002,Moveis Domesticos,Mesas,V004,1,2219.36,1293.75,1997.42,15,703.6700000000001
VND003774,2025-06-28,P009,Moveis Comerciais,Mesas,V008,2,1765.4,2028.6,3601.42,30,1572.8200000000002
VND003775,2025-06-28,P001,Moveis Domesticos,Estofados,V003,5,1924.0,5692.5,9908.6,30,4216.1
VND003776,2025-06-28,P010,Moveis Comerciais,Armazenagem,V006,2,2548.0,2898.0,4943.12,7,2045.12
VND003777,2025-06-29,P005,Moveis Domesticos,Sala,V005,4,1261.0,2980.8,5548.4,15,2567.5999999999995
VND003778,2025-06-29,P009,Moveis Comerciais,Mesas,V003,2,1820.0,2028.6,3749.2,0,1720.6
VND003779,2025-06-29,P007,Moveis Domesticos,Escritorio,V006,4,1361.88,3146.4,5284.09,30,2137.69
VND003780,2025-06-29,P008,Moveis Comerciais,Cadeiras,V007,1,1196.0,662.4,1267.76,0,605.36
VND003781,2025-06-29,P006,Moveis Domesticos,Estofados,V006,1,1019.2,538.2,988.62,45,450.41999999999996
VND003782,2025-06-29,P008,Moveis Comerciais,Cadeiras,V007,1,1160.12,662.4,1229.73,45,567.33
VND003783,2025-06-29,P003,Moveis Domesticos,Dormitorio,V005,3,2487.68,4657.5,8209.34,15,3551.84
VND003784,2025-06-29,P006,Moveis Domesticos,Estofados,V005,1,1019.2,538.2,1121.12,7,582.9199999999998
VND003785,2025-06-29,P008,Moveis Comerciais,Cadeiras,V005,3,1196.0,1987.2,3946.8,30,1959.6000000000001
VND003786,2025-06-29,P005,Moveis Domesticos,Sala,V006,4,1196.0,2980.8,4640.48,60,1659.6799999999994
VND003787,2025-06-30,P011,Moveis Comerciais,Atendimento,V003,1,3228.16,1914.75,3325.0,15,1410.25
VND003788,2025-06-30,P006,Moveis Domesticos,Estofados,V008,2,1019.2,1076.4,2079.17,30,1002.77
VND003789,2025-06-30,P018,Servicos sob Demanda,Projetos,V003,1,6718.4,2691.0,6919.95,45,4228.95
VND003790,2025-06-30,P005,Moveis Domesticos,Sala,V002,1,1300.0,745.2,1235.0,0,489.79999999999995
VND003791,2025-06-30,P013,Moveis Comerciais,Mesas,V006,3,3731.52,6831.0,10858.72,15,4027.7199999999993
VND003792,2025-06-30,P013,Moveis Comerciais,Mesas,V008,2,4056.0,4554.0,8274.24,60,3720.24
VND003793,2025-06-30,P011,Moveis Comerciais,Atendimento,V001,2,3061.76,3829.5,6613.4,30,2783.8999999999996
VND003794,2025-06-30,P005,Moveis Domesticos,Sala,V005,1,1300.0,745.2,1430.0,0,684.8
VND003795,2025-06-30,P005,Moveis Domesticos,Sala,V004,2,1300.0,1490.4,2340.0,30,849.5999999999999
VND003796,2025-06-30,P009,Moveis Comerciais,Mesas,V005,1,1765.4,1014.3,1941.94,60,927.6400000000001
VND003797,2025-06-30,P009,Moveis Comerciais,Mesas,V003,2,1820.0,2028.6,3749.2,45,1720.6
VND003798,2025-06-30,P015,Servicos sob Demanda,Projetos,V002,1,8574.8,3622.5,8146.06,0,4523.56
VND003799,2025-07-01,P011,Moveis Comerciais,Atendimento,V002,2,3328.0,3829.5,6323.2,0,2493.7
VND003800,2025-07-01,P015,Servicos sob Demanda,Projetos,V006,1,8840.0,3622.5,8574.8,30,4952.299999999999
VND003801,2025-07-01,P009,Moveis Comerciais,Mesas,V004,2,1820.0,2028.6,3276.0,30,1247.4
VND003802,2025-07-01,P013,Moveis Comerciais,Mesas,V001,1,3853.2,2277.0,4161.46,15,1884.46
VND003803,2025-07-01,P017,Servicos sob Demanda,Consultoria,V008,2,2679.04,1863.0,5465.24,15,3602.24
VND003804,2025-07-01,P013,Moveis Comerciais,Mesas,V006,1,3934.32,2277.0,3816.29,45,1539.29
VND003805,2025-07-01,P012,Moveis Comerciais,Estacoes,V005,1,4742.4,2949.75,5216.64,0,2266.8900000000003
VND003806,2025-07-01,P002,Moveis Domesticos,Mesas,V004,1,2219.36,1293.75,1997.42,7,703.6700000000001
VND003807,2025-07-01,P002,Moveis Domesticos,Mesas,V002,2,2219.36,2587.5,4216.78,0,1629.2799999999997
VND003808,2025-07-01,P015,Servicos sob Demanda,Projetos,V006,1,8840.0,3622.5,8574.8,15,4952.299999999999
VND003809,2025-07-01,P001,Moveis Domesticos,Estofados,V001,1,1827.8,1138.5,1974.02,0,835.52
VND003810,2025-07-01,P010,Moveis Comerciais,Armazenagem,V004,2,2420.6,2898.0,4357.08,30,1459.08
VND003811,2025-07-02,P016,Servicos sob Demanda,Projetos,V005,3,12610.0,16146.0,41613.0,15,25467.0
VND003812,2025-07-02,P005,Moveis Domesticos,Sala,V007,1,1300.0,745.2,1378.0,15,632.8
VND003813,2025-07-02,P013,Moveis Comerciais,Mesas,V008,1,4056.0,2277.0,4137.12,30,1860.12
VND003814,2025-07-02,P015,Servicos sob Demanda,Projetos,V004,2,8398.0,7245.0,15116.4,30,7871.4
VND003815,2025-07-02,P001,Moveis Domesticos,Estofados,V002,3,1924.0,3415.5,5483.4,7,2067.8999999999996
VND003816,2025-07-02,P003,Moveis Domesticos,Dormitorio,V002,1,2704.0,1552.5,2568.8,60,1016.3000000000002
VND003817,2025-07-02,P008,Moveis Comerciais,Cadeiras,V005,2,1196.0,1324.8,2631.2,15,1306.3999999999999
VND003818,2025-07-03,P006,Moveis Domesticos,Estofados,V005,1,988.62,538.2,1087.48,30,549.28
VND003819,2025-07-03,P014,Servicos sob Demanda,Projetos,V005,2,5137.6,4347.0,11302.72,15,6955.719999999999
VND003820,2025-07-03,P012,Moveis Comerciais,Estacoes,V004,3,4992.0,8849.25,13478.4,30,4629.15
VND003821,2025-07-03,P006,Moveis Domesticos,Estofados,V008,1,937.66,538.2,956.41,15,418.2099999999999
VND003822,2025-07-03,P003,Moveis Domesticos,Dormitorio,V001,1,2568.8,1552.5,2774.3,7,1221.8000000000002
VND003823,2025-07-03,P003,Moveis Domesticos,Dormitorio,V004,1,2704.0,1552.5,2433.6,7,881.0999999999999
VND003824,2025-07-04,P006,Moveis Domesticos,Estofados,V006,1,1019.2,538.2,988.62,30,450.41999999999996
VND003825,2025-07-04,P009,Moveis Comerciais,Mesas,V005,1,1765.4,1014.3,1941.94,15,927.6400000000001
VND003826,2025-07-04,P010,Moveis Comerciais,Armazenagem,V007,2,2471.56,2898.0,5239.71,30,2341.71
VND003827,2025-07-04,P001,Moveis Domesticos,Estofados,V003,1,1924.0,1138.5,1981.72,0,843.22
VND003828,2025-07-04,P014,Servicos sob Demanda,Projetos,V005,2,5245.76,4347.0,11540.67,45,7193.67
VND003829,2025-07-04,P011,Moveis Comerciais,Atendimento,V008,2,3161.6,3829.5,6449.66,60,2620.16
VND003830,2025-07-04,P008,Moveis Comerciais,Cadeiras,V008,1,1160.12,662.4,1183.32,30,520.92
VND003831,2025-07-04,P009,Moveis Comerciais,Mesas,V005,2,1674.4,2028.6,3683.68,15,1655.08
VND003832,2025-07-05,P016,Servicos sob Demanda,Projetos,V007,2,13000.0,10764.0,27560.0,15,16796.0
VND003833,2025-07-05,P012,Moveis Comerciais,Estacoes,V007,3,4992.0,8849.25,15874.56,15,7025.3099999999995
VND003834,2025-07-05,P017,Servicos sob Demanda,Consultoria,V006,3,2766.4,2794.5,8050.22,30,5255.72
VND003835,2025-07-05,P018,Servicos sob Demanda,Projetos,V003,1,6859.84,2691.0,7065.64,60,4374.64
VND003836,2025-07-05,P002,Moveis Domesticos,Mesas,V007,3,2288.0,3881.25,7275.84,45,3394.59
VND003837,2025-07-05,P010,Moveis Comerciais,Armazenagem,V001,2,2344.16,2898.0,5063.39,60,2165.3900000000003
VND003838,2025-07-05,P003,Moveis Domesticos,Dormitorio,V004,2,2487.68,3105.0,4477.82,15,1372.8199999999997
VND003839,2025-07-05,P001,Moveis Domesticos,Estofados,V005,2,1770.08,2277.0,3894.18,0,1617.1799999999998
VND003840,2025-07-05,P011,Moveis Comerciais,Atendimento,V004,1,3228.16,1914.75,2905.34,15,990.5900000000001
VND003841,2025-07-05,P001,Moveis Domesticos,Estofados,V003,2,1924.0,2277.0,3963.44,15,1686.44
VND003842,2025-07-05,P017,Servicos sob Demanda,Consultoria,V008,2,2912.0,1863.0,5940.48,0,4077.4799999999996
VND003843,2025-07-06,P004,Moveis Domesticos,Dormitorio,V008,2,3127.28,3829.5,6379.65,45,2550.1499999999996
VND003844,2025-07-06,P006,Moveis Domesticos,Estofados,V004,1,1019.2,538.2,917.28,30,379.0799999999999
VND003845,2025-07-06,P002,Moveis Domesticos,Mesas,V004,2,2104.96,2587.5,3788.93,45,1201.4299999999998
VND003846,2025-07-06,P008,Moveis Comerciais,Cadeiras,V001,1,1196.0,662.4,1291.68,30,629.2800000000001
VND003847,2025-07-06,P012,Moveis Comerciais,Estacoes,V004,2,4742.4,5899.5,8536.32,15,2636.8199999999997
VND003848,2025-07-06,P014,Servicos sob Demanda,Projetos,V007,2,5408.0,4347.0,11464.96,0,7117.959999999999
VND003849,2025-07-07,P010,Moveis Comerciais,Armazenagem,V003,1,2548.0,1449.0,2624.44,0,1175.44
VND003850,2025-07-07,P007,Moveis Domesticos,Escritorio,V006,1,1404.0,786.6,1361.88,0,575.2800000000001
VND003851,2025-07-07,P005,Moveis Domesticos,Sala,V001,2,1300.0,1490.4,2808.0,45,1317.6
VND003852,2025-07-07,P012,Moveis Comerciais,Estacoes,V003,1,4592.64,2949.75,4730.42,45,1780.67
VND003853,2025-07-07,P004,Moveis Domesticos,Dormitorio,V003,1,3127.28,1914.75,3221.1,7,1306.35
VND003854,2025-07-08,P013,Moveis Comerciais,Mesas,V003,1,3731.52,2277.0,3843.47,30,1566.4699999999998
VND003855,2025-07-08,P016,Servicos sob Demanda,Projetos,V008,2,13000.0,10764.0,26520.0,60,15756.0
VND003856,2025-07-08,P014,Servicos sob Demanda,Projetos,V005,2,5408.0,4347.0,11897.6,60,7550.6
VND003857,2025-07-08,P012,Moveis Comerciais,Estacoes,V005,2,4592.64,5899.5,10103.81,0,4204.3099999999995
VND003858,2025-07-08,P011,Moveis Comerciais,Atendimento,V006,1,3228.16,1914.75,3131.32,15,1216.5700000000002
VND003859,2025-07-08,P003,Moveis Domesticos,Dormitorio,V008,2,2568.8,3105.0,5240.35,30,2135.3500000000004
VND003860,2025-07-08,P009,Moveis Comerciais,Mesas,V003,1,1674.4,1014.3,1724.63,15,710.3300000000002
VND003861,2025-07-08,P003,Moveis Domesticos,Dormitorio,V006,2,2704.0,3105.0,5245.76,30,2140.76
VND003862,2025-07-08,P005,Moveis Domesticos,Sala,V005,1,1300.0,745.2,1430.0,30,684.8
VND003863,2025-07-09,P005,Moveis Domesticos,Sala,V007,1,1300.0,745.2,1378.0,30,632.8
VND003864,2025-07-09,P009,Moveis Comerciais,Mesas,V003,2,1765.4,2028.6,3636.72,30,1608.12
VND003865,2025-07-09,P018,Servicos sob Demanda,Projetos,V001,2,6506.24,5382.0,14053.48,0,8671.48
VND003866,2025-07-09,P007,Moveis Domesticos,Escritorio,V006,1,1333.8,786.6,1293.79,30,507.18999999999994
VND003867,2025-07-09,P004,Moveis Domesticos,Dormitorio,V003,3,3062.8,5744.25,9464.05,60,3719.7999999999993
VND003868,2025-07-09,P003,Moveis Domesticos,Dormitorio,V004,2,2568.8,3105.0,4623.84,0,1518.8400000000001
VND003869,2025-07-09,P004,Moveis Domesticos,Dormitorio,V006,1,3224.0,1914.75,3127.28,7,1212.5300000000002
VND003870,2025-07-09,P002,Moveis Domesticos,Mesas,V003,1,2173.6,1293.75,2238.81,0,945.06
VND003871,2025-07-10,P006,Moveis Domesticos,Estofados,V004,2,1019.2,1076.4,1834.56,0,758.1599999999999
VND003872,2025-07-10,P013,Moveis Comerciais,Mesas,V007,1,4056.0,2277.0,4299.36,15,2022.3599999999997
VND003873,2025-07-10,P009,Moveis Comerciais,Mesas,V003,3,1820.0,3042.9,5623.8,60,2580.9
VND003874,2025-07-11,P006,Moveis Domesticos,Estofados,V005,1,968.24,538.2,1065.06,30,526.8599999999999
VND003875,2025-07-11,P014,Servicos sob Demanda,Projetos,V006,2,5408.0,4347.0,10491.52,30,6144.52
VND003876,2025-07-11,P017,Servicos sob Demanda,Consultoria,V008,1,2912.0,931.5,2970.24,45,2038.7399999999998
VND003877,2025-07-11,P008,Moveis Comerciais,Cadeiras,V006,1,1196.0,662.4,1160.12,60,497.7199999999999
VND003878,2025-07-11,P005,Moveis Domesticos,Sala,V007,1,1300.0,745.2,1378.0,0,632.8
VND003879,2025-07-11,P014,Servicos sob Demanda,Projetos,V005,1,5137.6,2173.5,5651.36,15,3477.8599999999997
VND003880,2025-07-11,P016,Servicos sob Demanda,Projetos,V007,1,12350.0,5382.0,13091.0,0,7709.0
VND003881,2025-07-11,P018,Servicos sob Demanda,Projetos,V007,2,7072.0,5382.0,14992.64,45,9610.64
VND003882,2025-07-11,P015,Servicos sob Demanda,Projetos,V007,1,8840.0,3622.5,9370.4,15,5747.9
VND003883,2025-07-11,P008,Moveis Comerciais,Cadeiras,V006,2,1136.2,1324.8,2204.23,15,879.4300000000001
VND003884,2025-07-11,P015,Servicos sob Demanda,Projetos,V008,2,8132.8,7245.0,16590.91,30,9345.91
VND003885,2025-07-11,P001,Moveis Domesticos,Estofados,V008,3,1924.0,3415.5,5887.44,15,2471.9399999999996
VND003886,2025-07-11,P018,Servicos sob Demanda,Projetos,V007,2,6718.4,5382.0,14243.01,45,8861.01
VND003887,2025-07-11,P006,Moveis Domesticos,Estofados,V001,2,988.62,1076.4,2135.42,60,1059.02
VND003888,2025-07-11,P012,Moveis Comerciais,Estacoes,V004,1,4992.0,2949.75,4492.8,45,1543.0500000000002
VND003889,2025-07-12,P002,Moveis Domesticos,Mesas,V001,1,2288.0,1293.75,2471.04,30,1177.29
VND003890,2025-07-12,P013,Moveis Comerciais,Mesas,V008,1,4056.0,2277.0,4137.12,45,1860.12
VND003891,2025-07-12,P013,Moveis Comerciais,Mesas,V008,2,3934.32,4554.0,8026.01,7,3472.01
VND003892,2025-07-12,P008,Moveis Comerciais,Cadeiras,V001,1,1196.0,662.4,1291.68,0,629.2800000000001
VND003893,2025-07-12,P005,Moveis Domesticos,Sala,V008,2,1300.0,1490.4,2652.0,0,1161.6
VND003894,2025-07-12,P012,Moveis Comerciais,Estacoes,V007,1,4842.24,2949.75,5132.77,7,2183.0200000000004
VND003895,2025-07-12,P012,Moveis Comerciais,Estacoes,V008,1,4992.0,2949.75,5091.84,60,2142.09
VND003896,2025-07-12,P008,Moveis Comerciais,Cadeiras,V005,1,1160.12,662.4,1276.13,7,613.7300000000001
VND003897,2025-07-13,P009,Moveis Comerciais,Mesas,V004,3,1765.4,3042.9,4766.58,30,1723.6799999999998
VND003898,2025-07-13,P007,Moveis Domesticos,Escritorio,V003,1,1361.88,786.6,1402.74,0,616.14
VND003899,2025-07-13,P006,Moveis Domesticos,Estofados,V007,3,937.66,1614.6,2981.76,0,1367.1600000000003
VND003900,2025-07-13,P005,Moveis Domesticos,Sala,V008,1,1235.0,745.2,1259.7,45,514.5
VND003901,2025-07-13,P009,Moveis Comerciais,Mesas,V004,3,1674.4,3042.9,4520.88,15,1477.98
VND003902,2025-07-13,P002,Moveis Domesticos,Mesas,V006,4,2104.96,5175.0,8167.24,30,2992.24
VND003903,2025-07-13,P012,Moveis Comerciais,Estacoes,V004,2,4742.4,5899.5,8536.32,0,2636.8199999999997
VND003904,2025-07-13,P010,Moveis Comerciais,Armazenagem,V005,2,2548.0,2898.0,5605.6,0,2707.6000000000004
VND003905,2025-07-13,P012,Moveis Comerciais,Estacoes,V006,1,4842.24,2949.75,4696.97,7,1747.2200000000003
VND003906,2025-07-14,P007,Moveis Domesticos,Escritorio,V002,1,1333.8,786.6,1267.11,15,480.5099999999999
VND003907,2025-07-14,P005,Moveis Domesticos,Sala,V005,2,1300.0,1490.4,2860.0,30,1369.6
VND003908,2025-07-14,P008,Moveis Comerciais,Cadeiras,V006,1,1196.0,662.4,1160.12,15,497.7199999999999
VND003909,2025-07-14,P007,Moveis Domesticos,Escritorio,V008,1,1333.8,786.6,1360.48,30,573.88
VND003910,2025-07-14,P009,Moveis Comerciais,Mesas,V006,1,1765.4,1014.3,1712.44,0,698.1400000000001
VND003911,2025-07-14,P011,Moveis Comerciais,Atendimento,V001,3,3328.0,5744.25,10782.72,15,5038.469999999999
VND003912,2025-07-14,P006,Moveis Domesticos,Estofados,V008,1,988.62,538.2,1008.39,45,470.18999999999994
VND003913,2025-07-15,P005,Moveis Domesticos,Sala,V002,4,1300.0,2980.8,4940.0,15,1959.1999999999998
VND003914,2025-07-15,P008,Moveis Comerciais,Cadeiras,V002,1,1196.0,662.4,1136.2,0,473.80000000000007
VND003915,2025-07-15,P012,Moveis Comerciais,Estacoes,V004,1,4992.0,2949.75,4492.8,15,1543.0500000000002
VND003916,2025-07-15,P014,Servicos sob Demanda,Projetos,V002,1,5408.0,2173.5,5137.6,0,2964.1000000000004
VND003917,2025-07-15,P016,Servicos sob Demanda,Projetos,V006,2,13000.0,10764.0,25220.0,15,14456.0
VND003918,2025-07-15,P014,Servicos sob Demanda,Projetos,V004,1,5137.6,2173.5,4623.84,0,2450.34
VND003919,2025-07-16,P005,Moveis Domesticos,Sala,V004,1,1300.0,745.2,1170.0,0,424.79999999999995
VND003920,2025-07-16,P005,Moveis Domesticos,Sala,V002,1,1300.0,745.2,1235.0,30,489.79999999999995
VND003921,2025-07-16,P017,Servicos sob Demanda,Consultoria,V006,1,2766.4,931.5,2683.41,30,1751.9099999999999
VND003922,2025-07-16,P011,Moveis Comerciais,Atendimento,V006,2,3228.16,3829.5,6262.63,30,2433.13
VND003923,2025-07-16,P016,Servicos sob Demanda,Projetos,V008,3,12350.0,16146.0,37791.0,30,21645.0
VND003924,2025-07-17,P004,Moveis Domesticos,Dormitorio,V006,1,3062.8,1914.75,2970.92,30,1056.17
VND003925,2025-07-17,P006,Moveis Domesticos,Estofados,V007,4,1019.2,2152.8,4321.41,30,2168.6099999999997
VND003926,2025-07-17,P011,Moveis Comerciais,Atendimento,V002,3,3328.0,5744.25,9484.8,0,3740.5499999999993
VND003927,2025-07-17,P010,Moveis Comerciais,Armazenagem,V001,2,2548.0,2898.0,5503.68,30,2605.6800000000003
VND003928,2025-07-17,P008,Moveis Comerciais,Cadeiras,V002,1,1160.12,662.4,1102.11,45,439.7099999999999
VND003929,2025-07-17,P007,Moveis Domesticos,Escritorio,V006,1,1361.88,786.6,1321.02,0,534.42
VND003930,2025-07-18,P004,Moveis Domesticos,Dormitorio,V008,2,3224.0,3829.5,6576.96,60,2747.46
VND003931,2025-07-18,P006,Moveis Domesticos,Estofados,V008,1,1019.2,538.2,1039.58,30,501.3799999999999
VND003932,2025-07-18,P002,Moveis Domesticos,Mesas,V006,1,2219.36,1293.75,2152.78,30,859.0300000000002
VND003933,2025-07-18,P002,Moveis Domesticos,Mesas,V002,2,2288.0,2587.5,4347.2,45,1759.6999999999998
VND003934,2025-07-18,P005,Moveis Domesticos,Sala,V008,5,1300.0,3726.0,6630.0,30,2904.0
VND003935,2025-07-18,P006,Moveis Domesticos,Estofados,V008,1,968.24,538.2,987.6,7,449.4
VND003936,2025-07-18,P010,Moveis Comerciais,Armazenagem,V008,3,2548.0,4347.0,7796.88,15,3449.88
VND003937,2025-07-18,P008,Moveis Comerciais,Cadeiras,V003,1,1160.12,662.4,1194.92,15,532.5200000000001
VND003938,2025-07-19,P001,Moveis Domesticos,Estofados,V003,1,1866.28,1138.5,1922.27,15,783.77
VND003939,2025-07-19,P003,Moveis Domesticos,Dormitorio,V003,1,2622.88,1552.5,2701.57,0,1149.0700000000002
VND003940,2025-07-19,P001,Moveis Domesticos,Estofados,V003,1,1866.28,1138.5,1922.27,45,783.77
VND003941,2025-07-19,P008,Moveis Comerciais,Cadeiras,V004,1,1160.12,662.4,1044.11,45,381.7099999999999
VND003942,2025-07-19,P013,Moveis Comerciais,Mesas,V001,1,3853.2,2277.0,4161.46,30,1884.46
VND003943,2025-07-19,P002,Moveis Domesticos,Mesas,V005,3,2288.0,3881.25,7550.4,15,3669.1499999999996
VND003944,2025-07-19,P013,Moveis Comerciais,Mesas,V003,1,4056.0,2277.0,4177.68,30,1900.6800000000003
VND003945,2025-07-19,P001,Moveis Domesticos,Estofados,V002,1,1827.8,1138.5,1736.41,30,597.9100000000001
VND003946,2025-07-19,P004,Moveis Domesticos,Dormitorio,V005,2,2966.08,3829.5,6525.38,0,2695.88
VND003947,2025-07-19,P006,Moveis Domesticos,Estofados,V002,1,937.66,538.2,890.78,0,352.5799999999999
VND003948,2025-07-20,P006,Moveis Domesticos,Estofados,V004,1,1019.2,538.2,917.28,15,379.0799999999999
VND003949,2025-07-20,P011,Moveis Comerciais,Atendimento,V008,1,3328.0,1914.75,3394.56,30,1479.81
VND003950,2025-07-20,P002,Moveis Domesticos,Mesas,V006,2,2288.0,2587.5,4438.72,60,1851.2200000000003
VND003951,2025-07-20,P006,Moveis Domesticos,Estofados,V003,1,1019.2,538.2,1049.78,45,511.5799999999999
VND003952,2025-07-20,P013,Moveis Comerciais,Mesas,V007,2,3853.2,4554.0,8168.78,0,3614.7799999999997
VND003953,2025-07-20,P004,Moveis Domesticos,Dormitorio,V003,4,3127.28,7659.0,12884.39,15,5225.389999999999
VND003954,2025-07-21,P010,Moveis Comerciais,Armazenagem,V001,2,2548.0,2898.0,5503.68,45,2605.6800000000003
VND003955,2025-07-21,P009,Moveis Comerciais,Mesas,V008,1,1765.4,1014.3,1800.71,15,786.4100000000001
VND003956,2025-07-21,P016,Servicos sob Demanda,Projetos,V001,1,13000.0,5382.0,14040.0,7,8658.0
VND003957,2025-07-21,P008,Moveis Comerciais,Cadeiras,V004,3,1196.0,1987.2,3229.2,60,1241.9999999999998
VND003958,2025-07-21,P017,Servicos sob Demanda,Consultoria,V007,1,2912.0,931.5,3086.72,7,2155.22
VND003959,2025-07-21,P009,Moveis Comerciais,Mesas,V004,2,1820.0,2028.6,3276.0,0,1247.4
VND003960,2025-07-21,P004,Moveis Domesticos,Dormitorio,V008,1,3224.0,1914.75,3288.48,60,1373.73
VND003961,2025-07-21,P016,Servicos sob Demanda,Projetos,V001,1,13000.0,5382.0,14040.0,0,8658.0
VND003962,2025-07-22,P001,Moveis Domesticos,Estofados,V002,1,1866.28,1138.5,1772.97,30,634.47
VND003963,2025-07-22,P005,Moveis Domesticos,Sala,V001,3,1235.0,2235.6,4001.4,60,1765.8000000000002
VND003964,2025-07-22,P008,Moveis Comerciais,Cadeiras,V008,1,1196.0,662.4,1219.92,0,557.5200000000001
VND003965,2025-07-22,P005,Moveis Domesticos,Sala,V001,2,1261.0,1490.4,2723.76,0,1233.3600000000001
VND003966,2025-07-22,P001,Moveis Domesticos,Estofados,V008,2,1827.8,2277.0,3728.71,0,1451.71
VND003967,2025-07-23,P009,Moveis Comerciais,Mesas,V001,3,1729.0,3042.9,5601.96,30,2559.06
VND003968,2025-07-23,P004,Moveis Domesticos,Dormitorio,V003,2,3127.28,3829.5,6442.2,30,2612.7
VND003969,2025-07-23,P005,Moveis Domesticos,Sala,V007,2,1300.0,1490.4,2756.0,30,1265.6
VND003970,2025-07-23,P004,Moveis Domesticos,Dormitorio,V007,4,3224.0,7659.0,13669.76,60,6010.76
VND003971,2025-07-23,P015,Servicos sob Demanda,Projetos,V006,2,8398.0,7245.0,16292.12,30,9047.12
VND003972,2025-07-23,P010,Moveis Comerciais,Armazenagem,V001,3,2548.0,4347.0,8255.52,0,3908.5200000000004
VND003973,2025-07-24,P005,Moveis Domesticos,Sala,V004,1,1300.0,745.2,1170.0,45,424.79999999999995
VND003974,2025-07-24,P005,Moveis Domesticos,Sala,V005,1,1300.0,745.2,1430.0,45,684.8
VND003975,2025-07-24,P009,Moveis Comerciais,Mesas,V006,3,1729.0,3042.9,5031.39,15,1988.4900000000002
VND003976,2025-07-24,P009,Moveis Comerciais,Mesas,V006,1,1765.4,1014.3,1712.44,7,698.1400000000001
VND003977,2025-07-24,P005,Moveis Domesticos,Sala,V005,2,1261.0,1490.4,2774.2,7,1283.7999999999997
VND003978,2025-07-24,P009,Moveis Comerciais,Mesas,V006,1,1765.4,1014.3,1712.44,30,698.1400000000001
VND003979,2025-07-24,P003,Moveis Domesticos,Dormitorio,V007,3,2568.8,4657.5,8168.78,0,3511.2799999999997
VND003980,2025-07-25,P002,Moveis Domesticos,Mesas,V005,2,2219.36,2587.5,4882.59,0,2295.09
VND003981,2025-07-25,P009,Moveis Comerciais,Mesas,V003,2,1820.0,2028.6,3749.2,15,1720.6
VND003982,2025-07-25,P002,Moveis Domesticos,Mesas,V005,3,2288.0,3881.25,7550.4,30,3669.1499999999996
VND003983,2025-07-25,P010,Moveis Comerciais,Armazenagem,V005,1,2471.56,1449.0,2718.72,0,1269.7199999999998
VND003984,2025-07-25,P018,Servicos sob Demanda,Projetos,V008,2,6718.4,5382.0,13705.54,60,8323.54
VND003985,2025-07-25,P003,Moveis Domesticos,Dormitorio,V006,1,2704.0,1552.5,2622.88,30,1070.38
VND003986,2025-07-25,P006,Moveis Domesticos,Estofados,V005,1,1019.2,538.2,1121.12,0,582.9199999999998
VND003987,2025-07-25,P004,Moveis Domesticos,Dormitorio,V006,2,3224.0,3829.5,6254.56,0,2425.0600000000004
VND003988,2025-07-25,P001,Moveis Domesticos,Estofados,V004,1,1924.0,1138.5,1731.6,15,593.0999999999999
VND003989,2025-07-25,P013,Moveis Comerciais,Mesas,V004,1,4056.0,2277.0,3650.4,60,1373.4
VND003990,2025-07-25,P002,Moveis Domesticos,Mesas,V005,1,2104.96,1293.75,2315.46,0,1021.71
VND003991,2025-07-25,P013,Moveis Comerciais,Mesas,V005,1,3853.2,2277.0,4238.52,0,1961.5200000000004
VND003992,2025-07-25,P005,Moveis Domesticos,Sala,V005,1,1235.0,745.2,1358.5,30,613.3
VND003993,2025-07-25,P014,Servicos sob Demanda,Projetos,V003,1,5408.0,2173.5,5570.24,0,3396.74
VND003994,2025-07-26,P012,Moveis Comerciais,Estacoes,V007,2,4842.24,5899.5,10265.55,7,4366.049999999999
VND003995,2025-07-26,P008,Moveis Comerciais,Cadeiras,V002,1,1160.12,662.4,1102.11,30,439.7099999999999
VND003996,2025-07-26,P008,Moveis Comerciais,Cadeiras,V002,4,1196.0,2649.6,4544.8,60,1895.2000000000003
VND003997,2025-07-26,P005,Moveis Domesticos,Sala,V004,1,1300.0,745.2,1170.0,45,424.79999999999995
VND003998,2025-07-26,P001,Moveis Domesticos,Estofados,V002,1,1924.0,1138.5,1827.8,45,689.3
VND003999,2025-07-27,P002,Moveis Domesticos,Mesas,V001,1,2104.96,1293.75,2273.36,30,979.6100000000001
VND004000,2025-07-27,P011,Moveis Comerciais,Atendimento,V008,4,3328.0,7659.0,13578.24,45,5919.24
VND004001,2025-07-27,P011,Moveis Comerciais,Atendimento,V008,1,3328.0,1914.75,3394.56,15,1479.81
VND004002,2025-07-27,P015,Servicos sob Demanda,Projetos,V006,3,8840.0,10867.5,25724.4,15,14856.900000000001
VND004003,2025-07-27,P007,Moveis Domesticos,Escritorio,V004,2,1333.8,1573.2,2400.84,0,827.6400000000001
VND004004,2025-07-27,P006,Moveis Domesticos,Estofados,V005,2,988.62,1076.4,2174.96,30,1098.56
VND004005,2025-07-27,P008,Moveis Comerciais,Cadeiras,V003,2,1196.0,1324.8,2463.76,30,1138.9600000000003
VND004006,2025-07-27,P007,Moveis Domesticos,Escritorio,V004,1,1361.88,786.6,1225.69,45,439.09000000000003
VND004007,2025-07-28,P012,Moveis Comerciais,Estacoes,V007,1,4992.0,2949.75,5291.52,30,2341.7700000000004
VND004008,2025-07-28,P012,Moveis Comerciais,Estacoes,V005,2,4842.24,5899.5,10652.93,15,4753.43
VND004009,2025-07-28,P005,Moveis Domesticos,Sala,V007,2,1300.0,1490.4,2756.0,0,1265.6
VND004010,2025-07-28,P017,Servicos sob Demanda,Consultoria,V007,1,2912.0,931.5,3086.72,30,2155.22
VND004011,2025-07-28,P003,Moveis Domesticos,Dormitorio,V007,2,2622.88,3105.0,5560.51,30,2455.51
VND004012,2025-07-28,P005,Moveis Domesticos,Sala,V002,4,1300.0,2980.8,4940.0,0,1959.1999999999998
VND004013,2025-07-28,P011,Moveis Comerciais,Atendimento,V007,1,3161.6,1914.75,3351.3,0,1436.5500000000002
VND004014,2025-07-28,P005,Moveis Domesticos,Sala,V008,2,1300.0,1490.4,2652.0,45,1161.6
VND004015,2025-07-28,P011,Moveis Comerciais,Atendimento,V005,1,3328.0,1914.75,3660.8,0,1746.0500000000002
VND004016,2025-07-28,P015,Servicos sob Demanda,Projetos,V007,5,8840.0,18112.5,46852.0,30,28739.5
VND004017,2025-07-29,P007,Moveis Domesticos,Escritorio,V008,4,1361.88,3146.4,5556.47,45,2410.07
VND004018,2025-07-29,P008,Moveis Comerciais,Cadeiras,V003,1,1196.0,662.4,1231.88,30,569.4800000000001
VND004019,2025-07-29,P001,Moveis Domesticos,Estofados,V005,2,1866.28,2277.0,4105.82,15,1828.8199999999997
VND004020,2025-07-29,P002,Moveis Domesticos,Mesas,V006,1,2104.96,1293.75,2041.81,30,748.06
VND004021,2025-07-29,P006,Moveis Domesticos,Estofados,V003,1,1019.2,538.2,1049.78,45,511.5799999999999
VND004022,2025-07-29,P006,Moveis Domesticos,Estofados,V002,1,968.24,538.2,919.83,45,381.63
VND004023,2025-07-30,P013,Moveis Comerciais,Mesas,V004,1,3934.32,2277.0,3540.89,15,1263.8899999999999
VND004024,2025-07-30,P007,Moveis Domesticos,Escritorio,V006,1,1361.88,786.6,1321.02,60,534.42
VND004025,2025-07-30,P002,Moveis Domesticos,Mesas,V007,1,2288.0,1293.75,2425.28,30,1131.5300000000002
VND004026,2025-07-30,P001,Moveis Domesticos,Estofados,V007,1,1924.0,1138.5,2039.44,45,900.94
VND004027,2025-07-30,P004,Moveis Domesticos,Dormitorio,V006,2,3224.0,3829.5,6254.56,0,2425.0600000000004
VND004028,2025-07-30,P002,Moveis Domesticos,Mesas,V005,1,2173.6,1293.75,2390.96,0,1097.21
VND004029,2025-07-31,P009,Moveis Comerciais,Mesas,V001,2,1729.0,2028.6,3734.64,7,1706.04
VND004030,2025-07-31,P002,Moveis Domesticos,Mesas,V007,1,2288.0,1293.75,2425.28,30,1131.5300000000002
VND004031,2025-07-31,P006,Moveis Domesticos,Estofados,V007,3,988.62,1614.6,3143.81,15,1529.21
VND004032,2025-07-31,P006,Moveis Domesticos,Estofados,V003,1,968.24,538.2,997.29,15,459.0899999999999
VND004033,2025-07-31,P003,Moveis Domesticos,Dormitorio,V005,2,2704.0,3105.0,5948.8,30,2843.8
VND004034,2025-07-31,P006,Moveis Domesticos,Estofados,V001,1,968.24,538.2,1045.7,45,507.5
VND004035,2025-07-31,P008,Moveis Comerciais,Cadeiras,V005,2,1160.12,1324.8,2552.26,15,1227.4600000000003
VND004036,2025-07-31,P018,Servicos sob Demanda,Projetos,V003,1,7072.0,2691.0,7284.16,45,4593.16
VND004037,2025-07-31,P001,Moveis Domesticos,Estofados,V008,1,1827.8,1138.5,1864.36,7,725.8599999999999
VND004038,2025-07-31,P003,Moveis Domesticos,Dormitorio,V003,1,2704.0,1552.5,2785.12,0,1232.62
VND004039,2025-07-31,P009,Moveis Comerciais,Mesas,V006,1,1765.4,1014.3,1712.44,60,698.1400000000001
VND004040,2025-08-01,P002,Moveis Domesticos,Mesas,V007,2,2288.0,2587.5,4850.56,0,2263.0600000000004
VND004041,2025-08-01,P012,Moveis Comerciais,Estacoes,V008,2,4992.0,5899.5,10183.68,60,4284.18
VND004042,2025-08-01,P006,Moveis Domesticos,Estofados,V002,3,937.66,1614.6,2672.33,0,1057.73
VND004043,2025-08-01,P015,Servicos sob Demanda,Projetos,V008,1,8840.0,3622.5,9016.8,30,5394.299999999999
VND004044,2025-08-01,P009,Moveis Comerciais,Mesas,V003,1,1820.0,1014.3,1874.6,60,860.3
VND004045,2025-08-01,P015,Servicos sob Demanda,Projetos,V006,3,8840.0,10867.5,25724.4,15,14856.900000000001
VND004046,2025-08-01,P015,Servicos sob Demanda,Projetos,V007,1,8574.8,3622.5,9089.29,30,5466.790000000001
VND004047,2025-08-01,P007,Moveis Domesticos,Escritorio,V008,2,1333.8,1573.2,2720.95,45,1147.7499999999998
VND004048,2025-08-01,P004,Moveis Domesticos,Dormitorio,V003,2,3127.28,3829.5,6442.2,15,2612.7
VND004049,2025-08-01,P010,Moveis Comerciais,Armazenagem,V005,1,2548.0,1449.0,2802.8,15,1353.8000000000002
VND004050,2025-08-01,P007,Moveis Domesticos,Escritorio,V006,1,1404.0,786.6,1361.88,30,575.2800000000001
VND004051,2025-08-01,P015,Servicos sob Demanda,Projetos,V008,2,8574.8,7245.0,17492.59,7,10247.59
VND004052,2025-08-02,P001,Moveis Domesticos,Estofados,V007,1,1924.0,1138.5,2039.44,0,900.94
VND004053,2025-08-02,P001,Moveis Domesticos,Estofados,V008,2,1924.0,2277.0,3924.96,15,1647.96
VND004054,2025-08-02,P003,Moveis Domesticos,Dormitorio,V003,1,2622.88,1552.5,2701.57,30,1149.0700000000002
VND004055,2025-08-03,P016,Servicos sob Demanda,Projetos,V005,1,12350.0,5382.0,13585.0,30,8203.0
VND004056,2025-08-03,P006,Moveis Domesticos,Estofados,V002,1,1019.2,538.2,968.24,15,430.03999999999996
VND004057,2025-08-03,P009,Moveis Comerciais,Mesas,V005,1,1820.0,1014.3,2002.0,45,987.7
VND004058,2025-08-03,P013,Moveis Comerciais,Mesas,V004,2,4056.0,4554.0,7300.8,0,2746.8
VND004059,2025-08-03,P001,Moveis Domesticos,Estofados,V003,2,1866.28,2277.0,3844.54,15,1567.54
VND004060,2025-08-04,P010,Moveis Comerciais,Armazenagem,V003,1,2548.0,1449.0,2624.44,7,1175.44
VND004061,2025-08-04,P007,Moveis Domesticos,Escritorio,V002,2,1361.88,1573.2,2587.57,30,1014.3700000000001
VND004062,2025-08-04,P002,Moveis Domesticos,Mesas,V005,1,2173.6,1293.75,2390.96,15,1097.21
VND004063,2025-08-04,P005,Moveis Domesticos,Sala,V001,2,1261.0,1490.4,2723.76,45,1233.3600000000001
VND004064,2025-08-04,P009,Moveis Comerciais,Mesas,V001,3,1820.0,3042.9,5896.8,45,2853.9
VND004065,2025-08-04,P015,Servicos sob Demanda,Projetos,V005,4,8840.0,14490.0,38896.0,45,24406.0
VND004066,2025-08-04,P009,Moveis Comerciais,Mesas,V007,3,1820.0,3042.9,5787.6,30,2744.7000000000003
VND004067,2025-08-04,P014,Servicos sob Demanda,Projetos,V008,2,5408.0,4347.0,11032.32,15,6685.32
VND004068,2025-08-04,P006,Moveis Domesticos,Estofados,V008,1,1019.2,538.2,1039.58,45,501.3799999999999
VND004069,2025-08-04,P007,Moveis Domesticos,Escritorio,V003,3,1404.0,2359.8,4338.36,60,1978.5599999999995
VND004070,2025-08-04,P011,Moveis Comerciais,Atendimento,V004,2,3061.76,3829.5,5511.17,15,1681.67
VND004071,2025-08-04,P011,Moveis Comerciais,Atendimento,V006,2,3328.0,3829.5,6456.32,60,2626.8199999999997
VND004072,2025-08-05,P015,Servicos sob Demanda,Projetos,V001,1,8840.0,3622.5,9547.2,0,5924.700000000001
VND004073,2025-08-05,P006,Moveis Domesticos,Estofados,V001,1,968.24,538.2,1045.7,7,507.5
VND004074,2025-08-05,P017,Servicos sob Demanda,Consultoria,V008,2,2766.4,1863.0,5643.46,30,3780.46
VND004075,2025-08-05,P001,Moveis Domesticos,Estofados,V001,1,1827.8,1138.5,1974.02,15,835.52
VND004076,2025-08-05,P001,Moveis Domesticos,Estofados,V006,1,1827.8,1138.5,1772.97,30,634.47
VND004077,2025-08-06,P002,Moveis Domesticos,Mesas,V001,1,2288.0,1293.75,2471.04,60,1177.29
VND004078,2025-08-06,P005,Moveis Domesticos,Sala,V004,1,1261.0,745.2,1134.9,30,389.70000000000005
VND004079,2025-08-06,P016,Servicos sob Demanda,Projetos,V007,1,13000.0,5382.0,13780.0,7,8398.0
VND004080,2025-08-06,P018,Servicos sob Demanda,Projetos,V001,2,6718.4,5382.0,14511.74,45,9129.74
VND004081,2025-08-06,P010,Moveis Comerciais,Armazenagem,V007,1,2420.6,1449.0,2565.84,7,1116.8400000000001
VND004082,2025-08-07,P008,Moveis Comerciais,Cadeiras,V008,2,1196.0,1324.8,2439.84,15,1115.0400000000002
VND004083,2025-08-07,P015,Servicos sob Demanda,Projetos,V007,1,8132.8,3622.5,8620.77,30,4998.27
VND004084,2025-08-07,P005,Moveis Domesticos,Sala,V007,2,1300.0,1490.4,2756.0,15,1265.6
VND004085,2025-08-07,P008,Moveis Comerciais,Cadeiras,V006,2,1196.0,1324.8,2320.24,15,995.4399999999998
VND004086,2025-08-07,P001,Moveis Domesticos,Estofados,V005,5,1866.28,5692.5,10264.54,0,4572.040000000001
VND004087,2025-08-07,P003,Moveis Domesticos,Dormitorio,V001,1,2622.88,1552.5,2832.71,30,1280.21
VND004088,2025-08-07,P001,Moveis Domesticos,Estofados,V008,1,1770.08,1138.5,1805.48,7,666.98
VND004089,2025-08-07,P003,Moveis Domesticos,Dormitorio,V006,2,2704.0,3105.0,5245.76,0,2140.76
VND004090,2025-08-07,P009,Moveis Comerciais,Mesas,V006,1,1820.0,1014.3,1765.4,0,751.1000000000001
VND004091,2025-08-08,P008,Moveis Comerciais,Cadeiras,V003,2,1160.12,1324.8,2389.85,30,1065.05
VND004092,2025-08-08,P005,Moveis Domesticos,Sala,V008,1,1196.0,745.2,1219.92,15,474.72
VND004093,2025-08-08,P011,Moveis Comerciais,Atendimento,V003,1,3161.6,1914.75,3256.45,15,1341.6999999999998
VND004094,2025-08-08,P002,Moveis Domesticos,Mesas,V003,2,2173.6,2587.5,4477.62,45,1890.12
VND004095,2025-08-08,P002,Moveis Domesticos,Mesas,V001,1,2173.6,1293.75,2347.49,60,1053.7399999999998
VND004096,2025-08-08,P005,Moveis Domesticos,Sala,V005,2,1261.0,1490.4,2774.2,30,1283.7999999999997
VND004097,2025-08-08,P011,Moveis Comerciais,Atendimento,V006,1,3328.0,1914.75,3228.16,0,1313.4099999999999
VND004098,2025-08-09,P001,Moveis Domesticos,Estofados,V002,1,1827.8,1138.5,1736.41,15,597.9100000000001
VND004099,2025-08-09,P013,Moveis Comerciais,Mesas,V003,1,4056.0,2277.0,4177.68,30,1900.6800000000003
VND004100,2025-08-09,P014,Servicos sob Demanda,Projetos,V004,1,5408.0,2173.5,4867.2,45,2693.7
VND004101,2025-08-09,P017,Servicos sob Demanda,Consultoria,V002,1,2912.0,931.5,2766.4,45,1834.9
VND004102,2025-08-09,P010,Moveis Comerciais,Armazenagem,V007,2,2344.16,2898.0,4969.62,45,2071.62
VND004103,2025-08-10,P007,Moveis Domesticos,Escritorio,V008,1,1404.0,786.6,1432.08,30,645.4799999999999
VND004104,2025-08-10,P009,Moveis Comerciais,Mesas,V003,3,1765.4,3042.9,5455.09,15,2412.19
VND004105,2025-08-10,P001,Moveis Domesticos,Estofados,V006,1,1770.08,1138.5,1716.98,30,578.48
VND004106,2025-08-10,P005,Moveis Domesticos,Sala,V001,2,1300.0,1490.4,2808.0,30,1317.6
VND004107,2025-08-10,P002,Moveis Domesticos,Mesas,V008,1,2104.96,1293.75,2147.06,0,853.31
VND004108,2025-08-10,P008,Moveis Comerciais,Cadeiras,V006,1,1136.2,662.4,1102.11,0,439.7099999999999
VND004109,2025-08-10,P006,Moveis Domesticos,Estofados,V003,2,968.24,1076.4,1994.57,45,918.1699999999998
VND004110,2025-08-10,P003,Moveis Domesticos,Dormitorio,V004,2,2704.0,3105.0,4867.2,60,1762.1999999999998
VND004111,2025-08-11,P013,Moveis Comerciais,Mesas,V001,1,4056.0,2277.0,4380.48,0,2103.4799999999996
VND004112,2025-08-11,P005,Moveis Domesticos,Sala,V001,2,1261.0,1490.4,2723.76,30,1233.3600000000001
VND004113,2025-08-11,P008,Moveis Comerciais,Cadeiras,V008,1,1196.0,662.4,1219.92,0,557.5200000000001
VND004114,2025-08-11,P010,Moveis Comerciais,Armazenagem,V003,2,2420.6,2898.0,4986.44,30,2088.4399999999996
VND004115,2025-08-11,P012,Moveis Comerciais,Estacoes,V001,3,4592.64,8849.25,14880.15,0,6030.9
VND004116,2025-08-11,P009,Moveis Comerciais,Mesas,V006,1,1765.4,1014.3,1712.44,0,698.1400000000001
VND004117,2025-08-11,P010,Moveis Comerciais,Armazenagem,V007,2,2548.0,2898.0,5401.76,15,2503.76
VND004118,2025-08-11,P009,Moveis Comerciais,Mesas,V003,2,1674.4,2028.6,3449.26,30,1420.6600000000003
VND004119,2025-08-11,P005,Moveis Domesticos,Sala,V006,2,1300.0,1490.4,2522.0,0,1031.6
VND004120,2025-08-12,P010,Moveis Comerciais,Armazenagem,V005,5,2471.56,7245.0,13593.58,0,6348.58
VND004121,2025-08-12,P013,Moveis Comerciais,Mesas,V002,1,3934.32,2277.0,3737.6,45,1460.6
VND004122,2025-08-12,P014,Servicos sob Demanda,Projetos,V005,1,5408.0,2173.5,5948.8,15,3775.3
VND004123,2025-08-12,P008,Moveis Comerciais,Cadeiras,V003,2,1136.2,1324.8,2340.57,60,1015.7700000000002
VND004124,2025-08-12,P004,Moveis Domesticos,Dormitorio,V008,1,3127.28,1914.75,3189.83,60,1275.08
VND004125,2025-08-12,P005,Moveis Domesticos,Sala,V004,3,1196.0,2235.6,3229.2,7,993.5999999999999
VND004126,2025-08-12,P005,Moveis Domesticos,Sala,V003,1,1300.0,745.2,1339.0,7,593.8
VND004127,2025-08-12,P008,Moveis Comerciais,Cadeiras,V006,5,1196.0,3312.0,5800.6,7,2488.6000000000004
VND004128,2025-08-12,P008,Moveis Comerciais,Cadeiras,V004,2,1136.2,1324.8,2045.16,60,720.3600000000001
VND004129,2025-08-12,P013,Moveis Comerciais,Mesas,V004,1,3934.32,2277.0,3540.89,30,1263.8899999999999
VND004130,2025-08-12,P010,Moveis Comerciais,Armazenagem,V004,1,2344.16,1449.0,2109.74,7,660.7399999999998
VND004131,2025-08-13,P003,Moveis Domesticos,Dormitorio,V006,1,2487.68,1552.5,2413.05,45,860.5500000000002
VND004132,2025-08-13,P015,Servicos sob Demanda,Projetos,V007,3,8840.0,10867.5,28111.2,30,17243.7
VND004133,2025-08-13,P002,Moveis Domesticos,Mesas,V001,3,2288.0,3881.25,7413.12,0,3531.87
VND004134,2025-08-13,P009,Moveis Comerciais,Mesas,V003,3,1820.0,3042.9,5623.8,30,2580.9
VND004135,2025-08-13,P006,Moveis Domesticos,Estofados,V003,1,1019.2,538.2,1049.78,15,511.5799999999999
VND004136,2025-08-14,P002,Moveis Domesticos,Mesas,V002,4,2219.36,5175.0,8433.57,30,3258.5699999999997
VND004137,2025-08-14,P014,Servicos sob Demanda,Projetos,V005,3,5408.0,6520.5,17846.4,0,11325.900000000001
VND004138,2025-08-14,P016,Servicos sob Demanda,Projetos,V004,1,13000.0,5382.0,11700.0,7,6318.0
VND004139,2025-08-14,P005,Moveis Domesticos,Sala,V008,1,1235.0,745.2,1259.7,60,514.5
VND004140,2025-08-14,P010,Moveis Comerciais,Armazenagem,V007,2,2471.56,2898.0,5239.71,45,2341.71
VND004141,2025-08-15,P015,Servicos sob Demanda,Projetos,V002,1,8132.8,3622.5,7726.16,30,4103.66
VND004142,2025-08-15,P017,Servicos sob Demanda,Consultoria,V004,1,2679.04,931.5,2411.14,30,1479.6399999999999
VND004143,2025-08-15,P018,Servicos sob Demanda,Projetos,V001,3,7072.0,8073.0,22913.28,45,14840.279999999999
VND004144,2025-08-15,P018,Servicos sob Demanda,Projetos,V004,2,6859.84,5382.0,12347.71,7,6965.709999999999
VND004145,2025-08-16,P005,Moveis Domesticos,Sala,V006,3,1261.0,2235.6,3669.51,7,1433.9100000000003
VND004146,2025-08-16,P002,Moveis Domesticos,Mesas,V004,1,2219.36,1293.75,1997.42,7,703.6700000000001
VND004147,2025-08-16,P001,Moveis Domesticos,Estofados,V002,1,1924.0,1138.5,1827.8,15,689.3
VND004148,2025-08-16,P008,Moveis Comerciais,Cadeiras,V002,2,1196.0,1324.8,2272.4,45,947.6000000000001
VND004149,2025-08-16,P004,Moveis Domesticos,Dormitorio,V008,1,3224.0,1914.75,3288.48,30,1373.73
VND004150,2025-08-16,P005,Moveis Domesticos,Sala,V007,1,1235.0,745.2,1309.1,0,563.8999999999999
VND004151,2025-08-16,P007,Moveis Domesticos,Escritorio,V008,1,1404.0,786.6,1432.08,30,645.4799999999999
VND004152,2025-08-16,P007,Moveis Domesticos,Escritorio,V006,1,1361.88,786.6,1321.02,15,534.42
VND004153,2025-08-16,P004,Moveis Domesticos,Dormitorio,V003,1,3224.0,1914.75,3320.72,30,1405.9699999999998
VND004154,2025-08-16,P018,Servicos sob Demanda,Projetos,V005,2,6718.4,5382.0,14780.48,30,9398.48
VND004155,2025-08-16,P015,Servicos sob Demanda,Projetos,V001,2,8574.8,7245.0,18521.57,15,11276.57
VND004156,2025-08-16,P005,Moveis Domesticos,Sala,V006,1,1261.0,745.2,1223.17,0,477.97
VND004157,2025-08-17,P003,Moveis Domesticos,Dormitorio,V003,1,2704.0,1552.5,2785.12,0,1232.62
VND004158,2025-08-17,P002,Moveis Domesticos,Mesas,V004,3,2288.0,3881.25,6177.6,0,2296.3500000000004
VND004159,2025-08-17,P001,Moveis Domesticos,Estofados,V003,1,1866.28,1138.5,1922.27,45,783.77
VND004160,2025-08-17,P008,Moveis Comerciais,Cadeiras,V001,1,1160.12,662.4,1252.93,15,590.5300000000001
VND004161,2025-08-17,P009,Moveis Comerciais,Mesas,V006,3,1820.0,3042.9,5296.2,30,2253.2999999999997
VND004162,2025-08-17,P018,Servicos sob Demanda,Projetos,V007,3,7072.0,8073.0,22488.96,15,14415.96
VND004163,2025-08-17,P005,Moveis Domesticos,Sala,V003,3,1261.0,2235.6,3896.49,30,1660.8899999999999
VND004164,2025-08-17,P002,Moveis Domesticos,Mesas,V004,2,2219.36,2587.5,3994.85,7,1407.35
VND004165,2025-08-17,P006,Moveis Domesticos,Estofados,V001,1,1019.2,538.2,1100.74,0,562.54
VND004166,2025-08-17,P006,Moveis Domesticos,Estofados,V008,2,988.62,1076.4,2016.78,60,940.3799999999999
VND004167,2025-08-17,P006,Moveis Domesticos,Estofados,V005,2,937.66,1076.4,2062.85,60,986.4499999999998
VND004168,2025-08-17,P001,Moveis Domesticos,Estofados,V008,2,1866.28,2277.0,3807.21,7,1530.21
VND004169,2025-08-17,P002,Moveis Domesticos,Mesas,V003,2,2288.0,2587.5,4713.28,0,2125.7799999999997
VND004170,2025-08-17,P010,Moveis Comerciais,Armazenagem,V005,3,2548.0,4347.0,8408.4,45,4061.3999999999996
VND004171,2025-08-17,P001,Moveis Domesticos,Estofados,V001,1,1924.0,1138.5,2077.92,45,939.4200000000001
VND004172,2025-08-17,P004,Moveis Domesticos,Dormitorio,V004,1,3062.8,1914.75,2756.52,15,841.77
VND004173,2025-08-18,P008,Moveis Comerciais,Cadeiras,V007,4,1196.0,2649.6,5071.04,15,2421.44
VND004174,2025-08-18,P003,Moveis Domesticos,Dormitorio,V005,2,2704.0,3105.0,5948.8,7,2843.8
VND004175,2025-08-18,P006,Moveis Domesticos,Estofados,V007,1,988.62,538.2,1047.94,60,509.74
VND004176,2025-08-18,P010,Moveis Comerciais,Armazenagem,V003,1,2420.6,1449.0,2493.22,45,1044.2199999999998
VND004177,2025-08-18,P008,Moveis Comerciais,Cadeiras,V008,1,1196.0,662.4,1219.92,45,557.5200000000001
VND004178,2025-08-18,P013,Moveis Comerciais,Mesas,V004,1,4056.0,2277.0,3650.4,45,1373.4
VND004179,2025-08-18,P011,Moveis Comerciais,Atendimento,V006,1,3061.76,1914.75,2969.91,15,1055.1599999999999
VND004180,2025-08-18,P014,Servicos sob Demanda,Projetos,V002,2,5137.6,4347.0,9761.44,0,5414.4400000000005
VND004181,2025-08-18,P002,Moveis Domesticos,Mesas,V003,3,2173.6,3881.25,6716.42,15,2835.17
VND004182,2025-08-19,P005,Moveis Domesticos,Sala,V004,1,1235.0,745.2,1111.5,45,366.29999999999995
VND004183,2025-08-19,P007,Moveis Domesticos,Escritorio,V002,2,1333.8,1573.2,2534.22,15,961.0199999999998
VND004184,2025-08-19,P016,Servicos sob Demanda,Projetos,V005,2,12350.0,10764.0,27170.0,60,16406.0
VND004185,2025-08-20,P010,Moveis Comerciais,Armazenagem,V008,1,2548.0,1449.0,2598.96,15,1149.96
VND004186,2025-08-20,P016,Servicos sob Demanda,Projetos,V002,1,13000.0,5382.0,12350.0,45,6968.0
VND004187,2025-08-20,P015,Servicos sob Demanda,Projetos,V001,4,8840.0,14490.0,38188.8,45,23698.800000000003
VND004188,2025-08-20,P010,Moveis Comerciais,Armazenagem,V004,3,2548.0,4347.0,6879.6,30,2532.6000000000004
VND004189,2025-08-20,P001,Moveis Domesticos,Estofados,V007,1,1924.0,1138.5,2039.44,0,900.94
VND004190,2025-08-20,P009,Moveis Comerciais,Mesas,V006,1,1729.0,1014.3,1677.13,15,662.8300000000002
VND004191,2025-08-20,P009,Moveis Comerciais,Mesas,V008,1,1765.4,1014.3,1800.71,0,786.4100000000001
VND004192,2025-08-20,P012,Moveis Comerciais,Estacoes,V004,4,4742.4,11799.0,17072.64,30,5273.639999999999
VND004193,2025-08-20,P014,Servicos sob Demanda,Projetos,V001,1,5137.6,2173.5,5548.61,0,3375.1099999999997
VND004194,2025-08-21,P003,Moveis Domesticos,Dormitorio,V007,1,2622.88,1552.5,2780.25,45,1227.75
VND004195,2025-08-21,P014,Servicos sob Demanda,Projetos,V007,1,5408.0,2173.5,5732.48,30,3558.9799999999996
VND004196,2025-08-21,P001,Moveis Domesticos,Estofados,V008,1,1827.8,1138.5,1864.36,60,725.8599999999999
VND004197,2025-08-21,P008,Moveis Comerciais,Cadeiras,V004,2,1136.2,1324.8,2045.16,0,720.3600000000001
VND004198,2025-08-21,P005,Moveis Domesticos,Sala,V003,1,1300.0,745.2,1339.0,30,593.8
VND004199,2025-08-22,P002,Moveis Domesticos,Mesas,V008,1,2288.0,1293.75,2333.76,15,1040.0100000000002
VND004200,2025-08-22,P005,Moveis Domesticos,Sala,V001,1,1261.0,745.2,1361.88,30,616.6800000000001
VND004201,2025-08-22,P002,Moveis Domesticos,Mesas,V003,1,2104.96,1293.75,2168.11,15,874.3600000000001
VND004202,2025-08-22,P018,Servicos sob Demanda,Projetos,V007,1,6506.24,2691.0,6896.61,30,4205.61
VND004203,2025-08-22,P009,Moveis Comerciais,Mesas,V006,2,1820.0,2028.6,3530.8,60,1502.2000000000003
VND004204,2025-08-22,P001,Moveis Domesticos,Estofados,V004,1,1924.0,1138.5,1731.6,0,593.0999999999999
VND004205,2025-08-22,P011,Moveis Comerciais,Atendimento,V001,3,3161.6,5744.25,10243.58,30,4499.33
VND004206,2025-08-22,P009,Moveis Comerciais,Mesas,V001,1,1765.4,1014.3,1906.63,30,892.3300000000002
VND004207,2025-08-23,P015,Servicos sob Demanda,Projetos,V006,4,8132.8,14490.0,31555.26,15,17065.26
VND004208,2025-08-23,P006,Moveis Domesticos,Estofados,V001,3,1019.2,1614.6,3302.21,0,1687.6100000000001
VND004209,2025-08-23,P018,Servicos sob Demanda,Projetos,V005,1,6506.24,2691.0,7156.86,45,4465.86
VND004210,2025-08-23,P009,Moveis Comerciais,Mesas,V001,4,1674.4,4057.2,7233.41,30,3176.21
VND004211,2025-08-23,P003,Moveis Domesticos,Dormitorio,V003,1,2568.8,1552.5,2645.86,15,1093.3600000000001
VND004212,2025-08-23,P011,Moveis Comerciais,Atendimento,V007,1,3328.0,1914.75,3527.68,45,1612.9299999999998
VND004213,2025-08-23,P002,Moveis Domesticos,Mesas,V008,1,2288.0,1293.75,2333.76,0,1040.0100000000002
VND004214,2025-08-23,P008,Moveis Comerciais,Cadeiras,V002,1,1136.2,662.4,1079.39,30,416.9900000000001
VND004215,2025-08-24,P003,Moveis Domesticos,Dormitorio,V001,1,2622.88,1552.5,2832.71,30,1280.21
VND004216,2025-08-24,P002,Moveis Domesticos,Mesas,V005,1,2173.6,1293.75,2390.96,15,1097.21
VND004217,2025-08-24,P006,Moveis Domesticos,Estofados,V007,1,988.62,538.2,1047.94,30,509.74
VND004218,2025-08-24,P010,Moveis Comerciais,Armazenagem,V005,3,2344.16,4347.0,7735.73,30,3388.7299999999996
VND004219,2025-08-24,P018,Servicos sob Demanda,Projetos,V006,2,6859.84,5382.0,13308.09,0,7926.09
VND004220,2025-08-24,P003,Moveis Domesticos,Dormitorio,V004,1,2704.0,1552.5,2433.6,60,881.0999999999999
VND004221,2025-08-25,P012,Moveis Comerciais,Estacoes,V002,1,4842.24,2949.75,4600.13,15,1650.38
VND004222,2025-08-25,P010,Moveis Comerciais,Armazenagem,V004,2,2344.16,2898.0,4219.49,45,1321.4899999999998
VND004223,2025-08-25,P015,Servicos sob Demanda,Projetos,V004,3,8840.0,10867.5,23868.0,0,13000.5
VND004224,2025-08-25,P012,Moveis Comerciais,Estacoes,V002,1,4842.24,2949.75,4600.13,0,1650.38
VND004225,2025-08-25,P001,Moveis Domesticos,Estofados,V003,2,1770.08,2277.0,3646.36,15,1369.3600000000001
VND004226,2025-08-25,P002,Moveis Domesticos,Mesas,V001,1,2288.0,1293.75,2471.04,30,1177.29
VND004227,2025-08-25,P010,Moveis Comerciais,Armazenagem,V006,1,2344.16,1449.0,2273.84,15,824.8400000000001
VND004228,2025-08-25,P006,Moveis Domesticos,Estofados,V006,2,1019.2,1076.4,1977.25,7,900.8499999999999
VND004229,2025-08-25,P005,Moveis Domesticos,Sala,V007,3,1300.0,2235.6,4134.0,15,1898.4
VND004230,2025-08-25,P010,Moveis Comerciais,Armazenagem,V001,2,2420.6,2898.0,5228.5,45,2330.5
VND004231,2025-08-25,P003,Moveis Domesticos,Dormitorio,V005,4,2568.8,6210.0,11302.72,60,5092.719999999999
VND004232,2025-08-25,P002,Moveis Domesticos,Mesas,V004,2,2288.0,2587.5,4118.4,30,1530.8999999999996
VND004233,2025-08-26,P003,Moveis Domesticos,Dormitorio,V002,1,2568.8,1552.5,2440.36,30,887.8600000000001
VND004234,2025-08-26,P012,Moveis Comerciais,Estacoes,V008,2,4992.0,5899.5,10183.68,15,4284.18
VND004235,2025-08-26,P016,Servicos sob Demanda,Projetos,V005,1,12610.0,5382.0,13871.0,0,8489.0
VND004236,2025-08-26,P018,Servicos sob Demanda,Projetos,V008,2,7072.0,5382.0,14426.88,0,9044.88
VND004237,2025-08-26,P006,Moveis Domesticos,Estofados,V005,2,988.62,1076.4,2174.96,15,1098.56
VND004238,2025-08-26,P008,Moveis Comerciais,Cadeiras,V005,2,1160.12,1324.8,2552.26,0,1227.4600000000003
VND004239,2025-08-26,P017,Servicos sob Demanda,Consultoria,V004,1,2824.64,931.5,2542.18,15,1610.6799999999998
VND004240,2025-08-26,P008,Moveis Comerciais,Cadeiras,V007,2,1196.0,1324.8,2535.52,15,1210.72
VND004241,2025-08-27,P009,Moveis Comerciais,Mesas,V007,1,1820.0,1014.3,1929.2,30,914.9000000000001
VND004242,2025-08-27,P015,Servicos sob Demanda,Projetos,V006,1,8840.0,3622.5,8574.8,0,4952.299999999999
VND004243,2025-08-27,P002,Moveis Domesticos,Mesas,V002,1,2288.0,1293.75,2173.6,30,879.8499999999999
VND004244,2025-08-27,P011,Moveis Comerciais,Atendimento,V003,2,3228.16,3829.5,6650.01,7,2820.51
VND004245,2025-08-27,P013,Moveis Comerciais,Mesas,V007,1,3731.52,2277.0,3955.41,30,1678.4099999999999
VND004246,2025-08-27,P008,Moveis Comerciais,Cadeiras,V006,1,1100.32,662.4,1067.31,45,404.90999999999997
VND004247,2025-08-27,P002,Moveis Domesticos,Mesas,V008,1,2288.0,1293.75,2333.76,30,1040.0100000000002
VND004248,2025-08-27,P010,Moveis Comerciais,Armazenagem,V007,1,2344.16,1449.0,2484.81,0,1035.81
VND004249,2025-08-28,P002,Moveis Domesticos,Mesas,V008,1,2219.36,1293.75,2263.75,45,970.0
VND004250,2025-08-28,P005,Moveis Domesticos,Sala,V004,1,1300.0,745.2,1170.0,45,424.79999999999995
VND004251,2025-08-28,P007,Moveis Domesticos,Escritorio,V008,6,1404.0,4719.6,8592.48,45,3872.879999999999
VND004252,2025-08-28,P006,Moveis Domesticos,Estofados,V002,3,1019.2,1614.6,2904.72,15,1290.12
VND004253,2025-08-28,P010,Moveis Comerciais,Armazenagem,V001,1,2471.56,1449.0,2669.28,0,1220.2800000000002
VND004254,2025-08-28,P003,Moveis Domesticos,Dormitorio,V003,2,2704.0,3105.0,5570.24,30,2465.24
VND004255,2025-08-29,P005,Moveis Domesticos,Sala,V006,2,1235.0,1490.4,2395.9,45,905.5
VND004256,2025-08-29,P015,Servicos sob Demanda,Projetos,V002,5,8840.0,18112.5,41990.0,7,23877.5
VND004257,2025-08-29,P010,Moveis Comerciais,Armazenagem,V006,1,2344.16,1449.0,2273.84,0,824.8400000000001
VND004258,2025-08-29,P004,Moveis Domesticos,Dormitorio,V002,1,3224.0,1914.75,3062.8,30,1148.0500000000002
VND004259,2025-08-29,P005,Moveis Domesticos,Sala,V003,3,1300.0,2235.6,4017.0,45,1781.4
VND004260,2025-08-29,P011,Moveis Comerciais,Atendimento,V001,1,3228.16,1914.75,3486.41,15,1571.6599999999999
VND004261,2025-08-29,P001,Moveis Domesticos,Estofados,V006,1,1924.0,1138.5,1866.28,0,727.78
VND004262,2025-08-29,P002,Moveis Domesticos,Mesas,V005,1,2173.6,1293.75,2390.96,45,1097.21
VND004263,2025-08-29,P002,Moveis Domesticos,Mesas,V003,1,2288.0,1293.75,2356.64,30,1062.8899999999999
VND004264,2025-08-29,P013,Moveis Comerciais,Mesas,V007,1,3934.32,2277.0,4170.38,30,1893.38
VND004265,2025-08-30,P012,Moveis Comerciais,Estacoes,V007,2,4592.64,5899.5,9736.4,30,3836.8999999999996
VND004266,2025-08-30,P003,Moveis Domesticos,Dormitorio,V003,1,2622.88,1552.5,2701.57,60,1149.0700000000002
VND004267,2025-08-30,P004,Moveis Domesticos,Dormitorio,V002,2,3224.0,3829.5,6125.6,45,2296.1000000000004
VND004268,2025-08-30,P001,Moveis Domesticos,Estofados,V007,1,1866.28,1138.5,1978.26,30,839.76
VND004269,2025-08-30,P014,Servicos sob Demanda,Projetos,V002,1,5408.0,2173.5,5137.6,30,2964.1000000000004
VND004270,2025-08-30,P003,Moveis Domesticos,Dormitorio,V008,2,2704.0,3105.0,5516.16,45,2411.16
VND004271,2025-08-30,P011,Moveis Comerciais,Atendimento,V006,1,3328.0,1914.75,3228.16,7,1313.4099999999999
VND004272,2025-08-30,P005,Moveis Domesticos,Sala,V006,2,1300.0,1490.4,2522.0,15,1031.6
VND004273,2025-08-30,P011,Moveis Comerciais,Atendimento,V004,3,3328.0,5744.25,8985.6,30,3241.3500000000004
VND004274,2025-08-31,P003,Moveis Domesticos,Dormitorio,V007,1,2568.8,1552.5,2722.93,30,1170.4299999999998
VND004275,2025-08-31,P008,Moveis Comerciais,Cadeiras,V007,3,1160.12,1987.2,3689.18,30,1701.9799999999998
VND004276,2025-08-31,P004,Moveis Domesticos,Dormitorio,V007,1,3062.8,1914.75,3246.57,30,1331.8200000000002
VND004277,2025-08-31,P018,Servicos sob Demanda,Projetos,V007,1,6859.84,2691.0,7271.43,45,4580.43
VND004278,2025-08-31,P015,Servicos sob Demanda,Projetos,V006,1,8132.8,3622.5,7888.82,60,4266.32
VND004279,2025-08-31,P018,Servicos sob Demanda,Projetos,V007,2,7072.0,5382.0,14992.64,30,9610.64
VND004280,2025-09-01,P015,Servicos sob Demanda,Projetos,V001,1,8574.8,3622.5,9260.78,7,5638.280000000001
VND004281,2025-09-01,P002,Moveis Domesticos,Mesas,V008,1,2219.36,1293.75,2263.75,15,970.0
VND004282,2025-09-01,P006,Moveis Domesticos,Estofados,V005,3,937.66,1614.6,3094.28,45,1479.6800000000003
VND004283,2025-09-01,P002,Moveis Domesticos,Mesas,V002,1,2173.6,1293.75,2064.92,7,771.1700000000001
VND004284,2025-09-01,P004,Moveis Domesticos,Dormitorio,V005,2,3224.0,3829.5,7092.8,30,3263.3
VND004285,2025-09-01,P018,Servicos sob Demanda,Projetos,V007,1,6859.84,2691.0,7271.43,7,4580.43
VND004286,2025-09-01,P015,Servicos sob Demanda,Projetos,V004,2,8840.0,7245.0,15912.0,30,8667.0
VND004287,2025-09-01,P001,Moveis Domesticos,Estofados,V002,1,1866.28,1138.5,1772.97,0,634.47
VND004288,2025-09-01,P013,Moveis Comerciais,Mesas,V008,1,3731.52,2277.0,3806.15,30,1529.15
VND004289,2025-09-01,P008,Moveis Comerciais,Cadeiras,V006,1,1196.0,662.4,1160.12,30,497.7199999999999
VND004290,2025-09-01,P016,Servicos sob Demanda,Projetos,V004,1,13000.0,5382.0,11700.0,60,6318.0
VND004291,2025-09-01,P004,Moveis Domesticos,Dormitorio,V007,1,3224.0,1914.75,3417.44,15,1502.69
VND004292,2025-09-01,P005,Moveis Domesticos,Sala,V002,2,1261.0,1490.4,2395.9,15,905.5
VND004293,2025-09-01,P010,Moveis Comerciais,Armazenagem,V008,3,2548.0,4347.0,7796.88,15,3449.88
VND004294,2025-09-02,P018,Servicos sob Demanda,Projetos,V004,1,6506.24,2691.0,5855.62,60,3164.62
VND004295,2025-09-02,P010,Moveis Comerciais,Armazenagem,V007,2,2420.6,2898.0,5131.67,15,2233.67
VND004296,2025-09-02,P010,Moveis Comerciais,Armazenagem,V005,2,2548.0,2898.0,5605.6,0,2707.6000000000004
VND004297,2025-09-02,P010,Moveis Comerciais,Armazenagem,V002,2,2548.0,2898.0,4841.2,7,1943.1999999999998
VND004298,2025-09-03,P001,Moveis Domesticos,Estofados,V006,2,1770.08,2277.0,3433.96,30,1156.96
VND004299,2025-09-03,P007,Moveis Domesticos,Escritorio,V005,1,1404.0,786.6,1544.4,30,757.8000000000001
VND004300,2025-09-03,P005,Moveis Domesticos,Sala,V008,1,1235.0,745.2,1259.7,15,514.5
VND004301,2025-09-03,P017,Servicos sob Demanda,Consultoria,V006,2,2912.0,1863.0,5649.28,0,3786.2799999999997
VND004302,2025-09-03,P018,Servicos sob Demanda,Projetos,V003,2,6859.84,5382.0,14131.27,30,8749.27
VND004303,2025-09-04,P017,Servicos sob Demanda,Consultoria,V002,1,2912.0,931.5,2766.4,15,1834.9
VND004304,2025-09-04,P001,Moveis Domesticos,Estofados,V006,1,1866.28,1138.5,1810.29,30,671.79
VND004305,2025-09-04,P002,Moveis Domesticos,Mesas,V007,2,2288.0,2587.5,4850.56,30,2263.0600000000004
VND004306,2025-09-04,P008,Moveis Comerciais,Cadeiras,V006,1,1196.0,662.4,1160.12,15,497.7199999999999
VND004307,2025-09-04,P008,Moveis Comerciais,Cadeiras,V004,1,1196.0,662.4,1076.4,30,414.0000000000001
VND004308,2025-09-05,P013,Moveis Comerciais,Mesas,V002,1,4056.0,2277.0,3853.2,15,1576.1999999999998
VND004309,2025-09-05,P005,Moveis Domesticos,Sala,V006,3,1261.0,2235.6,3669.51,15,1433.9100000000003
VND004310,2025-09-05,P001,Moveis Domesticos,Estofados,V004,1,1924.0,1138.5,1731.6,15,593.0999999999999
VND004311,2025-09-05,P009,Moveis Comerciais,Mesas,V001,1,1729.0,1014.3,1867.32,0,853.02
VND004312,2025-09-05,P010,Moveis Comerciais,Armazenagem,V002,1,2344.16,1449.0,2226.95,60,777.9499999999998
VND004313,2025-09-06,P012,Moveis Comerciais,Estacoes,V008,1,4992.0,2949.75,5091.84,30,2142.09
VND004314,2025-09-06,P001,Moveis Domesticos,Estofados,V007,1,1866.28,1138.5,1978.26,45,839.76
VND004315,2025-09-06,P006,Moveis Domesticos,Estofados,V002,1,968.24,538.2,919.83,30,381.63
VND004316,2025-09-06,P018,Servicos sob Demanda,Projetos,V008,2,7072.0,5382.0,14426.88,30,9044.88
VND004317,2025-09-07,P010,Moveis Comerciais,Armazenagem,V008,4,2471.56,5796.0,10083.96,60,4287.959999999999
VND004318,2025-09-07,P018,Servicos sob Demanda,Projetos,V007,2,6718.4,5382.0,14243.01,15,8861.01
VND004319,2025-09-07,P015,Servicos sob Demanda,Projetos,V007,1,8132.8,3622.5,8620.77,0,4998.27
VND004320,2025-09-07,P009,Moveis Comerciais,Mesas,V004,3,1820.0,3042.9,4914.0,45,1871.1
VND004321,2025-09-07,P018,Servicos sob Demanda,Projetos,V001,1,6718.4,2691.0,7255.87,60,4564.87
VND004322,2025-09-07,P001,Moveis Domesticos,Estofados,V003,1,1924.0,1138.5,1981.72,45,843.22
VND004323,2025-09-07,P010,Moveis Comerciais,Armazenagem,V008,3,2548.0,4347.0,7796.88,30,3449.88
VND004324,2025-09-07,P009,Moveis Comerciais,Mesas,V007,2,1765.4,2028.6,3742.65,15,1714.0500000000002
VND004325,2025-09-07,P012,Moveis Comerciais,Estacoes,V008,1,4992.0,2949.75,5091.84,7,2142.09
VND004326,2025-09-07,P011,Moveis Comerciais,Atendimento,V004,1,3228.16,1914.75,2905.34,15,990.5900000000001
VND004327,2025-09-07,P011,Moveis Comerciais,Atendimento,V005,3,3328.0,5744.25,10982.4,45,5238.15
VND004328,2025-09-07,P002,Moveis Domesticos,Mesas,V004,1,2219.36,1293.75,1997.42,30,703.6700000000001
VND004329,2025-09-07,P016,Servicos sob Demanda,Projetos,V006,1,12350.0,5382.0,11979.5,45,6597.5
VND004330,2025-09-07,P006,Moveis Domesticos,Estofados,V006,1,968.24,538.2,939.19,0,400.99
VND004331,2025-09-07,P004,Moveis Domesticos,Dormitorio,V002,2,3224.0,3829.5,6125.6,45,2296.1000000000004
VND004332,2025-09-08,P004,Moveis Domesticos,Dormitorio,V006,1,3127.28,1914.75,3033.46,15,1118.71
VND004333,2025-09-08,P012,Moveis Comerciais,Estacoes,V003,1,4592.64,2949.75,4730.42,15,1780.67
VND004334,2025-09-08,P006,Moveis Domesticos,Estofados,V007,3,937.66,1614.6,2981.76,30,1367.1600000000003
VND004335,2025-09-09,P005,Moveis Domesticos,Sala,V007,1,1261.0,745.2,1336.66,15,591.46
VND004336,2025-09-09,P003,Moveis Domesticos,Dormitorio,V004,1,2622.88,1552.5,2360.59,7,808.0900000000001
VND004337,2025-09-09,P016,Servicos sob Demanda,Projetos,V002,5,13000.0,26910.0,61750.0,30,34840.0
VND004338,2025-09-09,P009,Moveis Comerciais,Mesas,V006,1,1820.0,1014.3,1765.4,30,751.1000000000001
VND004339,2025-09-09,P010,Moveis Comerciais,Armazenagem,V002,2,2548.0,2898.0,4841.2,15,1943.1999999999998
VND004340,2025-09-09,P013,Moveis Comerciais,Mesas,V004,3,3934.32,6831.0,10622.66,7,3791.66
VND004341,2025-09-09,P001,Moveis Domesticos,Estofados,V008,1,1924.0,1138.5,1962.48,30,823.98
VND004342,2025-09-09,P001,Moveis Domesticos,Estofados,V006,1,1866.28,1138.5,1810.29,30,671.79
VND004343,2025-09-09,P008,Moveis Comerciais,Cadeiras,V003,2,1160.12,1324.8,2389.85,0,1065.05
VND004344,2025-09-09,P007,Moveis Domesticos,Escritorio,V003,1,1361.88,786.6,1402.74,30,616.14
VND004345,2025-09-09,P013,Moveis Comerciais,Mesas,V006,4,3853.2,9108.0,14950.42,45,5842.42
VND004346,2025-09-09,P016,Servicos sob Demanda,Projetos,V007,2,13000.0,10764.0,27560.0,0,16796.0
VND004347,2025-09-10,P009,Moveis Comerciais,Mesas,V002,1,1765.4,1014.3,1677.13,45,662.8300000000002
VND004348,2025-09-10,P010,Moveis Comerciais,Armazenagem,V006,2,2548.0,2898.0,4943.12,0,2045.12
VND004349,2025-09-10,P008,Moveis Comerciais,Cadeiras,V002,5,1196.0,3312.0,5681.0,7,2369.0
VND004350,2025-09-11,P013,Moveis Comerciais,Mesas,V002,1,4056.0,2277.0,3853.2,15,1576.1999999999998
VND004351,2025-09-11,P015,Servicos sob Demanda,Projetos,V008,1,8574.8,3622.5,8746.3,7,5123.799999999999
VND004352,2025-09-11,P010,Moveis Comerciais,Armazenagem,V007,1,2344.16,1449.0,2484.81,7,1035.81
VND004353,2025-09-12,P005,Moveis Domesticos,Sala,V004,2,1261.0,1490.4,2269.8,30,779.4000000000001
VND004354,2025-09-12,P001,Moveis Domesticos,Estofados,V008,1,1924.0,1138.5,1962.48,30,823.98
VND004355,2025-09-12,P012,Moveis Comerciais,Estacoes,V007,2,4842.24,5899.5,10265.55,0,4366.049999999999
VND004356,2025-09-12,P006,Moveis Domesticos,Estofados,V007,1,988.62,538.2,1047.94,30,509.74
VND004357,2025-09-12,P006,Moveis Domesticos,Estofados,V005,3,968.24,1614.6,3195.19,0,1580.5900000000001
VND004358,2025-09-13,P001,Moveis Domesticos,Estofados,V006,1,1924.0,1138.5,1866.28,45,727.78
VND004359,2025-09-13,P002,Moveis Domesticos,Mesas,V006,4,2288.0,5175.0,8877.44,30,3702.4400000000005
VND004360,2025-09-13,P002,Moveis Domesticos,Mesas,V004,1,2288.0,1293.75,2059.2,30,765.4499999999998
VND004361,2025-09-13,P008,Moveis Comerciais,Cadeiras,V003,2,1160.12,1324.8,2389.85,0,1065.05
VND004362,2025-09-13,P008,Moveis Comerciais,Cadeiras,V001,2,1196.0,1324.8,2583.36,60,1258.5600000000002
VND004363,2025-09-13,P003,Moveis Domesticos,Dormitorio,V008,1,2704.0,1552.5,2758.08,0,1205.58
VND004364,2025-09-13,P008,Moveis Comerciais,Cadeiras,V002,2,1196.0,1324.8,2272.4,15,947.6000000000001
VND004365,2025-09-13,P004,Moveis Domesticos,Dormitorio,V005,1,3224.0,1914.75,3546.4,15,1631.65
VND004366,2025-09-13,P001,Moveis Domesticos,Estofados,V001,1,1924.0,1138.5,2077.92,0,939.4200000000001
VND004367,2025-09-14,P014,Servicos sob Demanda,Projetos,V002,1,5137.6,2173.5,4880.72,30,2707.2200000000003
VND004368,2025-09-14,P001,Moveis Domesticos,Estofados,V005,1,1827.8,1138.5,2010.58,15,872.0799999999999
VND004369,2025-09-14,P009,Moveis Comerciais,Mesas,V007,2,1765.4,2028.6,3742.65,45,1714.0500000000002
VND004370,2025-09-14,P017,Servicos sob Demanda,Consultoria,V006,2,2824.64,1863.0,5479.8,30,3616.8
VND004371,2025-09-15,P016,Servicos sob Demanda,Projetos,V006,2,13000.0,10764.0,25220.0,0,14456.0
VND004372,2025-09-15,P002,Moveis Domesticos,Mesas,V002,4,2173.6,5175.0,8259.68,7,3084.6800000000003
VND004373,2025-09-15,P011,Moveis Comerciais,Atendimento,V006,4,3328.0,7659.0,12912.64,15,5253.639999999999
VND004374,2025-09-15,P004,Moveis Domesticos,Dormitorio,V003,1,3224.0,1914.75,3320.72,45,1405.9699999999998
VND004375,2025-09-15,P015,Servicos sob Demanda,Projetos,V007,4,8574.8,14490.0,36357.15,30,21867.15
VND004376,2025-09-15,P007,Moveis Domesticos,Escritorio,V003,1,1404.0,786.6,1446.12,15,659.5199999999999
VND004377,2025-09-15,P003,Moveis Domesticos,Dormitorio,V001,2,2622.88,3105.0,5665.42,7,2560.42
VND004378,2025-09-15,P006,Moveis Domesticos,Estofados,V004,1,968.24,538.2,871.42,7,333.2199999999999
VND004379,2025-09-15,P009,Moveis Comerciais,Mesas,V003,2,1820.0,2028.6,3749.2,15,1720.6
VND004380,2025-09-15,P005,Moveis Domesticos,Sala,V003,2,1196.0,1490.4,2463.76,7,973.3600000000001
VND004381,2025-09-15,P007,Moveis Domesticos,Escritorio,V008,3,1404.0,2359.8,4296.24,30,1936.4399999999996
VND004382,2025-09-15,P013,Moveis Comerciais,Mesas,V005,1,3853.2,2277.0,4238.52,30,1961.5200000000004
VND004383,2025-09-16,P011,Moveis Comerciais,Atendimento,V001,1,3328.0,1914.75,3594.24,7,1679.4899999999998
VND004384,2025-09-16,P003,Moveis Domesticos,Dormitorio,V006,1,2704.0,1552.5,2622.88,7,1070.38
VND004385,2025-09-16,P005,Moveis Domesticos,Sala,V004,3,1300.0,2235.6,3510.0,30,1274.4
VND004386,2025-09-16,P013,Moveis Comerciais,Mesas,V008,1,3934.32,2277.0,4013.01,7,1736.0100000000002
VND004387,2025-09-16,P014,Servicos sob Demanda,Projetos,V002,1,5408.0,2173.5,5137.6,45,2964.1000000000004
VND004388,2025-09-16,P006,Moveis Domesticos,Estofados,V006,2,968.24,1076.4,1878.39,60,801.99
VND004389,2025-09-16,P012,Moveis Comerciais,Estacoes,V002,1,4742.4,2949.75,4505.28,30,1555.5299999999997
VND004390,2025-09-16,P011,Moveis Comerciais,Atendimento,V007,1,3328.0,1914.75,3527.68,30,1612.9299999999998
VND004391,2025-09-16,P010,Moveis Comerciais,Armazenagem,V002,2,2548.0,2898.0,4841.2,0,1943.1999999999998
VND004392,2025-09-16,P010,Moveis Comerciais,Armazenagem,V001,2,2420.6,2898.0,5228.5,30,2330.5
VND004393,2025-09-16,P005,Moveis Domesticos,Sala,V006,3,1300.0,2235.6,3783.0,0,1547.4
VND004394,2025-09-17,P002,Moveis Domesticos,Mesas,V002,1,2288.0,1293.75,2173.6,30,879.8499999999999
VND004395,2025-09-17,P010,Moveis Comerciais,Armazenagem,V006,1,2548.0,1449.0,2471.56,60,1022.56
VND004396,2025-09-17,P010,Moveis Comerciais,Armazenagem,V007,2,2420.6,2898.0,5131.67,7,2233.67
VND004397,2025-09-17,P010,Moveis Comerciais,Armazenagem,V004,1,2420.6,1449.0,2178.54,30,729.54
VND004398,2025-09-17,P007,Moveis Domesticos,Escritorio,V007,3,1361.88,2359.8,4330.78,30,1970.9799999999996
VND004399,2025-09-17,P003,Moveis Domesticos,Dormitorio,V001,1,2568.8,1552.5,2774.3,45,1221.8000000000002
VND004400,2025-09-18,P008,Moveis Comerciais,Cadeiras,V004,1,1136.2,662.4,1022.58,7,360.18000000000006
VND004401,2025-09-18,P009,Moveis Comerciais,Mesas,V008,1,1820.0,1014.3,1856.4,30,842.1000000000001
VND004402,2025-09-18,P001,Moveis Domesticos,Estofados,V001,3,1924.0,3415.5,6233.76,45,2818.26
VND004403,2025-09-18,P012,Moveis Comerciais,Estacoes,V001,2,4592.64,5899.5,9920.1,45,4020.6000000000004
VND004404,2025-09-19,P005,Moveis Domesticos,Sala,V004,4,1300.0,2980.8,4680.0,0,1699.1999999999998
VND004405,2025-09-19,P007,Moveis Domesticos,Escritorio,V002,1,1404.0,786.6,1333.8,30,547.1999999999999
VND004406,2025-09-19,P010,Moveis Comerciais,Armazenagem,V006,6,2471.56,8694.0,14384.48,15,5690.48
VND004407,2025-09-19,P002,Moveis Domesticos,Mesas,V007,1,2219.36,1293.75,2352.52,15,1058.77
VND004408,2025-09-19,P017,Servicos sob Demanda,Consultoria,V007,2,2679.04,1863.0,5679.56,0,3816.5600000000004
VND004409,2025-09-19,P014,Servicos sob Demanda,Projetos,V003,1,5408.0,2173.5,5570.24,30,3396.74
VND004410,2025-09-19,P016,Servicos sob Demanda,Projetos,V003,2,11960.0,10764.0,24637.6,15,13873.599999999999
VND004411,2025-09-20,P013,Moveis Comerciais,Mesas,V002,1,3934.32,2277.0,3737.6,30,1460.6
VND004412,2025-09-20,P009,Moveis Comerciais,Mesas,V007,1,1729.0,1014.3,1832.74,15,818.44
VND004413,2025-09-20,P009,Moveis Comerciais,Mesas,V008,2,1820.0,2028.6,3712.8,7,1684.2000000000003
VND004414,2025-09-20,P005,Moveis Domesticos,Sala,V005,1,1261.0,745.2,1387.1,30,641.8999999999999
VND004415,2025-09-20,P009,Moveis Comerciais,Mesas,V008,1,1674.4,1014.3,1707.89,45,693.5900000000001
VND004416,2025-09-20,P009,Moveis Comerciais,Mesas,V005,2,1674.4,2028.6,3683.68,30,1655.08
VND004417,2025-09-20,P002,Moveis Domesticos,Mesas,V003,2,2288.0,2587.5,4713.28,15,2125.7799999999997
VND004418,2025-09-20,P002,Moveis Domesticos,Mesas,V008,1,2219.36,1293.75,2263.75,30,970.0
VND004419,2025-09-20,P010,Moveis Comerciais,Armazenagem,V002,1,2548.0,1449.0,2420.6,15,971.5999999999999
VND004420,2025-09-20,P002,Moveis Domesticos,Mesas,V002,2,2104.96,2587.5,3999.42,60,1411.92
VND004421,2025-09-20,P008,Moveis Comerciais,Cadeiras,V002,2,1160.12,1324.8,2204.23,15,879.4300000000001
VND004422,2025-09-20,P014,Servicos sob Demanda,Projetos,V001,2,4975.36,4347.0,10746.78,0,6399.780000000001
VND004423,2025-09-21,P015,Servicos sob Demanda,Projetos,V006,1,8132.8,3622.5,7888.82,0,4266.32
VND004424,2025-09-21,P007,Moveis Domesticos,Escritorio,V002,1,1361.88,786.6,1293.79,15,507.18999999999994
VND004425,2025-09-21,P003,Moveis Domesticos,Dormitorio,V001,2,2704.0,3105.0,5840.64,0,2735.6400000000003
VND004426,2025-09-21,P002,Moveis Domesticos,Mesas,V007,1,2173.6,1293.75,2304.02,30,1010.27
VND004427,2025-09-21,P014,Servicos sob Demanda,Projetos,V001,1,4975.36,2173.5,5373.39,0,3199.8900000000003
VND004428,2025-09-21,P013,Moveis Comerciais,Mesas,V003,1,4056.0,2277.0,4177.68,30,1900.6800000000003
VND004429,2025-09-21,P001,Moveis Domesticos,Estofados,V007,1,1866.28,1138.5,1978.26,30,839.76
VND004430,2025-09-22,P009,Moveis Comerciais,Mesas,V004,1,1729.0,1014.3,1556.1,0,541.8
VND004431,2025-09-22,P001,Moveis Domesticos,Estofados,V008,1,1866.28,1138.5,1903.61,60,765.1099999999999
VND004432,2025-09-22,P005,Moveis Domesticos,Sala,V006,1,1235.0,745.2,1197.95,30,452.75
VND004433,2025-09-22,P001,Moveis Domesticos,Estofados,V001,1,1866.28,1138.5,2015.58,30,877.0799999999999
VND004434,2025-09-22,P003,Moveis Domesticos,Dormitorio,V003,3,2622.88,4657.5,8104.7,45,3447.2
VND004435,2025-09-23,P012,Moveis Comerciais,Estacoes,V006,1,4742.4,2949.75,4600.13,0,1650.38
VND004436,2025-09-23,P015,Servicos sob Demanda,Projetos,V005,1,8840.0,3622.5,9724.0,45,6101.5
VND004437,2025-09-23,P001,Moveis Domesticos,Estofados,V004,1,1924.0,1138.5,1731.6,0,593.0999999999999
VND004438,2025-09-23,P006,Moveis Domesticos,Estofados,V008,1,1019.2,538.2,1039.58,7,501.3799999999999
VND004439,2025-09-23,P015,Servicos sob Demanda,Projetos,V004,3,8840.0,10867.5,23868.0,15,13000.5
VND004440,2025-09-24,P002,Moveis Domesticos,Mesas,V005,1,2288.0,1293.75,2516.8,30,1223.0500000000002
VND004441,2025-09-24,P018,Servicos sob Demanda,Projetos,V002,3,6506.24,8073.0,18542.78,0,10469.779999999999
VND004442,2025-09-24,P017,Servicos sob Demanda,Consultoria,V005,1,2766.4,931.5,3043.04,7,2111.54
VND004443,2025-09-24,P003,Moveis Domesticos,Dormitorio,V001,1,2704.0,1552.5,2920.32,15,1367.8200000000002
VND004444,2025-09-24,P004,Moveis Domesticos,Dormitorio,V001,2,3224.0,3829.5,6963.84,7,3134.34
VND004445,2025-09-24,P008,Moveis Comerciais,Cadeiras,V001,1,1196.0,662.4,1291.68,30,629.2800000000001
VND004446,2025-09-25,P008,Moveis Comerciais,Cadeiras,V001,1,1136.2,662.4,1227.1,0,564.6999999999999
VND004447,2025-09-25,P004,Moveis Domesticos,Dormitorio,V003,2,3127.28,3829.5,6442.2,30,2612.7
VND004448,2025-09-25,P006,Moveis Domesticos,Estofados,V001,3,937.66,1614.6,3038.02,7,1423.42
VND004449,2025-09-25,P011,Moveis Comerciais,Atendimento,V001,3,3228.16,5744.25,10459.24,60,4714.99
VND004450,2025-09-25,P004,Moveis Domesticos,Dormitorio,V004,1,3224.0,1914.75,2901.6,45,986.8499999999999
VND004451,2025-09-25,P005,Moveis Domesticos,Sala,V004,3,1300.0,2235.6,3510.0,45,1274.4
VND004452,2025-09-26,P009,Moveis Comerciais,Mesas,V003,1,1729.0,1014.3,1780.87,7,766.5699999999999
VND004453,2025-09-26,P011,Moveis Comerciais,Atendimento,V001,4,3228.16,7659.0,13945.65,15,6286.65
VND004454,2025-09-26,P010,Moveis Comerciais,Armazenagem,V007,1,2471.56,1449.0,2619.85,0,1170.85
VND004455,2025-09-26,P010,Moveis Comerciais,Armazenagem,V003,1,2548.0,1449.0,2624.44,60,1175.44
VND004456,2025-09-26,P001,Moveis Domesticos,Estofados,V006,1,1827.8,1138.5,1772.97,30,634.47
VND004457,2025-09-26,P005,Moveis Domesticos,Sala,V006,2,1261.0,1490.4,2446.34,60,955.94
VND004458,2025-09-26,P013,Moveis Comerciais,Mesas,V001,2,3853.2,4554.0,8322.91,45,3768.91
VND004459,2025-09-27,P008,Moveis Comerciais,Cadeiras,V006,1,1160.12,662.4,1125.32,30,462.91999999999996
VND004460,2025-09-27,P006,Moveis Domesticos,Estofados,V004,1,1019.2,538.2,917.28,60,379.0799999999999
VND004461,2025-09-27,P009,Moveis Comerciais,Mesas,V007,3,1765.4,3042.9,5613.97,15,2571.07
VND004462,2025-09-27,P015,Servicos sob Demanda,Projetos,V002,1,8398.0,3622.5,7978.1,0,4355.6
VND004463,2025-09-27,P010,Moveis Comerciais,Armazenagem,V006,1,2548.0,1449.0,2471.56,45,1022.56
VND004464,2025-09-27,P015,Servicos sob Demanda,Projetos,V004,1,8840.0,3622.5,7956.0,30,4333.5
VND004465,2025-09-28,P002,Moveis Domesticos,Mesas,V001,2,2288.0,2587.5,4942.08,15,2354.58
VND004466,2025-09-28,P006,Moveis Domesticos,Estofados,V005,1,1019.2,538.2,1121.12,7,582.9199999999998
VND004467,2025-09-29,P002,Moveis Domesticos,Mesas,V004,1,2104.96,1293.75,1894.46,45,600.71
VND004468,2025-09-29,P009,Moveis Comerciais,Mesas,V008,3,1674.4,3042.9,5123.66,45,2080.7599999999998
VND004469,2025-09-29,P004,Moveis Domesticos,Dormitorio,V005,3,3127.28,5744.25,10320.02,15,4575.77
VND004470,2025-09-29,P004,Moveis Domesticos,Dormitorio,V003,1,3224.0,1914.75,3320.72,15,1405.9699999999998
VND004471,2025-09-29,P013,Moveis Comerciais,Mesas,V008,1,3934.32,2277.0,4013.01,15,1736.0100000000002
VND004472,2025-09-29,P009,Moveis Comerciais,Mesas,V007,1,1820.0,1014.3,1929.2,60,914.9000000000001
VND004473,2025-09-30,P005,Moveis Domesticos,Sala,V008,4,1196.0,2980.8,4879.68,30,1898.88
VND004474,2025-09-30,P004,Moveis Domesticos,Dormitorio,V003,2,2966.08,3829.5,6110.12,0,2280.62
VND004475,2025-09-30,P007,Moveis Domesticos,Escritorio,V001,1,1361.88,786.6,1470.83,30,684.2299999999999
VND004476,2025-09-30,P011,Moveis Comerciais,Atendimento,V004,3,3161.6,5744.25,8536.32,0,2792.0699999999997
VND004477,2025-09-30,P002,Moveis Domesticos,Mesas,V007,1,2219.36,1293.75,2352.52,30,1058.77
VND004478,2025-09-30,P017,Servicos sob Demanda,Consultoria,V004,1,2912.0,931.5,2620.8,0,1689.3000000000002
VND004479,2025-09-30,P003,Moveis Domesticos,Dormitorio,V005,1,2704.0,1552.5,2974.4,7,1421.9
VND004480,2025-10-01,P012,Moveis Comerciais,Estacoes,V004,2,4992.0,5899.5,8985.6,30,3086.1000000000004
VND004481,2025-10-01,P010,Moveis Comerciais,Armazenagem,V005,2,2420.6,2898.0,5325.32,30,2427.3199999999997
VND004482,2025-10-01,P012,Moveis Comerciais,Estacoes,V006,1,4992.0,2949.75,4842.24,7,1892.4899999999998
VND004483,2025-10-01,P010,Moveis Comerciais,Armazenagem,V004,2,2471.56,2898.0,4448.81,7,1550.8100000000004
VND004484,2025-10-01,P009,Moveis Comerciais,Mesas,V005,3,1820.0,3042.9,6006.0,15,2963.1
VND004485,2025-10-01,P005,Moveis Domesticos,Sala,V003,2,1196.0,1490.4,2463.76,0,973.3600000000001
VND004486,2025-10-01,P013,Moveis Comerciais,Mesas,V006,2,4056.0,4554.0,7868.64,0,3314.6400000000003
VND004487,2025-10-01,P013,Moveis Comerciais,Mesas,V008,1,3731.52,2277.0,3806.15,45,1529.15
VND004488,2025-10-01,P013,Moveis Comerciais,Mesas,V008,3,4056.0,6831.0,12411.36,15,5580.360000000001
VND004489,2025-10-01,P004,Moveis Domesticos,Dormitorio,V004,1,3127.28,1914.75,2814.55,7,899.8000000000002
VND004490,2025-10-02,P015,Servicos sob Demanda,Projetos,V003,3,8840.0,10867.5,27315.6,0,16448.1
VND004491,2025-10-02,P007,Moveis Domesticos,Escritorio,V007,1,1361.88,786.6,1443.59,0,656.9899999999999
VND004492,2025-10-02,P001,Moveis Domesticos,Estofados,V008,1,1866.28,1138.5,1903.61,15,765.1099999999999
VND004493,2025-10-02,P009,Moveis Comerciais,Mesas,V003,1,1765.4,1014.3,1818.36,15,804.06
VND004494,2025-10-02,P001,Moveis Domesticos,Estofados,V002,2,1866.28,2277.0,3545.93,15,1268.9299999999998
VND004495,2025-10-02,P014,Servicos sob Demanda,Projetos,V001,1,5245.76,2173.5,5665.42,30,3491.92
VND004496,2025-10-02,P001,Moveis Domesticos,Estofados,V003,2,1827.8,2277.0,3765.27,0,1488.27
VND004497,2025-10-03,P007,Moveis Domesticos,Escritorio,V003,1,1404.0,786.6,1446.12,30,659.5199999999999
VND004498,2025-10-03,P002,Moveis Domesticos,Mesas,V002,1,2219.36,1293.75,2108.39,30,814.6399999999999
VND004499,2025-10-03,P013,Moveis Comerciais,Mesas,V004,1,3934.32,2277.0,3540.89,7,1263.8899999999999
VND004500,2025-10-03,P002,Moveis Domesticos,Mesas,V006,1,2288.0,1293.75,2219.36,7,925.6100000000001
VND004501,2025-10-03,P015,Servicos sob Demanda,Projetos,V007,4,8840.0,14490.0,37481.6,60,22991.6
VND004502,2025-10-03,P015,Servicos sob Demanda,Projetos,V007,3,8574.8,10867.5,27267.86,0,16400.36
VND004503,2025-10-03,P005,Moveis Domesticos,Sala,V005,1,1300.0,745.2,1430.0,30,684.8
VND004504,2025-10-03,P009,Moveis Comerciais,Mesas,V003,2,1820.0,2028.6,3749.2,30,1720.6
VND004505,2025-10-03,P001,Moveis Domesticos,Estofados,V003,2,1827.8,2277.0,3765.27,30,1488.27
VND004506,2025-10-03,P015,Servicos sob Demanda,Projetos,V003,3,8574.8,10867.5,26496.13,30,15628.630000000001
VND004507,2025-10-04,P006,Moveis Domesticos,Estofados,V008,2,1019.2,1076.4,2079.17,30,1002.77
VND004508,2025-10-04,P006,Moveis Domesticos,Estofados,V004,1,1019.2,538.2,917.28,7,379.0799999999999
VND004509,2025-10-04,P003,Moveis Domesticos,Dormitorio,V008,2,2704.0,3105.0,5516.16,15,2411.16
VND004510,2025-10-04,P006,Moveis Domesticos,Estofados,V008,2,937.66,1076.4,1912.83,30,836.4299999999998
VND004511,2025-10-04,P010,Moveis Comerciais,Armazenagem,V008,1,2548.0,1449.0,2598.96,60,1149.96
VND004512,2025-10-05,P007,Moveis Domesticos,Escritorio,V008,3,1404.0,2359.8,4296.24,30,1936.4399999999996
VND004513,2025-10-05,P004,Moveis Domesticos,Dormitorio,V001,1,3224.0,1914.75,3481.92,15,1567.17
VND004514,2025-10-05,P018,Servicos sob Demanda,Projetos,V002,2,6859.84,5382.0,13033.7,15,7651.700000000001
VND004515,2025-10-05,P013,Moveis Comerciais,Mesas,V005,2,3853.2,4554.0,8477.04,15,3923.040000000001
VND004516,2025-10-05,P018,Servicos sob Demanda,Projetos,V007,1,7072.0,2691.0,7496.32,45,4805.32
VND004517,2025-10-06,P007,Moveis Domesticos,Escritorio,V003,1,1361.88,786.6,1402.74,30,616.14
VND004518,2025-10-06,P017,Servicos sob Demanda,Consultoria,V005,1,2912.0,931.5,3203.2,0,2271.7
VND004519,2025-10-06,P005,Moveis Domesticos,Sala,V007,1,1261.0,745.2,1336.66,7,591.46
VND004520,2025-10-06,P001,Moveis Domesticos,Estofados,V008,2,1866.28,2277.0,3807.21,7,1530.21
VND004521,2025-10-07,P004,Moveis Domesticos,Dormitorio,V001,1,3224.0,1914.75,3481.92,60,1567.17
VND004522,2025-10-07,P011,Moveis Comerciais,Atendimento,V001,4,3161.6,7659.0,13658.11,45,5999.110000000001
VND004523,2025-10-07,P014,Servicos sob Demanda,Projetos,V003,2,5408.0,4347.0,11140.48,0,6793.48
VND004524,2025-10-07,P003,Moveis Domesticos,Dormitorio,V003,1,2487.68,1552.5,2562.31,0,1009.81
VND004525,2025-10-07,P001,Moveis Domesticos,Estofados,V008,1,1924.0,1138.5,1962.48,30,823.98
VND004526,2025-10-07,P004,Moveis Domesticos,Dormitorio,V001,1,3224.0,1914.75,3481.92,0,1567.17
VND004527,2025-10-07,P002,Moveis Domesticos,Mesas,V002,2,2173.6,2587.5,4129.84,45,1542.3400000000001
VND004528,2025-10-07,P012,Moveis Comerciais,Estacoes,V002,2,4842.24,5899.5,9200.26,15,3300.76
VND004529,2025-10-07,P010,Moveis Comerciais,Armazenagem,V001,1,2344.16,1449.0,2531.69,7,1082.69
VND004530,2025-10-07,P002,Moveis Domesticos,Mesas,V004,1,2288.0,1293.75,2059.2,60,765.4499999999998
VND004531,2025-10-07,P001,Moveis Domesticos,Estofados,V006,1,1866.28,1138.5,1810.29,0,671.79
VND004532,2025-10-08,P008,Moveis Comerciais,Cadeiras,V002,1,1196.0,662.4,1136.2,60,473.80000000000007
VND004533,2025-10-08,P001,Moveis Domesticos,Estofados,V005,1,1866.28,1138.5,2052.91,15,914.4099999999999
VND004534,2025-10-08,P014,Servicos sob Demanda,Projetos,V007,3,5137.6,6520.5,16337.57,0,9817.07
VND004535,2025-10-08,P008,Moveis Comerciais,Cadeiras,V002,1,1196.0,662.4,1136.2,45,473.80000000000007
VND004536,2025-10-08,P009,Moveis Comerciais,Mesas,V008,2,1729.0,2028.6,3527.16,0,1498.56
VND004537,2025-10-08,P013,Moveis Comerciais,Mesas,V002,1,4056.0,2277.0,3853.2,15,1576.1999999999998
VND004538,2025-10-08,P004,Moveis Domesticos,Dormitorio,V003,1,3224.0,1914.75,3320.72,45,1405.9699999999998
VND004539,2025-10-08,P007,Moveis Domesticos,Escritorio,V005,1,1404.0,786.6,1544.4,15,757.8000000000001
VND004540,2025-10-09,P006,Moveis Domesticos,Estofados,V003,2,968.24,1076.4,1994.57,30,918.1699999999998
VND004541,2025-10-09,P011,Moveis Comerciais,Atendimento,V007,1,3161.6,1914.75,3351.3,15,1436.5500000000002
VND004542,2025-10-09,P008,Moveis Comerciais,Cadeiras,V002,2,1100.32,1324.8,2090.61,45,765.8100000000002
VND004543,2025-10-09,P010,Moveis Comerciais,Armazenagem,V006,1,2344.16,1449.0,2273.84,45,824.8400000000001
VND004544,2025-10-09,P009,Moveis Comerciais,Mesas,V001,2,1729.0,2028.6,3734.64,60,1706.04
VND004545,2025-10-09,P016,Servicos sob Demanda,Projetos,V004,1,12350.0,5382.0,11115.0,0,5733.0
VND004546,2025-10-09,P002,Moveis Domesticos,Mesas,V005,1,2288.0,1293.75,2516.8,15,1223.0500000000002
VND004547,2025-10-10,P018,Servicos sob Demanda,Projetos,V001,1,6718.4,2691.0,7255.87,45,4564.87
VND004548,2025-10-10,P002,Moveis Domesticos,Mesas,V008,1,2288.0,1293.75,2333.76,0,1040.0100000000002
VND004549,2025-10-10,P001,Moveis Domesticos,Estofados,V005,1,1866.28,1138.5,2052.91,15,914.4099999999999
VND004550,2025-10-10,P011,Moveis Comerciais,Atendimento,V001,1,3228.16,1914.75,3486.41,45,1571.6599999999999
VND004551,2025-10-10,P008,Moveis Comerciais,Cadeiras,V004,2,1160.12,1324.8,2088.22,45,763.4199999999998
VND004552,2025-10-10,P006,Moveis Domesticos,Estofados,V007,2,988.62,1076.4,2095.87,0,1019.4699999999998
VND004553,2025-10-10,P002,Moveis Domesticos,Mesas,V001,2,2104.96,2587.5,4546.71,45,1959.21
VND004554,2025-10-11,P012,Moveis Comerciais,Estacoes,V007,1,4842.24,2949.75,5132.77,30,2183.0200000000004
VND004555,2025-10-11,P012,Moveis Comerciais,Estacoes,V007,1,4992.0,2949.75,5291.52,0,2341.7700000000004
VND004556,2025-10-11,P013,Moveis Comerciais,Mesas,V007,1,3934.32,2277.0,4170.38,30,1893.38
VND004557,2025-10-11,P013,Moveis Comerciais,Mesas,V001,1,3853.2,2277.0,4161.46,45,1884.46
VND004558,2025-10-11,P017,Servicos sob Demanda,Consultoria,V007,5,2912.0,4657.5,15433.6,7,10776.1
VND004559,2025-10-12,P003,Moveis Domesticos,Dormitorio,V002,1,2704.0,1552.5,2568.8,7,1016.3000000000002
VND004560,2025-10-12,P009,Moveis Comerciais,Mesas,V001,1,1820.0,1014.3,1965.6,7,951.3
VND004561,2025-10-12,P002,Moveis Domesticos,Mesas,V006,5,2288.0,6468.75,11096.8,30,4628.049999999999
VND004562,2025-10-12,P010,Moveis Comerciais,Armazenagem,V002,1,2344.16,1449.0,2226.95,30,777.9499999999998
VND004563,2025-10-12,P017,Servicos sob Demanda,Consultoria,V008,1,2912.0,931.5,2970.24,7,2038.7399999999998
VND004564,2025-10-12,P015,Servicos sob Demanda,Projetos,V002,1,8840.0,3622.5,8398.0,30,4775.5
VND004565,2025-10-12,P003,Moveis Domesticos,Dormitorio,V003,1,2568.8,1552.5,2645.86,60,1093.3600000000001
VND004566,2025-10-12,P001,Moveis Domesticos,Estofados,V002,2,1866.28,2277.0,3545.93,15,1268.9299999999998
VND004567,2025-10-12,P006,Moveis Domesticos,Estofados,V002,2,988.62,1076.4,1878.38,0,801.98
VND004568,2025-10-12,P002,Moveis Domesticos,Mesas,V002,3,2173.6,3881.25,6194.76,0,2313.51
VND004569,2025-10-12,P003,Moveis Domesticos,Dormitorio,V008,1,2704.0,1552.5,2758.08,15,1205.58
VND004570,2025-10-12,P008,Moveis Comerciais,Cadeiras,V001,4,1160.12,2649.6,5011.72,7,2362.1200000000003
VND004571,2025-10-12,P018,Servicos sob Demanda,Projetos,V004,1,6718.4,2691.0,6046.56,60,3355.5600000000004
VND004572,2025-10-12,P001,Moveis Domesticos,Estofados,V004,2,1924.0,2277.0,3463.2,30,1186.1999999999998
VND004573,2025-10-13,P005,Moveis Domesticos,Sala,V008,2,1300.0,1490.4,2652.0,0,1161.6
VND004574,2025-10-13,P017,Servicos sob Demanda,Consultoria,V004,1,2766.4,931.5,2489.76,30,1558.2600000000002
VND004575,2025-10-13,P014,Servicos sob Demanda,Projetos,V006,3,5245.76,6520.5,15265.16,15,8744.66
VND004576,2025-10-13,P015,Servicos sob Demanda,Projetos,V001,1,8398.0,3622.5,9069.84,0,5447.34
VND004577,2025-10-13,P015,Servicos sob Demanda,Projetos,V008,1,8840.0,3622.5,9016.8,0,5394.299999999999
VND004578,2025-10-14,P014,Servicos sob Demanda,Projetos,V008,2,5245.76,4347.0,10701.35,7,6354.35
VND004579,2025-10-14,P017,Servicos sob Demanda,Consultoria,V007,4,2912.0,3726.0,12346.88,30,8620.88
VND004580,2025-10-14,P005,Moveis Domesticos,Sala,V003,1,1261.0,745.2,1298.83,0,553.6299999999999
VND004581,2025-10-14,P005,Moveis Domesticos,Sala,V006,1,1300.0,745.2,1261.0,30,515.8
VND004582,2025-10-14,P017,Servicos sob Demanda,Consultoria,V002,1,2912.0,931.5,2766.4,30,1834.9
VND004583,2025-10-14,P002,Moveis Domesticos,Mesas,V006,3,2173.6,3881.25,6325.18,30,2443.9300000000003
VND004584,2025-10-14,P013,Moveis Comerciais,Mesas,V002,4,4056.0,9108.0,15412.8,30,6304.799999999999
VND004585,2025-10-14,P009,Moveis Comerciais,Mesas,V006,3,1820.0,3042.9,5296.2,7,2253.2999999999997
VND004586,2025-10-15,P004,Moveis Domesticos,Dormitorio,V008,2,3224.0,3829.5,6576.96,7,2747.46
VND004587,2025-10-15,P004,Moveis Domesticos,Dormitorio,V008,3,3127.28,5744.25,9569.48,15,3825.2299999999996
VND004588,2025-10-15,P009,Moveis Comerciais,Mesas,V001,3,1820.0,3042.9,5896.8,60,2853.9
VND004589,2025-10-15,P003,Moveis Domesticos,Dormitorio,V001,3,2622.88,4657.5,8498.13,45,3840.629999999999
VND004590,2025-10-15,P006,Moveis Domesticos,Estofados,V007,2,1019.2,1076.4,2160.7,45,1084.2999999999997
VND004591,2025-10-15,P009,Moveis Comerciais,Mesas,V006,3,1820.0,3042.9,5296.2,0,2253.2999999999997
VND004592,2025-10-15,P005,Moveis Domesticos,Sala,V004,1,1235.0,745.2,1111.5,60,366.29999999999995
VND004593,2025-10-15,P003,Moveis Domesticos,Dormitorio,V005,1,2622.88,1552.5,2885.17,30,1332.67
VND004594,2025-10-15,P013,Moveis Comerciais,Mesas,V004,4,4056.0,9108.0,14601.6,45,5493.6
VND004595,2025-10-15,P015,Servicos sob Demanda,Projetos,V005,2,8574.8,7245.0,18864.56,45,11619.560000000001
VND004596,2025-10-16,P006,Moveis Domesticos,Estofados,V007,1,968.24,538.2,1026.33,30,488.1299999999999
VND004597,2025-10-16,P011,Moveis Comerciais,Atendimento,V006,2,3328.0,3829.5,6456.32,15,2626.8199999999997
VND004598,2025-10-17,P002,Moveis Domesticos,Mesas,V006,1,2288.0,1293.75,2219.36,0,925.6100000000001
VND004599,2025-10-17,P004,Moveis Domesticos,Dormitorio,V002,1,3224.0,1914.75,3062.8,15,1148.0500000000002
VND004600,2025-10-17,P004,Moveis Domesticos,Dormitorio,V005,3,3224.0,5744.25,10639.2,30,4894.950000000001
VND004601,2025-10-17,P018,Servicos sob Demanda,Projetos,V007,2,6506.24,5382.0,13793.23,15,8411.23
VND004602,2025-10-17,P008,Moveis Comerciais,Cadeiras,V003,4,1196.0,2649.6,4927.52,45,2277.9200000000005
VND004603,2025-10-17,P005,Moveis Domesticos,Sala,V005,1,1300.0,745.2,1430.0,15,684.8
VND004604,2025-10-17,P010,Moveis Comerciais,Armazenagem,V004,1,2548.0,1449.0,2293.2,45,844.1999999999998
VND004605,2025-10-18,P013,Moveis Comerciais,Mesas,V001,1,4056.0,2277.0,4380.48,30,2103.4799999999996
VND004606,2025-10-18,P008,Moveis Comerciais,Cadeiras,V006,1,1196.0,662.4,1160.12,7,497.7199999999999
VND004607,2025-10-18,P013,Moveis Comerciais,Mesas,V004,4,3934.32,9108.0,14163.55,30,5055.549999999999
VND004608,2025-10-18,P002,Moveis Domesticos,Mesas,V004,1,2288.0,1293.75,2059.2,60,765.4499999999998
VND004609,2025-10-18,P001,Moveis Domesticos,Estofados,V003,1,1827.8,1138.5,1882.63,0,744.1300000000001
VND004610,2025-10-18,P004,Moveis Domesticos,Dormitorio,V005,2,3224.0,3829.5,7092.8,30,3263.3
VND004611,2025-10-18,P009,Moveis Comerciais,Mesas,V003,1,1765.4,1014.3,1818.36,30,804.06
VND004612,2025-10-18,P004,Moveis Domesticos,Dormitorio,V002,5,3127.28,9573.75,14854.58,45,5280.83
VND004613,2025-10-19,P008,Moveis Comerciais,Cadeiras,V008,1,1136.2,662.4,1158.92,60,496.5200000000001
VND004614,2025-10-19,P012,Moveis Comerciais,Estacoes,V003,1,4842.24,2949.75,4987.51,30,2037.7600000000002
VND004615,2025-10-19,P013,Moveis Comerciais,Mesas,V001,2,4056.0,4554.0,8760.96,0,4206.959999999999
VND004616,2025-10-19,P018,Servicos sob Demanda,Projetos,V006,3,7072.0,8073.0,20579.52,30,12506.52
VND004617,2025-10-19,P014,Servicos sob Demanda,Projetos,V008,1,5245.76,2173.5,5350.68,15,3177.1800000000003
VND004618,2025-10-19,P018,Servicos sob Demanda,Projetos,V003,1,7072.0,2691.0,7284.16,15,4593.16
VND004619,2025-10-19,P015,Servicos sob Demanda,Projetos,V006,1,8840.0,3622.5,8574.8,30,4952.299999999999
VND004620,2025-10-19,P002,Moveis Domesticos,Mesas,V004,3,2219.36,3881.25,5992.27,7,2111.0200000000004
VND004621,2025-10-19,P007,Moveis Domesticos,Escritorio,V003,1,1404.0,786.6,1446.12,0,659.5199999999999
VND004622,2025-10-19,P004,Moveis Domesticos,Dormitorio,V002,2,3224.0,3829.5,6125.6,60,2296.1000000000004
VND004623,2025-10-20,P007,Moveis Domesticos,Escritorio,V003,1,1404.0,786.6,1446.12,0,659.5199999999999
VND004624,2025-10-20,P005,Moveis Domesticos,Sala,V008,3,1235.0,2235.6,3779.1,0,1543.5
VND004625,2025-10-20,P003,Moveis Domesticos,Dormitorio,V002,2,2704.0,3105.0,5137.6,0,2032.6000000000004
VND004626,2025-10-20,P014,Servicos sob Demanda,Projetos,V004,3,5245.76,6520.5,14163.55,0,7643.049999999999
VND004627,2025-10-20,P006,Moveis Domesticos,Estofados,V004,2,968.24,1076.4,1742.83,60,666.4299999999998
VND004628,2025-10-20,P018,Servicos sob Demanda,Projetos,V007,1,7072.0,2691.0,7496.32,45,4805.32
VND004629,2025-10-20,P014,Servicos sob Demanda,Projetos,V007,1,5245.76,2173.5,5560.51,7,3387.01
VND004630,2025-10-20,P005,Moveis Domesticos,Sala,V008,1,1261.0,745.2,1286.22,0,541.02
VND004631,2025-10-21,P010,Moveis Comerciais,Armazenagem,V001,1,2471.56,1449.0,2669.28,0,1220.2800000000002
VND004632,2025-10-21,P012,Moveis Comerciais,Estacoes,V003,1,4592.64,2949.75,4730.42,30,1780.67
VND004633,2025-10-21,P001,Moveis Domesticos,Estofados,V005,1,1827.8,1138.5,2010.58,30,872.0799999999999
VND004634,2025-10-21,P014,Servicos sob Demanda,Projetos,V003,1,5245.76,2173.5,5403.13,0,3229.63
VND004635,2025-10-21,P011,Moveis Comerciais,Atendimento,V002,1,3328.0,1914.75,3161.6,30,1246.85
VND004636,2025-10-22,P014,Servicos sob Demanda,Projetos,V002,1,4975.36,2173.5,4726.59,60,2553.09
VND004637,2025-10-22,P009,Moveis Comerciais,Mesas,V008,1,1820.0,1014.3,1856.4,0,842.1000000000001
VND004638,2025-10-22,P005,Moveis Domesticos,Sala,V008,2,1300.0,1490.4,2652.0,7,1161.6
VND004639,2025-10-22,P014,Servicos sob Demanda,Projetos,V006,1,5408.0,2173.5,5245.76,45,3072.26
VND004640,2025-10-22,P001,Moveis Domesticos,Estofados,V002,1,1924.0,1138.5,1827.8,60,689.3
VND004641,2025-10-22,P015,Servicos sob Demanda,Projetos,V003,2,8574.8,7245.0,17664.09,30,10419.09
VND004642,2025-10-22,P002,Moveis Domesticos,Mesas,V002,2,2288.0,2587.5,4347.2,7,1759.6999999999998
VND004643,2025-10-22,P007,Moveis Domesticos,Escritorio,V008,2,1404.0,1573.2,2864.16,15,1290.9599999999998
VND004644,2025-10-22,P015,Servicos sob Demanda,Projetos,V005,1,8398.0,3622.5,9237.8,30,5615.299999999999
VND004645,2025-10-22,P003,Moveis Domesticos,Dormitorio,V005,1,2622.88,1552.5,2885.17,30,1332.67
VND004646,2025-10-22,P011,Moveis Comerciais,Atendimento,V004,3,3328.0,5744.25,8985.6,7,3241.3500000000004
VND004647,2025-10-23,P002,Moveis Domesticos,Mesas,V007,1,2288.0,1293.75,2425.28,30,1131.5300000000002
VND004648,2025-10-23,P006,Moveis Domesticos,Estofados,V001,1,1019.2,538.2,1100.74,0,562.54
VND004649,2025-10-23,P004,Moveis Domesticos,Dormitorio,V008,3,3224.0,5744.25,9865.44,45,4121.1900000000005
VND004650,2025-10-23,P005,Moveis Domesticos,Sala,V002,2,1300.0,1490.4,2470.0,7,979.5999999999999
VND004651,2025-10-23,P002,Moveis Domesticos,Mesas,V008,1,2288.0,1293.75,2333.76,15,1040.0100000000002
VND004652,2025-10-23,P001,Moveis Domesticos,Estofados,V005,1,1770.08,1138.5,1947.09,0,808.5899999999999
VND004653,2025-10-24,P018,Servicos sob Demanda,Projetos,V004,3,7072.0,8073.0,19094.4,15,11021.400000000001
VND004654,2025-10-24,P006,Moveis Domesticos,Estofados,V004,1,1019.2,538.2,917.28,15,379.0799999999999
VND004655,2025-10-24,P001,Moveis Domesticos,Estofados,V006,2,1866.28,2277.0,3620.58,15,1343.58
VND004656,2025-10-24,P008,Moveis Comerciais,Cadeiras,V007,1,1160.12,662.4,1229.73,30,567.33
VND004657,2025-10-25,P003,Moveis Domesticos,Dormitorio,V006,3,2622.88,4657.5,7632.58,30,2975.08
VND004658,2025-10-25,P018,Servicos sob Demanda,Projetos,V001,1,6859.84,2691.0,7408.63,7,4717.63
VND004659,2025-10-25,P006,Moveis Domesticos,Estofados,V003,3,1019.2,1614.6,3149.33,30,1534.73
VND004660,2025-10-25,P006,Moveis Domesticos,Estofados,V008,1,1019.2,538.2,1039.58,15,501.3799999999999
VND004661,2025-10-25,P017,Servicos sob Demanda,Consultoria,V008,1,2912.0,931.5,2970.24,45,2038.7399999999998
VND004662,2025-10-25,P013,Moveis Comerciais,Mesas,V004,1,4056.0,2277.0,3650.4,0,1373.4
VND004663,2025-10-25,P008,Moveis Comerciais,Cadeiras,V003,1,1196.0,662.4,1231.88,15,569.4800000000001
VND004664,2025-10-25,P018,Servicos sob Demanda,Projetos,V007,1,7072.0,2691.0,7496.32,30,4805.32
VND004665,2025-10-25,P011,Moveis Comerciais,Atendimento,V006,3,3328.0,5744.25,9684.48,15,3940.2299999999996
VND004666,2025-10-25,P004,Moveis Domesticos,Dormitorio,V003,2,3062.8,3829.5,6309.37,30,2479.87
VND004667,2025-10-26,P004,Moveis Domesticos,Dormitorio,V008,1,2966.08,1914.75,3025.4,30,1110.65
VND004668,2025-10-26,P018,Servicos sob Demanda,Projetos,V002,1,7072.0,2691.0,6718.4,30,4027.3999999999996
VND004669,2025-10-26,P018,Servicos sob Demanda,Projetos,V002,4,6718.4,10764.0,25529.92,60,14765.919999999998
VND004670,2025-10-26,P015,Servicos sob Demanda,Projetos,V002,1,8132.8,3622.5,7726.16,0,4103.66
VND004671,2025-10-26,P008,Moveis Comerciais,Cadeiras,V006,1,1196.0,662.4,1160.12,60,497.7199999999999
VND004672,2025-10-26,P013,Moveis Comerciais,Mesas,V003,3,3934.32,6831.0,12157.05,45,5326.049999999999
VND004673,2025-10-26,P004,Moveis Domesticos,Dormitorio,V005,5,3224.0,9573.75,17732.0,45,8158.25
VND004674,2025-10-27,P014,Servicos sob Demanda,Projetos,V006,1,5245.76,2173.5,5088.39,30,2914.8900000000003
VND004675,2025-10-27,P017,Servicos sob Demanda,Consultoria,V007,3,2912.0,2794.5,9260.16,0,6465.66
VND004676,2025-10-27,P001,Moveis Domesticos,Estofados,V004,1,1866.28,1138.5,1679.65,60,541.1500000000001
VND004677,2025-10-27,P006,Moveis Domesticos,Estofados,V004,1,988.62,538.2,889.76,60,351.55999999999995
VND004678,2025-10-27,P007,Moveis Domesticos,Escritorio,V003,2,1361.88,1573.2,2805.47,0,1232.2699999999998
VND004679,2025-10-28,P009,Moveis Comerciais,Mesas,V007,1,1674.4,1014.3,1774.86,60,760.56
VND004680,2025-10-28,P005,Moveis Domesticos,Sala,V006,2,1300.0,1490.4,2522.0,7,1031.6
VND004681,2025-10-28,P015,Servicos sob Demanda,Projetos,V003,1,8840.0,3622.5,9105.2,30,5482.700000000001
VND004682,2025-10-28,P004,Moveis Domesticos,Dormitorio,V001,1,3062.8,1914.75,3307.82,45,1393.0700000000002
VND004683,2025-10-29,P008,Moveis Comerciais,Cadeiras,V003,2,1160.12,1324.8,2389.85,15,1065.05
VND004684,2025-10-29,P005,Moveis Domesticos,Sala,V008,3,1235.0,2235.6,3779.1,30,1543.5
VND004685,2025-10-29,P002,Moveis Domesticos,Mesas,V001,1,2288.0,1293.75,2471.04,15,1177.29
VND004686,2025-10-29,P004,Moveis Domesticos,Dormitorio,V006,2,3127.28,3829.5,6066.92,60,2237.42
VND004687,2025-10-29,P008,Moveis Comerciais,Cadeiras,V003,4,1160.12,2649.6,4779.69,0,2130.0899999999997
VND004688,2025-10-29,P007,Moveis Domesticos,Escritorio,V005,1,1404.0,786.6,1544.4,0,757.8000000000001
VND004689,2025-10-29,P003,Moveis Domesticos,Dormitorio,V005,1,2704.0,1552.5,2974.4,60,1421.9
VND004690,2025-10-30,P012,Moveis Comerciais,Estacoes,V001,3,4992.0,8849.25,16174.08,30,7324.83
VND004691,2025-10-30,P007,Moveis Domesticos,Escritorio,V002,1,1404.0,786.6,1333.8,0,547.1999999999999
VND004692,2025-10-30,P006,Moveis Domesticos,Estofados,V003,3,937.66,1614.6,2897.37,0,1282.77
VND004693,2025-10-30,P005,Moveis Domesticos,Sala,V007,1,1300.0,745.2,1378.0,30,632.8
VND004694,2025-10-31,P001,Moveis Domesticos,Estofados,V002,3,1924.0,3415.5,5483.4,15,2067.8999999999996
VND004695,2025-10-31,P012,Moveis Comerciais,Estacoes,V003,2,4842.24,5899.5,9975.01,30,4075.51
VND004696,2025-10-31,P012,Moveis Comerciais,Estacoes,V006,1,4992.0,2949.75,4842.24,7,1892.4899999999998
VND004697,2025-10-31,P007,Moveis Domesticos,Escritorio,V005,2,1361.88,1573.2,2996.14,7,1422.9399999999998
VND004698,2025-10-31,P004,Moveis Domesticos,Dormitorio,V006,1,3062.8,1914.75,2970.92,0,1056.17
VND004699,2025-11-01,P013,Moveis Comerciais,Mesas,V007,1,3934.32,2277.0,4170.38,60,1893.38
VND004700,2025-11-01,P001,Moveis Domesticos,Estofados,V004,1,1924.0,1138.5,1731.6,30,593.0999999999999
VND004701,2025-11-01,P008,Moveis Comerciais,Cadeiras,V003,3,1100.32,1987.2,3399.99,30,1412.7899999999997
VND004702,2025-11-01,P013,Moveis Comerciais,Mesas,V006,1,3853.2,2277.0,3737.6,30,1460.6
VND004703,2025-11-01,P013,Moveis Comerciais,Mesas,V007,3,4056.0,6831.0,12898.08,30,6067.08
VND004704,2025-11-01,P014,Servicos sob Demanda,Projetos,V006,1,5408.0,2173.5,5245.76,0,3072.26
VND004705,2025-11-01,P012,Moveis Comerciais,Estacoes,V002,4,4592.64,11799.0,17452.03,15,5653.029999999999
VND004706,2025-11-02,P006,Moveis Domesticos,Estofados,V001,1,968.24,538.2,1045.7,30,507.5
VND004707,2025-11-02,P013,Moveis Comerciais,Mesas,V006,1,3934.32,2277.0,3816.29,15,1539.29
VND004708,2025-11-02,P008,Moveis Comerciais,Cadeiras,V001,2,1160.12,1324.8,2505.86,15,1181.0600000000002
VND004709,2025-11-02,P013,Moveis Comerciais,Mesas,V004,2,3853.2,4554.0,6935.76,45,2381.76
VND004710,2025-11-02,P009,Moveis Comerciais,Mesas,V005,1,1729.0,1014.3,1901.9,15,887.6000000000001
VND004711,2025-11-03,P012,Moveis Comerciais,Estacoes,V004,1,4992.0,2949.75,4492.8,30,1543.0500000000002
VND004712,2025-11-03,P015,Servicos sob Demanda,Projetos,V004,1,8398.0,3622.5,7558.2,0,3935.7
VND004713,2025-11-03,P010,Moveis Comerciais,Armazenagem,V004,3,2548.0,4347.0,6879.6,7,2532.6000000000004
VND004714,2025-11-03,P006,Moveis Domesticos,Estofados,V002,2,1019.2,1076.4,1936.48,45,860.0799999999999
VND004715,2025-11-03,P007,Moveis Domesticos,Escritorio,V002,3,1291.68,2359.8,3681.29,0,1321.4899999999998
VND004716,2025-11-03,P007,Moveis Domesticos,Escritorio,V001,1,1404.0,786.6,1516.32,0,729.7199999999999
VND004717,2025-11-03,P011,Moveis Comerciais,Atendimento,V003,2,3228.16,3829.5,6650.01,0,2820.51
VND004718,2025-11-03,P011,Moveis Comerciais,Atendimento,V002,1,3228.16,1914.75,3066.75,30,1152.0
VND004719,2025-11-04,P017,Servicos sob Demanda,Consultoria,V005,2,2766.4,1863.0,6086.08,30,4223.08
VND004720,2025-11-04,P003,Moveis Domesticos,Dormitorio,V001,1,2622.88,1552.5,2832.71,30,1280.21
VND004721,2025-11-04,P012,Moveis Comerciais,Estacoes,V008,3,4742.4,8849.25,14511.74,7,5662.49
VND004722,2025-11-04,P007,Moveis Domesticos,Escritorio,V006,1,1333.8,786.6,1293.79,7,507.18999999999994
VND004723,2025-11-04,P009,Moveis Comerciais,Mesas,V005,4,1820.0,4057.2,8008.0,15,3950.8
VND004724,2025-11-04,P002,Moveis Domesticos,Mesas,V004,1,2173.6,1293.75,1956.24,15,662.49
VND004725,2025-11-05,P009,Moveis Comerciais,Mesas,V004,1,1820.0,1014.3,1638.0,60,623.7
VND004726,2025-11-05,P003,Moveis Domesticos,Dormitorio,V007,2,2704.0,3105.0,5732.48,30,2627.4799999999996
VND004727,2025-11-05,P005,Moveis Domesticos,Sala,V008,3,1300.0,2235.6,3978.0,60,1742.4
VND004728,2025-11-05,P006,Moveis Domesticos,Estofados,V003,3,968.24,1614.6,2991.86,30,1377.2600000000002
VND004729,2025-11-05,P002,Moveis Domesticos,Mesas,V004,5,2288.0,6468.75,10296.0,0,3827.25
VND004730,2025-11-05,P014,Servicos sob Demanda,Projetos,V008,2,5137.6,4347.0,10480.7,0,6133.700000000001
VND004731,2025-11-05,P009,Moveis Comerciais,Mesas,V003,1,1820.0,1014.3,1874.6,60,860.3
VND004732,2025-11-05,P018,Servicos sob Demanda,Projetos,V005,2,7072.0,5382.0,15558.4,30,10176.4
VND004733,2025-11-05,P013,Moveis Comerciais,Mesas,V007,1,4056.0,2277.0,4299.36,45,2022.3599999999997
VND004734,2025-11-05,P005,Moveis Domesticos,Sala,V001,2,1300.0,1490.4,2808.0,30,1317.6
VND004735,2025-11-06,P015,Servicos sob Demanda,Projetos,V005,1,8574.8,3622.5,9432.28,0,5809.780000000001
VND004736,2025-11-06,P003,Moveis Domesticos,Dormitorio,V004,1,2704.0,1552.5,2433.6,0,881.0999999999999
VND004737,2025-11-06,P005,Moveis Domesticos,Sala,V007,2,1196.0,1490.4,2535.52,60,1045.12
VND004738,2025-11-06,P008,Moveis Comerciais,Cadeiras,V006,2,1136.2,1324.8,2204.23,45,879.4300000000001
VND004739,2025-11-06,P008,Moveis Comerciais,Cadeiras,V007,2,1160.12,1324.8,2459.45,0,1134.6499999999999
VND004740,2025-11-06,P018,Servicos sob Demanda,Projetos,V006,1,7072.0,2691.0,6859.84,0,4168.84
VND004741,2025-11-06,P007,Moveis Domesticos,Escritorio,V005,1,1404.0,786.6,1544.4,0,757.8000000000001
VND004742,2025-11-06,P018,Servicos sob Demanda,Projetos,V001,1,6859.84,2691.0,7408.63,30,4717.63
VND004743,2025-11-07,P003,Moveis Domesticos,Dormitorio,V006,1,2704.0,1552.5,2622.88,7,1070.38
VND004744,2025-11-07,P007,Moveis Domesticos,Escritorio,V003,1,1361.88,786.6,1402.74,0,616.14
VND004745,2025-11-07,P018,Servicos sob Demanda,Projetos,V001,1,7072.0,2691.0,7637.76,30,4946.76
VND004746,2025-11-07,P006,Moveis Domesticos,Estofados,V006,1,988.62,538.2,958.96,7,420.76
VND004747,2025-11-07,P002,Moveis Domesticos,Mesas,V002,2,2288.0,2587.5,4347.2,30,1759.6999999999998
VND004748,2025-11-07,P008,Moveis Comerciais,Cadeiras,V001,2,1160.12,1324.8,2505.86,60,1181.0600000000002
VND004749,2025-11-07,P015,Servicos sob Demanda,Projetos,V008,2,8840.0,7245.0,18033.6,45,10788.599999999999
VND004750,2025-11-08,P001,Moveis Domesticos,Estofados,V003,1,1924.0,1138.5,1981.72,30,843.22
VND004751,2025-11-08,P012,Moveis Comerciais,Estacoes,V007,1,4842.24,2949.75,5132.77,15,2183.0200000000004
VND004752,2025-11-08,P010,Moveis Comerciais,Armazenagem,V002,3,2420.6,4347.0,6898.71,45,2551.71
VND004753,2025-11-08,P008,Moveis Comerciais,Cadeiras,V008,1,1136.2,662.4,1158.92,30,496.5200000000001
VND004754,2025-11-08,P008,Moveis Comerciais,Cadeiras,V005,1,1160.12,662.4,1276.13,30,613.7300000000001
VND004755,2025-11-08,P006,Moveis Domesticos,Estofados,V002,1,968.24,538.2,919.83,30,381.63
VND004756,2025-11-08,P001,Moveis Domesticos,Estofados,V004,1,1827.8,1138.5,1645.02,30,506.52
VND004757,2025-11-09,P015,Servicos sob Demanda,Projetos,V001,1,8574.8,3622.5,9260.78,45,5638.280000000001
VND004758,2025-11-09,P002,Moveis Domesticos,Mesas,V008,3,2219.36,3881.25,6791.24,0,2909.99
VND004759,2025-11-09,P004,Moveis Domesticos,Dormitorio,V001,2,3062.8,3829.5,6615.65,15,2786.1499999999996
VND004760,2025-11-09,P009,Moveis Comerciais,Mesas,V001,2,1820.0,2028.6,3931.2,30,1902.6
VND004761,2025-11-09,P016,Servicos sob Demanda,Projetos,V001,4,13000.0,21528.0,56160.0,45,34632.0
VND004762,2025-11-09,P015,Servicos sob Demanda,Projetos,V003,1,8398.0,3622.5,8649.94,7,5027.4400000000005
VND004763,2025-11-09,P003,Moveis Domesticos,Dormitorio,V005,2,2622.88,3105.0,5770.34,0,2665.34
VND004764,2025-11-09,P005,Moveis Domesticos,Sala,V006,3,1261.0,2235.6,3669.51,45,1433.9100000000003
VND004765,2025-11-09,P004,Moveis Domesticos,Dormitorio,V006,2,3224.0,3829.5,6254.56,15,2425.0600000000004
VND004766,2025-11-09,P006,Moveis Domesticos,Estofados,V003,1,1019.2,538.2,1049.78,30,511.5799999999999
VND004767,2025-11-10,P010,Moveis Comerciais,Armazenagem,V003,1,2420.6,1449.0,2493.22,30,1044.2199999999998
VND004768,2025-11-10,P002,Moveis Domesticos,Mesas,V006,1,2288.0,1293.75,2219.36,60,925.6100000000001
VND004769,2025-11-10,P006,Moveis Domesticos,Estofados,V006,1,1019.2,538.2,988.62,15,450.41999999999996
VND004770,2025-11-10,P018,Servicos sob Demanda,Projetos,V001,1,7072.0,2691.0,7637.76,30,4946.76
VND004771,2025-11-11,P001,Moveis Domesticos,Estofados,V002,1,1924.0,1138.5,1827.8,45,689.3
VND004772,2025-11-11,P002,Moveis Domesticos,Mesas,V008,1,2173.6,1293.75,2217.07,15,923.3200000000002
VND004773,2025-11-11,P008,Moveis Comerciais,Cadeiras,V004,1,1100.32,662.4,990.29,60,327.89
VND004774,2025-11-11,P002,Moveis Domesticos,Mesas,V002,1,2288.0,1293.75,2173.6,15,879.8499999999999
VND004775,2025-11-11,P009,Moveis Comerciais,Mesas,V007,3,1820.0,3042.9,5787.6,60,2744.7000000000003
VND004776,2025-11-12,P014,Servicos sob Demanda,Projetos,V006,1,5408.0,2173.5,5245.76,0,3072.26
VND004777,2025-11-12,P006,Moveis Domesticos,Estofados,V004,3,968.24,1614.6,2614.25,30,999.6500000000001
VND004778,2025-11-12,P007,Moveis Domesticos,Escritorio,V006,1,1404.0,786.6,1361.88,60,575.2800000000001
VND004779,2025-11-12,P001,Moveis Domesticos,Estofados,V004,1,1924.0,1138.5,1731.6,0,593.0999999999999
VND004780,2025-11-12,P008,Moveis Comerciais,Cadeiras,V008,1,1196.0,662.4,1219.92,15,557.5200000000001
VND004781,2025-11-13,P003,Moveis Domesticos,Dormitorio,V001,1,2704.0,1552.5,2920.32,15,1367.8200000000002
VND004782,2025-11-13,P003,Moveis Domesticos,Dormitorio,V004,1,2622.88,1552.5,2360.59,15,808.0900000000001
VND004783,2025-11-13,P012,Moveis Comerciais,Estacoes,V003,1,4842.24,2949.75,4987.51,30,2037.7600000000002
VND004784,2025-11-13,P006,Moveis Domesticos,Estofados,V001,2,968.24,1076.4,2091.4,0,1015.0
VND004785,2025-11-13,P008,Moveis Comerciais,Cadeiras,V002,1,1196.0,662.4,1136.2,30,473.80000000000007
VND004786,2025-11-13,P009,Moveis Comerciais,Mesas,V002,4,1729.0,4057.2,6570.2,15,2513.0
VND004787,2025-11-14,P008,Moveis Comerciais,Cadeiras,V008,3,1196.0,1987.2,3659.76,15,1672.5600000000002
VND004788,2025-11-14,P013,Moveis Comerciais,Mesas,V005,1,4056.0,2277.0,4461.6,45,2184.6000000000004
VND004789,2025-11-14,P008,Moveis Comerciais,Cadeiras,V002,1,1100.32,662.4,1045.3,30,382.9
VND004790,2025-11-14,P003,Moveis Domesticos,Dormitorio,V008,4,2704.0,6210.0,11032.32,30,4822.32
VND004791,2025-11-14,P010,Moveis Comerciais,Armazenagem,V007,2,2420.6,2898.0,5131.67,60,2233.67
VND004792,2025-11-14,P003,Moveis Domesticos,Dormitorio,V002,1,2622.88,1552.5,2491.74,0,939.2399999999998
VND004793,2025-11-14,P003,Moveis Domesticos,Dormitorio,V003,2,2704.0,3105.0,5570.24,15,2465.24
VND004794,2025-11-14,P008,Moveis Comerciais,Cadeiras,V004,1,1196.0,662.4,1076.4,0,414.0000000000001
VND004795,2025-11-14,P009,Moveis Comerciais,Mesas,V005,1,1820.0,1014.3,2002.0,7,987.7
VND004796,2025-11-14,P017,Servicos sob Demanda,Consultoria,V008,1,2679.04,931.5,2732.62,15,1801.12
VND004797,2025-11-14,P008,Moveis Comerciais,Cadeiras,V003,2,1136.2,1324.8,2340.57,30,1015.7700000000002
VND004798,2025-11-15,P017,Servicos sob Demanda,Consultoria,V001,3,2912.0,2794.5,9434.88,15,6640.379999999999
VND004799,2025-11-15,P007,Moveis Domesticos,Escritorio,V003,1,1404.0,786.6,1446.12,0,659.5199999999999
VND004800,2025-11-15,P004,Moveis Domesticos,Dormitorio,V002,1,3127.28,1914.75,2970.92,0,1056.17
VND004801,2025-11-15,P001,Moveis Domesticos,Estofados,V002,5,1924.0,5692.5,9139.0,30,3446.5
VND004802,2025-11-15,P010,Moveis Comerciais,Armazenagem,V006,1,2344.16,1449.0,2273.84,15,824.8400000000001
VND004803,2025-11-15,P013,Moveis Comerciais,Mesas,V001,3,3934.32,6831.0,12747.2,15,5916.200000000001
VND004804,2025-11-15,P010,Moveis Comerciais,Armazenagem,V005,2,2471.56,2898.0,5437.43,30,2539.4300000000003
VND004805,2025-11-15,P016,Servicos sob Demanda,Projetos,V007,2,12350.0,10764.0,26182.0,0,15418.0
VND004806,2025-11-15,P010,Moveis Comerciais,Armazenagem,V003,1,2344.16,1449.0,2414.48,0,965.48
VND004807,2025-11-15,P006,Moveis Domesticos,Estofados,V006,1,1019.2,538.2,988.62,60,450.41999999999996
VND004808,2025-11-16,P008,Moveis Comerciais,Cadeiras,V001,1,1196.0,662.4,1291.68,7,629.2800000000001
VND004809,2025-11-16,P001,Moveis Domesticos,Estofados,V001,1,1924.0,1138.5,2077.92,15,939.4200000000001
VND004810,2025-11-16,P013,Moveis Comerciais,Mesas,V004,1,3934.32,2277.0,3540.89,45,1263.8899999999999
VND004811,2025-11-16,P014,Servicos sob Demanda,Projetos,V003,1,5137.6,2173.5,5291.73,60,3118.2299999999996
VND004812,2025-11-16,P018,Servicos sob Demanda,Projetos,V007,2,6718.4,5382.0,14243.01,60,8861.01
VND004813,2025-11-16,P002,Moveis Domesticos,Mesas,V001,1,2288.0,1293.75,2471.04,15,1177.29
VND004814,2025-11-16,P011,Moveis Comerciais,Atendimento,V004,1,3228.16,1914.75,2905.34,30,990.5900000000001
VND004815,2025-11-17,P002,Moveis Domesticos,Mesas,V004,2,2173.6,2587.5,3912.48,45,1324.98
VND004816,2025-11-17,P010,Moveis Comerciais,Armazenagem,V003,3,2420.6,4347.0,7479.65,45,3132.6499999999996
VND004817,2025-11-17,P008,Moveis Comerciais,Cadeiras,V007,1,1100.32,662.4,1166.34,30,503.93999999999994
VND004818,2025-11-17,P009,Moveis Comerciais,Mesas,V004,1,1820.0,1014.3,1638.0,0,623.7
VND004819,2025-11-17,P001,Moveis Domesticos,Estofados,V006,1,1924.0,1138.5,1866.28,45,727.78
VND004820,2025-11-17,P001,Moveis Domesticos,Estofados,V005,1,1827.8,1138.5,2010.58,30,872.0799999999999
VND004821,2025-11-17,P009,Moveis Comerciais,Mesas,V002,1,1729.0,1014.3,1642.55,45,628.25
VND004822,2025-11-17,P018,Servicos sob Demanda,Projetos,V005,1,6718.4,2691.0,7390.24,30,4699.24
VND004823,2025-11-18,P004,Moveis Domesticos,Dormitorio,V001,5,3224.0,9573.75,17409.6,30,7835.8499999999985
VND004824,2025-11-18,P008,Moveis Comerciais,Cadeiras,V004,1,1160.12,662.4,1044.11,45,381.7099999999999
VND004825,2025-11-18,P004,Moveis Domesticos,Dormitorio,V008,1,3127.28,1914.75,3189.83,7,1275.08
VND004826,2025-11-18,P012,Moveis Comerciais,Estacoes,V006,1,4742.4,2949.75,4600.13,45,1650.38
VND004827,2025-11-18,P008,Moveis Comerciais,Cadeiras,V001,1,1196.0,662.4,1291.68,7,629.2800000000001
VND004828,2025-11-18,P010,Moveis Comerciais,Armazenagem,V003,1,2420.6,1449.0,2493.22,30,1044.2199999999998
VND004829,2025-11-18,P010,Moveis Comerciais,Armazenagem,V002,2,2548.0,2898.0,4841.2,30,1943.1999999999998
VND004830,2025-11-18,P001,Moveis Domesticos,Estofados,V003,1,1924.0,1138.5,1981.72,15,843.22
VND004831,2025-11-18,P002,Moveis Domesticos,Mesas,V001,1,2219.36,1293.75,2396.91,60,1103.1599999999999
VND004832,2025-11-19,P002,Moveis Domesticos,Mesas,V006,1,2219.36,1293.75,2152.78,45,859.0300000000002
VND004833,2025-11-19,P013,Moveis Comerciais,Mesas,V003,1,4056.0,2277.0,4177.68,30,1900.6800000000003
VND004834,2025-11-19,P018,Servicos sob Demanda,Projetos,V006,1,7072.0,2691.0,6859.84,30,4168.84
VND004835,2025-11-19,P006,Moveis Domesticos,Estofados,V002,1,1019.2,538.2,968.24,0,430.03999999999996
VND004836,2025-11-19,P015,Servicos sob Demanda,Projetos,V006,1,8840.0,3622.5,8574.8,0,4952.299999999999
VND004837,2025-11-19,P001,Moveis Domesticos,Estofados,V008,2,1924.0,2277.0,3924.96,30,1647.96
VND004838,2025-11-19,P007,Moveis Domesticos,Escritorio,V007,1,1404.0,786.6,1488.24,60,701.64
VND004839,2025-11-19,P010,Moveis Comerciais,Armazenagem,V002,2,2548.0,2898.0,4841.2,30,1943.1999999999998
VND004840,2025-11-19,P012,Moveis Comerciais,Estacoes,V008,1,4992.0,2949.75,5091.84,60,2142.09
VND004841,2025-11-20,P016,Servicos sob Demanda,Projetos,V001,1,12610.0,5382.0,13618.8,30,8236.8
VND004842,2025-11-20,P001,Moveis Domesticos,Estofados,V008,1,1866.28,1138.5,1903.61,60,765.1099999999999
VND004843,2025-11-20,P004,Moveis Domesticos,Dormitorio,V003,3,3062.8,5744.25,9464.05,60,3719.7999999999993
VND004844,2025-11-20,P009,Moveis Comerciais,Mesas,V005,1,1765.4,1014.3,1941.94,0,927.6400000000001
VND004845,2025-11-20,P016,Servicos sob Demanda,Projetos,V002,1,13000.0,5382.0,12350.0,45,6968.0
VND004846,2025-11-20,P012,Moveis Comerciais,Estacoes,V008,1,4992.0,2949.75,5091.84,45,2142.09
VND004847,2025-11-20,P016,Servicos sob Demanda,Projetos,V002,1,13000.0,5382.0,12350.0,7,6968.0
VND004848,2025-11-20,P001,Moveis Domesticos,Estofados,V005,1,1866.28,1138.5,2052.91,15,914.4099999999999
VND004849,2025-11-20,P005,Moveis Domesticos,Sala,V005,1,1300.0,745.2,1430.0,7,684.8
VND004850,2025-11-20,P013,Moveis Comerciais,Mesas,V008,1,3934.32,2277.0,4013.01,0,1736.0100000000002
VND004851,2025-11-21,P002,Moveis Domesticos,Mesas,V008,1,2104.96,1293.75,2147.06,0,853.31
VND004852,2025-11-21,P002,Moveis Domesticos,Mesas,V002,1,2288.0,1293.75,2173.6,0,879.8499999999999
VND004853,2025-11-21,P001,Moveis Domesticos,Estofados,V003,1,1827.8,1138.5,1882.63,30,744.1300000000001
VND004854,2025-11-21,P003,Moveis Domesticos,Dormitorio,V005,2,2704.0,3105.0,5948.8,7,2843.8
VND004855,2025-11-21,P001,Moveis Domesticos,Estofados,V008,2,1866.28,2277.0,3807.21,15,1530.21
VND004856,2025-11-21,P015,Servicos sob Demanda,Projetos,V004,1,8840.0,3622.5,7956.0,30,4333.5
VND004857,2025-11-21,P003,Moveis Domesticos,Dormitorio,V007,2,2568.8,3105.0,5445.86,0,2340.8599999999997
VND004858,2025-11-21,P018,Servicos sob Demanda,Projetos,V002,3,6718.4,8073.0,19147.44,60,11074.439999999999
VND004859,2025-11-21,P014,Servicos sob Demanda,Projetos,V004,1,5137.6,2173.5,4623.84,60,2450.34
VND004860,2025-11-22,P006,Moveis Domesticos,Estofados,V003,1,988.62,538.2,1018.28,15,480.0799999999999
VND004861,2025-11-22,P010,Moveis Comerciais,Armazenagem,V002,2,2471.56,2898.0,4695.96,15,1797.96
VND004862,2025-11-22,P002,Moveis Domesticos,Mesas,V002,2,2288.0,2587.5,4347.2,30,1759.6999999999998
VND004863,2025-11-22,P001,Moveis Domesticos,Estofados,V003,3,1866.28,3415.5,5766.81,15,2351.3100000000004
VND004864,2025-11-23,P004,Moveis Domesticos,Dormitorio,V002,1,3062.8,1914.75,2909.66,45,994.9099999999999
VND004865,2025-11-23,P004,Moveis Domesticos,Dormitorio,V006,1,3224.0,1914.75,3127.28,30,1212.5300000000002
VND004866,2025-11-23,P012,Moveis Comerciais,Estacoes,V005,1,4592.64,2949.75,5051.9,60,2102.1499999999996
VND004867,2025-11-23,P001,Moveis Domesticos,Estofados,V007,2,1924.0,2277.0,4078.88,30,1801.88
VND004868,2025-11-24,P010,Moveis Comerciais,Armazenagem,V003,1,2420.6,1449.0,2493.22,0,1044.2199999999998
VND004869,2025-11-24,P006,Moveis Domesticos,Estofados,V002,1,1019.2,538.2,968.24,30,430.03999999999996
VND004870,2025-11-24,P007,Moveis Domesticos,Escritorio,V002,2,1361.88,1573.2,2587.57,30,1014.3700000000001
VND004871,2025-11-24,P008,Moveis Comerciais,Cadeiras,V003,2,1160.12,1324.8,2389.85,45,1065.05
VND004872,2025-11-24,P008,Moveis Comerciais,Cadeiras,V005,1,1136.2,662.4,1249.82,15,587.42
VND004873,2025-11-24,P017,Servicos sob Demanda,Consultoria,V005,1,2912.0,931.5,3203.2,7,2271.7
VND004874,2025-11-24,P005,Moveis Domesticos,Sala,V008,1,1300.0,745.2,1326.0,15,580.8
VND004875,2025-11-24,P012,Moveis Comerciais,Estacoes,V002,1,4842.24,2949.75,4600.13,30,1650.38
VND004876,2025-11-24,P006,Moveis Domesticos,Estofados,V003,4,1019.2,2152.8,4199.1,45,2046.3000000000002
VND004877,2025-11-24,P016,Servicos sob Demanda,Projetos,V002,3,13000.0,16146.0,37050.0,60,20904.0
VND004878,2025-11-24,P015,Servicos sob Demanda,Projetos,V006,3,8574.8,10867.5,24952.67,0,14085.169999999998
VND004879,2025-11-25,P008,Moveis Comerciais,Cadeiras,V001,1,1136.2,662.4,1227.1,45,564.6999999999999
VND004880,2025-11-25,P017,Servicos sob Demanda,Consultoria,V008,2,2912.0,1863.0,5940.48,0,4077.4799999999996
VND004881,2025-11-25,P010,Moveis Comerciais,Armazenagem,V003,1,2420.6,1449.0,2493.22,7,1044.2199999999998
VND004882,2025-11-25,P011,Moveis Comerciais,Atendimento,V001,1,3228.16,1914.75,3486.41,0,1571.6599999999999
VND004883,2025-11-25,P013,Moveis Comerciais,Mesas,V001,2,3853.2,4554.0,8322.91,30,3768.91
VND004884,2025-11-25,P002,Moveis Domesticos,Mesas,V003,1,2288.0,1293.75,2356.64,7,1062.8899999999999
VND004885,2025-11-25,P002,Moveis Domesticos,Mesas,V002,1,2173.6,1293.75,2064.92,30,771.1700000000001
VND004886,2025-11-25,P005,Moveis Domesticos,Sala,V005,1,1196.0,745.2,1315.6,0,570.3999999999999
VND004887,2025-11-25,P014,Servicos sob Demanda,Projetos,V002,2,5137.6,4347.0,9761.44,30,5414.4400000000005
VND004888,2025-11-26,P015,Servicos sob Demanda,Projetos,V008,1,8840.0,3622.5,9016.8,15,5394.299999999999
VND004889,2025-11-26,P001,Moveis Domesticos,Estofados,V002,1,1770.08,1138.5,1681.58,7,543.0799999999999
VND004890,2025-11-26,P007,Moveis Domesticos,Escritorio,V001,1,1333.8,786.6,1440.5,45,653.9
VND004891,2025-11-26,P006,Moveis Domesticos,Estofados,V006,1,968.24,538.2,939.19,30,400.99
VND004892,2025-11-26,P006,Moveis Domesticos,Estofados,V006,1,1019.2,538.2,988.62,30,450.41999999999996
VND004893,2025-11-27,P016,Servicos sob Demanda,Projetos,V003,2,12610.0,10764.0,25976.6,15,15212.599999999999
VND004894,2025-11-27,P001,Moveis Domesticos,Estofados,V003,2,1924.0,2277.0,3963.44,15,1686.44
VND004895,2025-11-27,P007,Moveis Domesticos,Escritorio,V004,1,1404.0,786.6,1263.6,45,476.9999999999999
VND004896,2025-11-27,P008,Moveis Comerciais,Cadeiras,V001,2,1196.0,1324.8,2583.36,7,1258.5600000000002
VND004897,2025-11-27,P007,Moveis Domesticos,Escritorio,V001,1,1404.0,786.6,1516.32,15,729.7199999999999
VND004898,2025-11-27,P009,Moveis Comerciais,Mesas,V001,1,1820.0,1014.3,1965.6,30,951.3
VND004899,2025-11-27,P006,Moveis Domesticos,Estofados,V006,2,968.24,1076.4,1878.39,15,801.99
VND004900,2025-11-27,P007,Moveis Domesticos,Escritorio,V007,2,1361.88,1573.2,2887.19,15,1313.99
VND004901,2025-11-28,P004,Moveis Domesticos,Dormitorio,V002,1,3127.28,1914.75,2970.92,45,1056.17
VND004902,2025-11-28,P007,Moveis Domesticos,Escritorio,V006,1,1404.0,786.6,1361.88,15,575.2800000000001
VND004903,2025-11-28,P005,Moveis Domesticos,Sala,V004,1,1300.0,745.2,1170.0,15,424.79999999999995
VND004904,2025-11-28,P018,Servicos sob Demanda,Projetos,V004,1,6718.4,2691.0,6046.56,15,3355.5600000000004
VND004905,2025-11-28,P017,Servicos sob Demanda,Consultoria,V006,1,2912.0,931.5,2824.64,60,1893.1399999999999
VND004906,2025-11-28,P008,Moveis Comerciais,Cadeiras,V008,3,1196.0,1987.2,3659.76,15,1672.5600000000002
VND004907,2025-11-28,P009,Moveis Comerciais,Mesas,V005,3,1729.0,3042.9,5705.7,30,2662.7999999999997
VND004908,2025-11-28,P002,Moveis Domesticos,Mesas,V006,3,2288.0,3881.25,6658.08,15,2776.83
VND004909,2025-11-28,P008,Moveis Comerciais,Cadeiras,V007,3,1196.0,1987.2,3803.28,0,1816.0800000000002
VND004910,2025-11-28,P005,Moveis Domesticos,Sala,V002,4,1235.0,2980.8,4693.0,0,1712.1999999999998
VND004911,2025-11-28,P001,Moveis Domesticos,Estofados,V003,1,1866.28,1138.5,1922.27,30,783.77
VND004912,2025-11-29,P002,Moveis Domesticos,Mesas,V006,1,2173.6,1293.75,2108.39,30,814.6399999999999
VND004913,2025-11-29,P012,Moveis Comerciais,Estacoes,V006,1,4992.0,2949.75,4842.24,7,1892.4899999999998
VND004914,2025-11-29,P008,Moveis Comerciais,Cadeiras,V007,3,1160.12,1987.2,3689.18,60,1701.9799999999998
VND004915,2025-11-29,P005,Moveis Domesticos,Sala,V007,2,1300.0,1490.4,2756.0,0,1265.6
VND004916,2025-11-29,P005,Moveis Domesticos,Sala,V001,1,1300.0,745.2,1404.0,45,658.8
VND004917,2025-11-29,P005,Moveis Domesticos,Sala,V006,1,1261.0,745.2,1223.17,0,477.97
VND004918,2025-11-29,P017,Servicos sob Demanda,Consultoria,V003,3,2912.0,2794.5,8998.08,15,6203.58
VND004919,2025-11-29,P014,Servicos sob Demanda,Projetos,V005,2,5137.6,4347.0,11302.72,7,6955.719999999999
VND004920,2025-11-29,P007,Moveis Domesticos,Escritorio,V006,1,1404.0,786.6,1361.88,45,575.2800000000001
VND004921,2025-11-29,P005,Moveis Domesticos,Sala,V004,1,1300.0,745.2,1170.0,30,424.79999999999995
VND004922,2025-11-29,P014,Servicos sob Demanda,Projetos,V006,2,5245.76,4347.0,10176.77,15,5829.77
VND004923,2025-11-29,P012,Moveis Comerciais,Estacoes,V002,1,4842.24,2949.75,4600.13,7,1650.38
VND004924,2025-11-30,P010,Moveis Comerciais,Armazenagem,V006,3,2471.56,4347.0,7192.24,0,2845.24
VND004925,2025-11-30,P009,Moveis Comerciais,Mesas,V002,1,1674.4,1014.3,1590.68,0,576.3800000000001
VND004926,2025-11-30,P013,Moveis Comerciais,Mesas,V001,1,4056.0,2277.0,4380.48,60,2103.4799999999996
VND004927,2025-11-30,P013,Moveis Comerciais,Mesas,V005,1,3934.32,2277.0,4327.75,0,2050.75
VND004928,2025-11-30,P002,Moveis Domesticos,Mesas,V004,2,2288.0,2587.5,4118.4,30,1530.8999999999996
VND004929,2025-11-30,P008,Moveis Comerciais,Cadeiras,V004,1,1196.0,662.4,1076.4,30,414.0000000000001
VND004930,2025-12-01,P011,Moveis Comerciais,Atendimento,V007,1,3228.16,1914.75,3421.85,15,1507.1
VND004931,2025-12-01,P001,Moveis Domesticos,Estofados,V003,2,1827.8,2277.0,3765.27,0,1488.27
VND004932,2025-12-01,P010,Moveis Comerciais,Armazenagem,V004,1,2420.6,1449.0,2178.54,30,729.54
VND004933,2025-12-01,P001,Moveis Domesticos,Estofados,V003,3,1924.0,3415.5,5945.16,15,2529.66
VND004934,2025-12-01,P008,Moveis Comerciais,Cadeiras,V002,4,1136.2,2649.6,4317.56,0,1667.9600000000005
VND004935,2025-12-01,P002,Moveis Domesticos,Mesas,V008,2,2288.0,2587.5,4667.52,45,2080.0200000000004
VND004936,2025-12-02,P005,Moveis Domesticos,Sala,V008,2,1235.0,1490.4,2519.4,60,1029.0
VND004937,2025-12-02,P012,Moveis Comerciais,Estacoes,V007,3,4992.0,8849.25,15874.56,0,7025.3099999999995
VND004938,2025-12-02,P001,Moveis Domesticos,Estofados,V002,1,1827.8,1138.5,1736.41,30,597.9100000000001
VND004939,2025-12-02,P008,Moveis Comerciais,Cadeiras,V004,1,1196.0,662.4,1076.4,60,414.0000000000001
VND004940,2025-12-02,P005,Moveis Domesticos,Sala,V001,1,1300.0,745.2,1404.0,30,658.8
VND004941,2025-12-02,P009,Moveis Comerciais,Mesas,V002,2,1729.0,2028.6,3285.1,15,1256.5
VND004942,2025-12-03,P001,Moveis Domesticos,Estofados,V003,4,1924.0,4554.0,7926.88,15,3372.88
VND004943,2025-12-03,P002,Moveis Domesticos,Mesas,V007,1,2288.0,1293.75,2425.28,0,1131.5300000000002
VND004944,2025-12-03,P012,Moveis Comerciais,Estacoes,V008,1,4842.24,2949.75,4939.08,30,1989.33
VND004945,2025-12-03,P004,Moveis Domesticos,Dormitorio,V008,1,3127.28,1914.75,3189.83,15,1275.08
VND004946,2025-12-03,P006,Moveis Domesticos,Estofados,V005,1,1019.2,538.2,1121.12,45,582.9199999999998
VND004947,2025-12-03,P003,Moveis Domesticos,Dormitorio,V003,3,2622.88,4657.5,8104.7,0,3447.2
VND004948,2025-12-04,P009,Moveis Comerciais,Mesas,V006,1,1820.0,1014.3,1765.4,15,751.1000000000001
VND004949,2025-12-04,P009,Moveis Comerciais,Mesas,V008,1,1765.4,1014.3,1800.71,30,786.4100000000001
VND004950,2025-12-04,P001,Moveis Domesticos,Estofados,V006,1,1770.08,1138.5,1716.98,0,578.48
VND004951,2025-12-05,P009,Moveis Comerciais,Mesas,V006,1,1765.4,1014.3,1712.44,30,698.1400000000001
VND004952,2025-12-05,P002,Moveis Domesticos,Mesas,V001,1,2173.6,1293.75,2347.49,15,1053.7399999999998
VND004953,2025-12-05,P008,Moveis Comerciais,Cadeiras,V003,1,1196.0,662.4,1231.88,0,569.4800000000001
VND004954,2025-12-05,P011,Moveis Comerciais,Atendimento,V005,2,3328.0,3829.5,7321.6,60,3492.1000000000004
VND004955,2025-12-05,P015,Servicos sob Demanda,Projetos,V005,1,8840.0,3622.5,9724.0,7,6101.5
VND004956,2025-12-05,P003,Moveis Domesticos,Dormitorio,V005,1,2568.8,1552.5,2825.68,0,1273.1799999999998
VND004957,2025-12-05,P018,Servicos sob Demanda,Projetos,V004,3,7072.0,8073.0,19094.4,30,11021.400000000001
VND004958,2025-12-05,P003,Moveis Domesticos,Dormitorio,V001,3,2568.8,4657.5,8322.91,45,3665.41
VND004959,2025-12-05,P002,Moveis Domesticos,Mesas,V002,1,2288.0,1293.75,2173.6,60,879.8499999999999
VND004960,2025-12-05,P007,Moveis Domesticos,Escritorio,V005,1,1291.68,786.6,1420.85,7,634.2499999999999
VND004961,2025-12-05,P003,Moveis Domesticos,Dormitorio,V004,2,2622.88,3105.0,4721.18,0,1616.1800000000003
VND004962,2025-12-06,P008,Moveis Comerciais,Cadeiras,V005,2,1196.0,1324.8,2631.2,15,1306.3999999999999
VND004963,2025-12-06,P003,Moveis Domesticos,Dormitorio,V005,4,2704.0,6210.0,11897.6,30,5687.6
VND004964,2025-12-06,P003,Moveis Domesticos,Dormitorio,V002,1,2568.8,1552.5,2440.36,45,887.8600000000001
VND004965,2025-12-06,P017,Servicos sob Demanda,Consultoria,V002,2,2912.0,1863.0,5532.8,30,3669.8
VND004966,2025-12-06,P007,Moveis Domesticos,Escritorio,V004,3,1333.8,2359.8,3601.26,60,1241.46
VND004967,2025-12-06,P009,Moveis Comerciais,Mesas,V004,2,1765.4,2028.6,3177.72,0,1149.12
VND004968,2025-12-06,P006,Moveis Domesticos,Estofados,V006,1,1019.2,538.2,988.62,60,450.41999999999996
VND004969,2025-12-06,P017,Servicos sob Demanda,Consultoria,V003,2,2912.0,1863.0,5998.72,45,4135.72
VND004970,2025-12-07,P005,Moveis Domesticos,Sala,V003,3,1196.0,2235.6,3695.64,30,1460.04
VND004971,2025-12-07,P015,Servicos sob Demanda,Projetos,V008,1,8132.8,3622.5,8295.46,30,4672.959999999999
VND004972,2025-12-07,P001,Moveis Domesticos,Estofados,V006,1,1924.0,1138.5,1866.28,30,727.78
VND004973,2025-12-07,P012,Moveis Comerciais,Estacoes,V008,3,4742.4,8849.25,14511.74,7,5662.49
VND004974,2025-12-07,P005,Moveis Domesticos,Sala,V004,2,1300.0,1490.4,2340.0,30,849.5999999999999
VND004975,2025-12-07,P004,Moveis Domesticos,Dormitorio,V001,1,3062.8,1914.75,3307.82,0,1393.0700000000002
VND004976,2025-12-08,P001,Moveis Domesticos,Estofados,V003,1,1924.0,1138.5,1981.72,60,843.22
VND004977,2025-12-08,P018,Servicos sob Demanda,Projetos,V006,2,7072.0,5382.0,13719.68,60,8337.68
VND004978,2025-12-08,P002,Moveis Domesticos,Mesas,V004,2,2219.36,2587.5,3994.85,60,1407.35
VND004979,2025-12-08,P002,Moveis Domesticos,Mesas,V007,1,2288.0,1293.75,2425.28,30,1131.5300000000002
VND004980,2025-12-08,P008,Moveis Comerciais,Cadeiras,V007,2,1136.2,1324.8,2408.74,15,1083.9399999999998
VND004981,2025-12-08,P002,Moveis Domesticos,Mesas,V005,1,2173.6,1293.75,2390.96,30,1097.21
VND004982,2025-12-09,P003,Moveis Domesticos,Dormitorio,V004,1,2487.68,1552.5,2238.91,0,686.4099999999999
VND004983,2025-12-09,P004,Moveis Domesticos,Dormitorio,V005,2,3062.8,3829.5,6738.16,30,2908.66
VND004984,2025-12-09,P002,Moveis Domesticos,Mesas,V003,5,2219.36,6468.75,11429.7,0,4960.950000000001
VND004985,2025-12-09,P014,Servicos sob Demanda,Projetos,V006,2,5137.6,4347.0,9966.94,30,5619.9400000000005
VND004986,2025-12-10,P017,Servicos sob Demanda,Consultoria,V005,3,2679.04,2794.5,8840.83,30,6046.33
VND004987,2025-12-10,P006,Moveis Domesticos,Estofados,V001,1,1019.2,538.2,1100.74,30,562.54
VND004988,2025-12-10,P011,Moveis Comerciais,Atendimento,V002,5,3161.6,9573.75,15017.6,0,5443.85
VND004989,2025-12-10,P002,Moveis Domesticos,Mesas,V005,1,2104.96,1293.75,2315.46,60,1021.71
VND004990,2025-12-10,P007,Moveis Domesticos,Escritorio,V004,2,1404.0,1573.2,2527.2,30,953.9999999999998
VND004991,2025-12-10,P017,Servicos sob Demanda,Consultoria,V003,2,2824.64,1863.0,5818.76,15,3955.76
VND004992,2025-12-10,P001,Moveis Domesticos,Estofados,V002,4,1924.0,4554.0,7311.2,30,2757.2
VND004993,2025-12-10,P005,Moveis Domesticos,Sala,V001,2,1300.0,1490.4,2808.0,30,1317.6
VND004994,2025-12-10,P003,Moveis Domesticos,Dormitorio,V001,2,2568.8,3105.0,5548.61,7,2443.6099999999997
VND004995,2025-12-10,P013,Moveis Comerciais,Mesas,V004,1,4056.0,2277.0,3650.4,15,1373.4
VND004996,2025-12-11,P015,Servicos sob Demanda,Projetos,V004,2,8840.0,7245.0,15912.0,0,8667.0
VND004997,2025-12-11,P001,Moveis Domesticos,Estofados,V004,3,1866.28,3415.5,5038.96,15,1623.46
VND004998,2025-12-11,P007,Moveis Domesticos,Escritorio,V004,3,1404.0,2359.8,3790.8,30,1431.0
VND004999,2025-12-11,P010,Moveis Comerciais,Armazenagem,V007,1,2548.0,1449.0,2700.88,30,1251.88
VND005000,2025-12-11,P008,Moveis Comerciais,Cadeiras,V008,3,1160.12,1987.2,3549.97,15,1562.7699999999998
VND005001,2025-12-11,P009,Moveis Comerciais,Mesas,V003,1,1820.0,1014.3,1874.6,30,860.3
VND005002,2025-12-11,P002,Moveis Domesticos,Mesas,V004,2,2219.36,2587.5,3994.85,30,1407.35
VND005003,2025-12-11,P006,Moveis Domesticos,Estofados,V007,1,1019.2,538.2,1080.35,7,542.1499999999999
VND005004,2025-12-11,P009,Moveis Comerciais,Mesas,V002,1,1765.4,1014.3,1677.13,0,662.8300000000002
VND005005,2025-12-11,P016,Servicos sob Demanda,Projetos,V003,2,12610.0,10764.0,25976.6,60,15212.599999999999
VND005006,2025-12-11,P001,Moveis Domesticos,Estofados,V004,2,1866.28,2277.0,3359.3,60,1082.3000000000002
VND005007,2025-12-12,P017,Servicos sob Demanda,Consultoria,V008,1,2766.4,931.5,2821.73,0,1890.23
VND005008,2025-12-13,P002,Moveis Domesticos,Mesas,V002,1,2104.96,1293.75,1999.71,30,705.96
VND005009,2025-12-13,P005,Moveis Domesticos,Sala,V004,1,1300.0,745.2,1170.0,60,424.79999999999995
VND005010,2025-12-13,P003,Moveis Domesticos,Dormitorio,V003,2,2568.8,3105.0,5291.73,30,2186.7299999999996
VND005011,2025-12-13,P001,Moveis Domesticos,Estofados,V001,2,1866.28,2277.0,4031.16,0,1754.1599999999999
VND005012,2025-12-14,P008,Moveis Comerciais,Cadeiras,V006,3,1196.0,1987.2,3480.36,45,1493.16
VND005013,2025-12-14,P016,Servicos sob Demanda,Projetos,V002,3,12610.0,16146.0,35938.5,15,19792.5
VND005014,2025-12-14,P015,Servicos sob Demanda,Projetos,V005,1,8840.0,3622.5,9724.0,0,6101.5
VND005015,2025-12-14,P006,Moveis Domesticos,Estofados,V008,1,1019.2,538.2,1039.58,30,501.3799999999999
VND005016,2025-12-14,P009,Moveis Comerciais,Mesas,V004,1,1674.4,1014.3,1506.96,0,492.6600000000001
VND005017,2025-12-14,P010,Moveis Comerciais,Armazenagem,V005,3,2420.6,4347.0,7987.98,45,3640.9799999999996
VND005018,2025-12-14,P006,Moveis Domesticos,Estofados,V005,5,988.62,2691.0,5437.41,30,2746.41
VND005019,2025-12-14,P008,Moveis Comerciais,Cadeiras,V001,1,1196.0,662.4,1291.68,60,629.2800000000001
VND005020,2025-12-15,P018,Servicos sob Demanda,Projetos,V007,1,7072.0,2691.0,7496.32,15,4805.32
VND005021,2025-12-15,P001,Moveis Domesticos,Estofados,V007,1,1827.8,1138.5,1937.47,15,798.97
VND005022,2025-12-15,P011,Moveis Comerciais,Atendimento,V005,1,3061.76,1914.75,3367.94,45,1453.19
VND005023,2025-12-15,P009,Moveis Comerciais,Mesas,V002,3,1820.0,3042.9,5187.0,60,2144.1
VND005024,2025-12-15,P010,Moveis Comerciais,Armazenagem,V002,1,2344.16,1449.0,2226.95,15,777.9499999999998
VND005025,2025-12-15,P012,Moveis Comerciais,Estacoes,V001,3,4992.0,8849.25,16174.08,0,7324.83
VND005026,2025-12-16,P002,Moveis Domesticos,Mesas,V008,5,2288.0,6468.75,11668.8,30,5200.049999999999
VND005027,2025-12-16,P010,Moveis Comerciais,Armazenagem,V005,1,2420.6,1449.0,2662.66,15,1213.6599999999999
VND005028,2025-12-16,P008,Moveis Comerciais,Cadeiras,V003,1,1196.0,662.4,1231.88,30,569.4800000000001
VND005029,2025-12-16,P018,Servicos sob Demanda,Projetos,V006,1,6506.24,2691.0,6311.05,0,3620.05
VND005030,2025-12-16,P003,Moveis Domesticos,Dormitorio,V006,2,2704.0,3105.0,5245.76,60,2140.76
VND005031,2025-12-16,P012,Moveis Comerciais,Estacoes,V008,1,4992.0,2949.75,5091.84,30,2142.09
VND005032,2025-12-16,P004,Moveis Domesticos,Dormitorio,V008,1,3224.0,1914.75,3288.48,7,1373.73
VND005033,2025-12-17,P003,Moveis Domesticos,Dormitorio,V008,1,2622.88,1552.5,2675.34,30,1122.8400000000001
VND005034,2025-12-17,P007,Moveis Domesticos,Escritorio,V006,5,1404.0,3933.0,6809.4,0,2876.3999999999996
VND005035,2025-12-17,P005,Moveis Domesticos,Sala,V002,1,1235.0,745.2,1173.25,15,428.04999999999995
VND005036,2025-12-17,P015,Servicos sob Demanda,Projetos,V001,1,8574.8,3622.5,9260.78,60,5638.280000000001
VND005037,2025-12-17,P001,Moveis Domesticos,Estofados,V002,1,1866.28,1138.5,1772.97,60,634.47
VND005038,2025-12-17,P011,Moveis Comerciais,Atendimento,V004,2,3161.6,3829.5,5690.88,30,1861.38
VND005039,2025-12-17,P010,Moveis Comerciais,Armazenagem,V007,1,2420.6,1449.0,2565.84,45,1116.8400000000001
VND005040,2025-12-17,P015,Servicos sob Demanda,Projetos,V006,2,8840.0,7245.0,17149.6,15,9904.599999999999
VND005041,2025-12-17,P003,Moveis Domesticos,Dormitorio,V006,1,2622.88,1552.5,2544.19,45,991.69
VND005042,2025-12-18,P001,Moveis Domesticos,Estofados,V008,1,1924.0,1138.5,1962.48,30,823.98
VND005043,2025-12-18,P005,Moveis Domesticos,Sala,V006,4,1300.0,2980.8,5044.0,15,2063.2
VND005044,2025-12-18,P017,Servicos sob Demanda,Consultoria,V001,1,2766.4,931.5,2987.71,30,2056.21
VND005045,2025-12-18,P006,Moveis Domesticos,Estofados,V001,3,1019.2,1614.6,3302.21,15,1687.6100000000001
VND005046,2025-12-18,P003,Moveis Domesticos,Dormitorio,V001,1,2704.0,1552.5,2920.32,15,1367.8200000000002
VND005047,2025-12-18,P004,Moveis Domesticos,Dormitorio,V008,1,3127.28,1914.75,3189.83,0,1275.08
VND005048,2025-12-18,P018,Servicos sob Demanda,Projetos,V002,2,6859.84,5382.0,13033.7,0,7651.700000000001
VND005049,2025-12-19,P008,Moveis Comerciais,Cadeiras,V003,1,1160.12,662.4,1194.92,15,532.5200000000001
VND005050,2025-12-19,P005,Moveis Domesticos,Sala,V004,2,1300.0,1490.4,2340.0,0,849.5999999999999
VND005051,2025-12-19,P006,Moveis Domesticos,Estofados,V007,1,1019.2,538.2,1080.35,15,542.1499999999999
VND005052,2025-12-19,P001,Moveis Domesticos,Estofados,V003,3,1770.08,3415.5,5469.55,30,2054.05
VND005053,2025-12-19,P006,Moveis Domesticos,Estofados,V002,1,937.66,538.2,890.78,45,352.5799999999999
VND005054,2025-12-19,P018,Servicos sob Demanda,Projetos,V002,2,6859.84,5382.0,13033.7,15,7651.700000000001
VND005055,2025-12-19,P006,Moveis Domesticos,Estofados,V002,2,1019.2,1076.4,1936.48,7,860.0799999999999
VND005056,2025-12-19,P010,Moveis Comerciais,Armazenagem,V004,1,2548.0,1449.0,2293.2,60,844.1999999999998
VND005057,2025-12-19,P018,Servicos sob Demanda,Projetos,V006,1,6859.84,2691.0,6654.04,0,3963.04
VND005058,2025-12-19,P018,Servicos sob Demanda,Projetos,V004,1,6859.84,2691.0,6173.86,45,3482.8599999999997
VND005059,2025-12-20,P008,Moveis Comerciais,Cadeiras,V007,2,1196.0,1324.8,2535.52,7,1210.72
VND005060,2025-12-20,P005,Moveis Domesticos,Sala,V005,1,1261.0,745.2,1387.1,60,641.8999999999999
VND005061,2025-12-20,P006,Moveis Domesticos,Estofados,V006,1,988.62,538.2,958.96,45,420.76
VND005062,2025-12-20,P010,Moveis Comerciais,Armazenagem,V004,1,2471.56,1449.0,2224.4,7,775.4000000000001
VND005063,2025-12-20,P007,Moveis Domesticos,Escritorio,V004,1,1361.88,786.6,1225.69,7,439.09000000000003
VND005064,2025-12-20,P016,Servicos sob Demanda,Projetos,V007,3,12610.0,16146.0,40099.8,0,23953.800000000003
VND005065,2025-12-20,P006,Moveis Domesticos,Estofados,V006,4,968.24,2152.8,3756.77,0,1603.9699999999998
VND005066,2025-12-20,P011,Moveis Comerciais,Atendimento,V004,2,3228.16,3829.5,5810.69,30,1981.1899999999996
VND005067,2025-12-21,P008,Moveis Comerciais,Cadeiras,V002,3,1196.0,1987.2,3408.6,45,1421.3999999999999
VND005068,2025-12-21,P010,Moveis Comerciais,Armazenagem,V006,1,2420.6,1449.0,2347.98,30,898.98
VND005069,2025-12-21,P003,Moveis Domesticos,Dormitorio,V007,1,2704.0,1552.5,2866.24,30,1313.7399999999998
VND005070,2025-12-21,P004,Moveis Domesticos,Dormitorio,V008,5,3062.8,9573.75,15620.28,15,6046.530000000001
VND005071,2025-12-21,P001,Moveis Domesticos,Estofados,V001,1,1924.0,1138.5,2077.92,45,939.4200000000001
VND005072,2025-12-21,P002,Moveis Domesticos,Mesas,V007,2,2173.6,2587.5,4608.03,0,2020.5299999999997
VND005073,2025-12-22,P014,Servicos sob Demanda,Projetos,V003,1,5245.76,2173.5,5403.13,30,3229.63
VND005074,2025-12-22,P005,Moveis Domesticos,Sala,V003,3,1235.0,2235.6,3816.15,60,1580.5500000000002
VND005075,2025-12-22,P001,Moveis Domesticos,Estofados,V005,1,1827.8,1138.5,2010.58,45,872.0799999999999
VND005076,2025-12-22,P003,Moveis Domesticos,Dormitorio,V001,2,2487.68,3105.0,5373.39,7,2268.3900000000003
VND005077,2025-12-22,P008,Moveis Comerciais,Cadeiras,V007,1,1160.12,662.4,1229.73,30,567.33
VND005078,2025-12-22,P010,Moveis Comerciais,Armazenagem,V005,1,2548.0,1449.0,2802.8,60,1353.8000000000002
VND005079,2025-12-22,P006,Moveis Domesticos,Estofados,V008,1,968.24,538.2,987.6,0,449.4
VND005080,2025-12-22,P015,Servicos sob Demanda,Projetos,V005,3,8840.0,10867.5,29172.0,15,18304.5
VND005081,2025-12-23,P017,Servicos sob Demanda,Consultoria,V003,1,2766.4,931.5,2849.39,60,1917.8899999999999
VND005082,2025-12-23,P006,Moveis Domesticos,Estofados,V007,1,1019.2,538.2,1080.35,45,542.1499999999999
VND005083,2025-12-23,P002,Moveis Domesticos,Mesas,V005,2,2288.0,2587.5,5033.6,7,2446.1000000000004
VND005084,2025-12-23,P008,Moveis Comerciais,Cadeiras,V007,1,1160.12,662.4,1229.73,0,567.33
VND005085,2025-12-23,P013,Moveis Comerciais,Mesas,V002,1,3731.52,2277.0,3544.94,30,1267.94
VND005086,2025-12-23,P017,Servicos sob Demanda,Consultoria,V007,1,2824.64,931.5,2994.12,60,2062.62
VND005087,2025-12-23,P009,Moveis Comerciais,Mesas,V006,2,1820.0,2028.6,3530.8,0,1502.2000000000003
VND005088,2025-12-23,P001,Moveis Domesticos,Estofados,V006,1,1866.28,1138.5,1810.29,30,671.79
VND005089,2025-12-24,P018,Servicos sob Demanda,Projetos,V008,1,7072.0,2691.0,7213.44,7,4522.44
VND005090,2025-12-24,P009,Moveis Comerciais,Mesas,V006,2,1820.0,2028.6,3530.8,45,1502.2000000000003
VND005091,2025-12-24,P016,Servicos sob Demanda,Projetos,V007,1,13000.0,5382.0,13780.0,45,8398.0
VND005092,2025-12-24,P016,Servicos sob Demanda,Projetos,V006,1,12350.0,5382.0,11979.5,45,6597.5
VND005093,2025-12-24,P005,Moveis Domesticos,Sala,V008,1,1300.0,745.2,1326.0,0,580.8
VND005094,2025-12-24,P013,Moveis Comerciais,Mesas,V007,1,4056.0,2277.0,4299.36,30,2022.3599999999997
VND005095,2025-12-25,P012,Moveis Comerciais,Estacoes,V003,2,4742.4,5899.5,9769.34,0,3869.84
VND005096,2025-12-25,P015,Servicos sob Demanda,Projetos,V003,1,8840.0,3622.5,9105.2,30,5482.700000000001
VND005097,2025-12-26,P015,Servicos sob Demanda,Projetos,V007,3,8574.8,10867.5,27267.86,15,16400.36
VND005098,2025-12-26,P004,Moveis Domesticos,Dormitorio,V001,2,3062.8,3829.5,6615.65,60,2786.1499999999996
VND005099,2025-12-26,P017,Servicos sob Demanda,Consultoria,V003,3,2824.64,2794.5,8728.14,30,5933.639999999999
VND005100,2025-12-26,P007,Moveis Domesticos,Escritorio,V008,2,1361.88,1573.2,2778.24,30,1205.0399999999997
VND005101,2025-12-26,P010,Moveis Comerciais,Armazenagem,V005,3,2548.0,4347.0,8408.4,30,4061.3999999999996
VND005102,2025-12-27,P001,Moveis Domesticos,Estofados,V004,1,1924.0,1138.5,1731.6,15,593.0999999999999
VND005103,2025-12-27,P002,Moveis Domesticos,Mesas,V002,2,2219.36,2587.5,4216.78,0,1629.2799999999997
VND005104,2025-12-27,P012,Moveis Comerciais,Estacoes,V004,1,4592.64,2949.75,4133.38,30,1183.63
VND005105,2025-12-27,P005,Moveis Domesticos,Sala,V004,2,1300.0,1490.4,2340.0,30,849.5999999999999
VND005106,2025-12-27,P010,Moveis Comerciais,Armazenagem,V005,2,2344.16,2898.0,5157.15,0,2259.1499999999996
VND005107,2025-12-27,P017,Servicos sob Demanda,Consultoria,V003,1,2912.0,931.5,2999.36,45,2067.86
VND005108,2025-12-27,P002,Moveis Domesticos,Mesas,V002,3,2104.96,3881.25,5999.14,0,2117.8900000000003
VND005109,2025-12-27,P005,Moveis Domesticos,Sala,V008,1,1300.0,745.2,1326.0,30,580.8
VND005110,2025-12-27,P004,Moveis Domesticos,Dormitorio,V002,2,3127.28,3829.5,5941.83,0,2112.33
VND005111,2025-12-28,P016,Servicos sob Demanda,Projetos,V001,2,12610.0,10764.0,27237.6,7,16473.6
VND005112,2025-12-28,P008,Moveis Comerciais,Cadeiras,V001,1,1100.32,662.4,1188.35,0,525.9499999999999
VND005113,2025-12-28,P002,Moveis Domesticos,Mesas,V005,1,2104.96,1293.75,2315.46,0,1021.71
VND005114,2025-12-28,P012,Moveis Comerciais,Estacoes,V008,1,4992.0,2949.75,5091.84,0,2142.09
VND005115,2025-12-28,P014,Servicos sob Demanda,Projetos,V005,2,4975.36,4347.0,10945.79,7,6598.790000000001
VND005116,2025-12-28,P010,Moveis Comerciais,Armazenagem,V008,3,2548.0,4347.0,7796.88,30,3449.88
VND005117,2025-12-28,P007,Moveis Domesticos,Escritorio,V004,1,1333.8,786.6,1200.42,15,413.82000000000005
VND005118,2025-12-28,P008,Moveis Comerciais,Cadeiras,V007,2,1196.0,1324.8,2535.52,15,1210.72
VND005119,2025-12-28,P018,Servicos sob Demanda,Projetos,V001,1,7072.0,2691.0,7637.76,45,4946.76
VND005120,2025-12-28,P007,Moveis Domesticos,Escritorio,V004,1,1404.0,786.6,1263.6,30,476.9999999999999
VND005121,2025-12-28,P011,Moveis Comerciais,Atendimento,V008,2,3228.16,3829.5,6585.45,15,2755.95
VND005122,2025-12-29,P008,Moveis Comerciais,Cadeiras,V008,2,1160.12,1324.8,2366.64,0,1041.84
VND005123,2025-12-29,P012,Moveis Comerciais,Estacoes,V008,1,4992.0,2949.75,5091.84,30,2142.09
VND005124,2025-12-29,P018,Servicos sob Demanda,Projetos,V003,1,7072.0,2691.0,7284.16,30,4593.16
VND005125,2025-12-29,P007,Moveis Domesticos,Escritorio,V004,2,1291.68,1573.2,2325.02,30,751.8199999999999
VND005126,2025-12-29,P006,Moveis Domesticos,Estofados,V001,1,1019.2,538.2,1100.74,30,562.54
VND005127,2025-12-29,P002,Moveis Domesticos,Mesas,V006,2,2219.36,2587.5,4305.56,0,1718.0600000000004
VND005128,2025-12-29,P007,Moveis Domesticos,Escritorio,V002,2,1361.88,1573.2,2587.57,45,1014.3700000000001
VND005129,2025-12-30,P002,Moveis Domesticos,Mesas,V001,1,2288.0,1293.75,2471.04,7,1177.29
VND005130,2025-12-30,P009,Moveis Comerciais,Mesas,V004,1,1820.0,1014.3,1638.0,30,623.7
VND005131,2025-12-30,P009,Moveis Comerciais,Mesas,V004,1,1765.4,1014.3,1588.86,45,574.56
VND005132,2025-12-30,P012,Moveis Comerciais,Estacoes,V004,1,4592.64,2949.75,4133.38,15,1183.63
VND005133,2025-12-30,P017,Servicos sob Demanda,Consultoria,V001,1,2824.64,931.5,3050.61,30,2119.11
VND005134,2025-12-30,P002,Moveis Domesticos,Mesas,V001,1,2288.0,1293.75,2471.04,60,1177.29
VND005135,2025-12-31,P018,Servicos sob Demanda,Projetos,V002,1,7072.0,2691.0,6718.4,45,4027.3999999999996
VND005136,2025-12-31,P017,Servicos sob Demanda,Consultoria,V005,3,2912.0,2794.5,9609.6,0,6815.1
VND005137,2025-12-31,P013,Moveis Comerciais,Mesas,V001,5,3853.2,11385.0,20807.28,15,9422.279999999999
VND005138,2025-12-31,P001,Moveis Domesticos,Estofados,V007,2,1924.0,2277.0,4078.88,60,1801.88
VND005139,2025-12-31,P006,Moveis Domesticos,Estofados,V004,2,1019.2,1076.4,1834.56,15,758.1599999999999
VND005140,2025-12-31,P005,Moveis Domesticos,Sala,V006,1,1235.0,745.2,1197.95,30,452.75
VND005141,2025-12-31,P015,Servicos sob Demanda,Projetos,V001,1,8840.0,3622.5,9547.2,30,5924.700000000001
VND005142,2025-12-31,P009,Moveis Comerciais,Mesas,V004,2,1729.0,2028.6,3112.2,15,1083.6
VND005143,2025-12-31,P010,Moveis Comerciais,Armazenagem,V001,1,2548.0,1449.0,2751.84,15,1302.8400000000001
VND005144,2025-12-31,P015,Servicos sob Demanda,Projetos,V006,2,8132.8,7245.0,15777.63,60,8532.63
VND005145,2025-12-31,P004,Moveis Domesticos,Dormitorio,V005,2,3224.0,3829.5,7092.8,15,3263.3
VND005146,2025-12-31,P017,Servicos sob Demanda,Consultoria,V008,1,2824.64,931.5,2881.13,15,1949.63
VND005147,2025-12-31,P016,Servicos sob Demanda,Projetos,V007,2,11960.0,10764.0,25355.2,0,14591.2
VND005148,2026-01-01,P002,Moveis Domesticos,Mesas,V006,2,2304.72,2675.0,4471.16,30,1796.1599999999999
VND005149,2026-01-01,P017,Servicos sob Demanda,Consultoria,V003,1,2933.28,963.0,3021.28,30,2058.28
VND005150,2026-01-01,P015,Servicos sob Demanda,Projetos,V008,1,8904.6,3745.0,9082.69,45,5337.6900000000005
VND005151,2026-01-01,P002,Moveis Domesticos,Mesas,V007,1,2257.2,1337.5,2392.63,15,1055.13
VND005152,2026-01-01,P010,Moveis Comerciais,Armazenagem,V002,1,2646.0,1498.0,2513.7,45,1015.6999999999998
VND005153,2026-01-02,P003,Moveis Domesticos,Dormitorio,V003,1,2723.76,1605.0,2805.47,30,1200.4699999999998
VND005154,2026-01-02,P008,Moveis Comerciais,Cadeiras,V003,2,1242.0,1369.6,2558.52,0,1188.92
VND005155,2026-01-02,P009,Moveis Comerciais,Mesas,V002,1,1890.0,1048.6,1795.5,0,746.9000000000001
VND005156,2026-01-02,P010,Moveis Comerciais,Armazenagem,V001,2,2513.7,2996.0,5429.59,15,2433.59
VND005157,2026-01-02,P009,Moveis Comerciais,Mesas,V007,1,1795.5,1048.6,1903.23,0,854.6300000000001
VND005158,2026-01-02,P002,Moveis Domesticos,Mesas,V001,4,2257.2,5350.0,9751.1,0,4401.1
VND005159,2026-01-03,P009,Moveis Comerciais,Mesas,V004,2,1833.3,2097.2,3299.94,15,1202.7400000000002
VND005160,2026-01-03,P018,Servicos sob Demanda,Projetos,V005,1,6976.8,2782.0,7674.48,0,4892.48
VND005161,2026-01-03,P005,Moveis Domesticos,Sala,V005,3,1350.0,2311.2,4455.0,30,2143.8
VND005162,2026-01-03,P008,Moveis Comerciais,Cadeiras,V004,1,1142.64,684.8,1028.38,30,343.58000000000015
VND005163,2026-01-03,P002,Moveis Domesticos,Mesas,V008,3,2185.92,4012.5,6688.92,60,2676.42
VND005164,2026-01-03,P012,Moveis Comerciais,Estacoes,V001,1,4924.8,3049.5,5318.78,0,2269.2799999999997
VND005165,2026-01-03,P002,Moveis Domesticos,Mesas,V001,1,2304.72,1337.5,2489.1,0,1151.6
VND005166,2026-01-03,P006,Moveis Domesticos,Estofados,V005,1,973.73,556.4,1071.1,7,514.6999999999999
VND005167,2026-01-03,P011,Moveis Comerciais,Atendimento,V007,2,3456.0,3959.0,7326.72,30,3367.7200000000003
VND005168,2026-01-03,P012,Moveis Comerciais,Estacoes,V005,1,4924.8,3049.5,5417.28,0,2367.7799999999997
VND005169,2026-01-03,P008,Moveis Comerciais,Cadeiras,V008,1,1142.64,684.8,1165.49,7,480.69000000000005
VND005170,2026-01-03,P001,Moveis Domesticos,Estofados,V006,2,1998.0,2354.0,3876.12,30,1522.12
VND005171,2026-01-03,P006,Moveis Domesticos,Estofados,V003,1,1026.65,556.4,1057.45,15,501.05000000000007
VND005172,2026-01-03,P001,Moveis Domesticos,Estofados,V002,1,1838.16,1177.0,1746.25,0,569.25
VND005173,2026-01-03,P001,Moveis Domesticos,Estofados,V008,3,1938.06,3531.0,5930.46,45,2399.46
VND005174,2026-01-03,P002,Moveis Domesticos,Mesas,V006,1,2304.72,1337.5,2235.58,15,898.0799999999999
VND005175,2026-01-03,P008,Moveis Comerciais,Cadeiras,V008,4,1179.9,2739.2,4813.99,0,2074.79
VND005176,2026-01-03,P007,Moveis Domesticos,Escritorio,V002,1,1458.0,813.2,1385.1,0,571.8999999999999
VND005177,2026-01-04,P015,Servicos sob Demanda,Projetos,V006,2,8904.6,7490.0,17274.92,15,9784.919999999998
VND005178,2026-01-04,P008,Moveis Comerciais,Cadeiras,V002,6,1242.0,4108.8,7079.4,60,2970.5999999999995
VND005179,2026-01-04,P009,Moveis Comerciais,Mesas,V001,1,1890.0,1048.6,2041.2,7,992.6000000000001
VND005180,2026-01-04,P009,Moveis Comerciais,Mesas,V002,2,1890.0,2097.2,3591.0,15,1493.8000000000002
VND005181,2026-01-04,P003,Moveis Domesticos,Dormitorio,V003,2,2723.76,3210.0,5610.95,0,2400.95
VND005182,2026-01-04,P012,Moveis Comerciais,Estacoes,V006,1,5184.0,3049.5,5028.48,15,1978.9799999999996
VND005183,2026-01-04,P009,Moveis Comerciais,Mesas,V003,3,1833.3,3145.8,5664.9,30,2519.0999999999995
VND005184,2026-01-04,P007,Moveis Domesticos,Escritorio,V004,2,1385.1,1626.4,2493.18,30,866.7799999999997
VND005185,2026-01-04,P007,Moveis Domesticos,Escritorio,V005,1,1458.0,813.2,1603.8,7,790.5999999999999
VND005186,2026-01-04,P002,Moveis Domesticos,Mesas,V002,1,2376.0,1337.5,2257.2,15,919.6999999999998
VND005187,2026-01-05,P003,Moveis Domesticos,Dormitorio,V008,3,2808.0,4815.0,8592.48,30,3777.4799999999996
VND005188,2026-01-05,P008,Moveis Comerciais,Cadeiras,V001,2,1242.0,1369.6,2682.72,15,1313.12
VND005189,2026-01-05,P011,Moveis Comerciais,Atendimento,V003,2,3179.52,3959.0,6549.81,15,2590.8100000000004
VND005190,2026-01-05,P001,Moveis Domesticos,Estofados,V002,1,1998.0,1177.0,1898.1,30,721.0999999999999
VND005191,2026-01-05,P013,Moveis Comerciais,Mesas,V007,4,3875.04,9416.0,16430.17,15,7014.169999999998
VND005192,2026-01-05,P009,Moveis Comerciais,Mesas,V004,1,1890.0,1048.6,1701.0,15,652.4000000000001
VND005193,2026-01-05,P013,Moveis Comerciais,Mesas,V005,1,4212.0,2354.0,4633.2,15,2279.2
VND005194,2026-01-05,P005,Moveis Domesticos,Sala,V005,2,1350.0,1540.8,2970.0,0,1429.2
VND005195,2026-01-05,P008,Moveis Comerciais,Cadeiras,V002,1,1179.9,684.8,1120.9,0,436.10000000000014
VND005196,2026-01-05,P001,Moveis Domesticos,Estofados,V003,6,1938.06,7062.0,11977.21,60,4915.209999999999
VND005197,2026-01-05,P010,Moveis Comerciais,Armazenagem,V008,4,2646.0,5992.0,10795.68,30,4803.68
VND005198,2026-01-05,P018,Servicos sob Demanda,Projetos,V002,1,6976.8,2782.0,6627.96,0,3845.96
VND005199,2026-01-05,P009,Moveis Comerciais,Mesas,V003,4,1795.5,4194.4,7397.46,0,3203.0600000000004
VND005200,2026-01-06,P002,Moveis Domesticos,Mesas,V002,1,2304.72,1337.5,2189.48,30,851.98
VND005201,2026-01-06,P007,Moveis Domesticos,Escritorio,V008,4,1458.0,3252.8,5948.64,7,2695.84
VND005202,2026-01-06,P012,Moveis Comerciais,Estacoes,V003,2,5184.0,6099.0,10679.04,0,4580.040000000001
VND005203,2026-01-06,P014,Servicos sob Demanda,Projetos,V004,2,5616.0,4494.0,10108.8,45,5614.799999999999
VND005204,2026-01-06,P009,Moveis Comerciais,Mesas,V007,1,1795.5,1048.6,1903.23,60,854.6300000000001
VND005205,2026-01-07,P002,Moveis Domesticos,Mesas,V007,2,2376.0,2675.0,5037.12,0,2362.12
VND005206,2026-01-07,P017,Servicos sob Demanda,Consultoria,V001,2,2782.08,1926.0,6009.29,15,4083.29
VND005207,2026-01-07,P017,Servicos sob Demanda,Consultoria,V002,4,2933.28,3852.0,11146.46,15,7294.459999999999
VND005208,2026-01-07,P008,Moveis Comerciais,Cadeiras,V005,1,1142.64,684.8,1256.9,15,572.1000000000001
VND005209,2026-01-07,P002,Moveis Domesticos,Mesas,V005,2,2376.0,2675.0,5227.2,45,2552.2
VND005210,2026-01-07,P005,Moveis Domesticos,Sala,V005,1,1350.0,770.4,1485.0,45,714.6
VND005211,2026-01-07,P013,Moveis Comerciais,Mesas,V008,2,4085.64,4708.0,8334.71,7,3626.709999999999
VND005212,2026-01-07,P006,Moveis Domesticos,Estofados,V002,1,1058.4,556.4,1005.48,7,449.08000000000004
VND005213,2026-01-08,P018,Servicos sob Demanda,Projetos,V003,2,7123.68,5564.0,14674.78,15,9110.78
VND005214,2026-01-08,P004,Moveis Domesticos,Dormitorio,V004,1,3180.6,1979.5,2862.54,30,883.04
VND005215,2026-01-08,P009,Moveis Comerciais,Mesas,V004,3,1890.0,3145.8,5103.0,30,1957.1999999999998
VND005216,2026-01-08,P014,Servicos sob Demanda,Projetos,V002,1,5616.0,2247.0,5335.2,15,3088.2
VND005217,2026-01-08,P006,Moveis Domesticos,Estofados,V005,3,1058.4,1669.2,3492.72,45,1823.5199999999998
VND005218,2026-01-08,P014,Servicos sob Demanda,Projetos,V005,2,5335.2,4494.0,11737.44,60,7243.4400000000005
VND005219,2026-01-08,P005,Moveis Domesticos,Sala,V003,1,1350.0,770.4,1390.5,30,620.1
VND005220,2026-01-08,P002,Moveis Domesticos,Mesas,V006,1,2304.72,1337.5,2235.58,15,898.0799999999999
VND005221,2026-01-08,P004,Moveis Domesticos,Dormitorio,V005,1,3348.0,1979.5,3682.8,7,1703.3000000000002
VND005222,2026-01-08,P002,Moveis Domesticos,Mesas,V003,1,2376.0,1337.5,2447.28,30,1109.7800000000002
VND005223,2026-01-08,P013,Moveis Comerciais,Mesas,V007,1,4085.64,2354.0,4330.78,45,1976.7799999999997
VND005224,2026-01-09,P010,Moveis Comerciais,Armazenagem,V002,1,2646.0,1498.0,2513.7,45,1015.6999999999998
VND005225,2026-01-09,P004,Moveis Domesticos,Dormitorio,V001,1,3247.56,1979.5,3507.36,45,1527.8600000000001
VND005226,2026-01-09,P003,Moveis Domesticos,Dormitorio,V001,1,2667.6,1605.0,2881.01,45,1276.0100000000002
VND005227,2026-01-09,P012,Moveis Comerciais,Estacoes,V008,1,4769.28,3049.5,4864.67,60,1815.17
VND005228,2026-01-09,P010,Moveis Comerciais,Armazenagem,V004,1,2434.32,1498.0,2190.89,45,692.8899999999999
VND005229,2026-01-10,P009,Moveis Comerciais,Mesas,V003,1,1833.3,1048.6,1888.3,30,839.7
VND005230,2026-01-10,P013,Moveis Comerciais,Mesas,V002,2,4085.64,4708.0,7762.72,45,3054.7200000000003
VND005231,2026-01-10,P011,Moveis Comerciais,Atendimento,V006,1,3352.32,1979.5,3251.75,30,1272.25
VND005232,2026-01-10,P009,Moveis Comerciais,Mesas,V006,2,1833.3,2097.2,3556.6,30,1459.4
VND005233,2026-01-10,P015,Servicos sob Demanda,Projetos,V005,1,8904.6,3745.0,9795.06,7,6050.0599999999995
VND005234,2026-01-10,P017,Servicos sob Demanda,Consultoria,V004,1,3024.0,963.0,2721.6,7,1758.6
VND005235,2026-01-10,P002,Moveis Domesticos,Mesas,V002,1,2304.72,1337.5,2189.48,30,851.98
VND005236,2026-01-10,P018,Servicos sob Demanda,Projetos,V004,2,7123.68,5564.0,12822.62,15,7258.620000000001
VND005237,2026-01-10,P013,Moveis Comerciais,Mesas,V001,1,4212.0,2354.0,4548.96,30,2194.96
VND005238,2026-01-10,P011,Moveis Comerciais,Atendimento,V007,2,3352.32,3959.0,7106.92,0,3147.92
VND005239,2026-01-10,P009,Moveis Comerciais,Mesas,V003,1,1738.8,1048.6,1790.96,0,742.3600000000001
VND005240,2026-01-11,P003,Moveis Domesticos,Dormitorio,V006,1,2667.6,1605.0,2587.57,45,982.5700000000002
VND005241,2026-01-11,P005,Moveis Domesticos,Sala,V002,2,1282.5,1540.8,2436.75,0,895.95
VND005242,2026-01-11,P010,Moveis Comerciais,Armazenagem,V004,2,2566.62,2996.0,4619.92,7,1623.92
VND005243,2026-01-11,P007,Moveis Domesticos,Escritorio,V004,1,1414.26,813.2,1272.83,0,459.6299999999999
VND005244,2026-01-11,P001,Moveis Domesticos,Estofados,V007,2,1938.06,2354.0,4108.69,15,1754.6899999999996
VND005245,2026-01-11,P002,Moveis Domesticos,Mesas,V005,1,2257.2,1337.5,2482.92,0,1145.42
VND005246,2026-01-11,P012,Moveis Comerciais,Estacoes,V007,3,5028.48,9148.5,15990.57,30,6842.07
VND005247,2026-01-11,P012,Moveis Comerciais,Estacoes,V007,2,4769.28,6099.0,10110.87,0,4011.870000000001
VND005248,2026-01-11,P003,Moveis Domesticos,Dormitorio,V003,4,2808.0,6420.0,11568.96,0,5148.959999999999
VND005249,2026-01-11,P007,Moveis Domesticos,Escritorio,V001,1,1458.0,813.2,1574.64,7,761.44
VND005250,2026-01-11,P009,Moveis Comerciais,Mesas,V004,1,1890.0,1048.6,1701.0,30,652.4000000000001
VND005251,2026-01-11,P013,Moveis Comerciais,Mesas,V008,3,4212.0,7062.0,12888.72,30,5826.719999999999
VND005252,2026-01-12,P007,Moveis Domesticos,Escritorio,V007,1,1458.0,813.2,1545.48,30,732.28
VND005253,2026-01-12,P007,Moveis Domesticos,Escritorio,V007,1,1458.0,813.2,1545.48,7,732.28
VND005254,2026-01-12,P013,Moveis Comerciais,Mesas,V002,1,4212.0,2354.0,4001.4,60,1647.4
VND005255,2026-01-12,P013,Moveis Comerciais,Mesas,V003,2,4212.0,4708.0,8676.72,30,3968.7199999999993
VND005256,2026-01-12,P005,Moveis Domesticos,Sala,V004,4,1309.5,3081.6,4714.2,30,1632.6
VND005257,2026-01-12,P006,Moveis Domesticos,Estofados,V002,1,1005.48,556.4,955.21,7,398.81000000000006
VND005258,2026-01-12,P004,Moveis Domesticos,Dormitorio,V003,1,3247.56,1979.5,3344.99,15,1365.4899999999998
VND005259,2026-01-12,P010,Moveis Comerciais,Armazenagem,V002,2,2646.0,2996.0,5027.4,15,2031.3999999999996
VND005260,2026-01-13,P006,Moveis Domesticos,Estofados,V002,1,1005.48,556.4,955.21,15,398.81000000000006
VND005261,2026-01-13,P005,Moveis Domesticos,Sala,V007,1,1309.5,770.4,1388.07,0,617.67
VND005262,2026-01-13,P004,Moveis Domesticos,Dormitorio,V008,1,3247.56,1979.5,3312.51,30,1333.0100000000002
VND005263,2026-01-13,P017,Servicos sob Demanda,Consultoria,V005,1,3024.0,963.0,3326.4,30,2363.4
VND005264,2026-01-13,P016,Servicos sob Demanda,Projetos,V003,1,12825.0,5564.0,13209.75,15,7645.75
VND005265,2026-01-13,P015,Servicos sob Demanda,Projetos,V006,3,9180.0,11235.0,26713.8,30,15478.8
VND005266,2026-01-13,P018,Servicos sob Demanda,Projetos,V002,2,7123.68,5564.0,13534.99,7,7970.99
VND005267,2026-01-13,P002,Moveis Domesticos,Mesas,V007,1,2257.2,1337.5,2392.63,60,1055.13
VND005268,2026-01-13,P008,Moveis Comerciais,Cadeiras,V004,3,1242.0,2054.4,3353.4,0,1299.0
VND005269,2026-01-14,P001,Moveis Domesticos,Estofados,V003,2,1998.0,2354.0,4115.88,15,1761.88
VND005270,2026-01-14,P017,Servicos sob Demanda,Consultoria,V007,1,2933.28,963.0,3109.28,0,2146.28
VND005271,2026-01-14,P007,Moveis Domesticos,Escritorio,V005,1,1341.36,813.2,1475.5,30,662.3
VND005272,2026-01-14,P005,Moveis Domesticos,Sala,V008,1,1350.0,770.4,1377.0,0,606.6
VND005273,2026-01-14,P001,Moveis Domesticos,Estofados,V004,1,1998.0,1177.0,1798.2,0,621.2
VND005274,2026-01-14,P005,Moveis Domesticos,Sala,V006,1,1350.0,770.4,1309.5,7,539.1
VND005275,2026-01-14,P002,Moveis Domesticos,Mesas,V001,1,2376.0,1337.5,2566.08,30,1228.58
VND005276,2026-01-14,P006,Moveis Domesticos,Estofados,V006,3,1058.4,1669.2,3079.94,15,1410.74
VND005277,2026-01-15,P011,Moveis Comerciais,Atendimento,V008,2,3352.32,3959.0,6838.73,45,2879.7299999999996
VND005278,2026-01-15,P008,Moveis Comerciais,Cadeiras,V001,3,1204.74,2054.4,3903.36,30,1848.96
VND005279,2026-01-15,P011,Moveis Comerciais,Atendimento,V008,1,3456.0,1979.5,3525.12,0,1545.62
VND005280,2026-01-15,P012,Moveis Comerciais,Estacoes,V004,1,5028.48,3049.5,4525.63,15,1476.13
VND005281,2026-01-15,P012,Moveis Comerciais,Estacoes,V006,1,5184.0,3049.5,5028.48,15,1978.9799999999996
VND005282,2026-01-15,P012,Moveis Comerciais,Estacoes,V001,1,5028.48,3049.5,5430.76,15,2381.26
VND005283,2026-01-15,P013,Moveis Comerciais,Mesas,V007,1,4085.64,2354.0,4330.78,15,1976.7799999999997
VND005284,2026-01-15,P001,Moveis Domesticos,Estofados,V005,1,1898.1,1177.0,2087.91,30,910.9099999999999
VND005285,2026-01-15,P009,Moveis Comerciais,Mesas,V001,1,1890.0,1048.6,2041.2,0,992.6000000000001
VND005286,2026-01-15,P017,Servicos sob Demanda,Consultoria,V005,1,2933.28,963.0,3226.61,15,2263.61
VND005287,2026-01-15,P015,Servicos sob Demanda,Projetos,V001,2,8445.6,7490.0,18242.5,0,10752.5
VND005288,2026-01-16,P016,Servicos sob Demanda,Projetos,V005,1,13500.0,5564.0,14850.0,30,9286.0
VND005289,2026-01-16,P003,Moveis Domesticos,Dormitorio,V004,1,2808.0,1605.0,2527.2,30,922.1999999999998
VND005290,2026-01-16,P013,Moveis Comerciais,Mesas,V006,1,4001.4,2354.0,3881.36,15,1527.3600000000001
VND005291,2026-01-16,P005,Moveis Domesticos,Sala,V003,2,1282.5,1540.8,2641.95,30,1101.1499999999999
VND005292,2026-01-16,P015,Servicos sob Demanda,Projetos,V005,2,8904.6,7490.0,19590.12,45,12100.119999999999
VND005293,2026-01-16,P018,Servicos sob Demanda,Projetos,V002,4,7344.0,11128.0,27907.2,30,16779.2
VND005294,2026-01-16,P009,Moveis Comerciais,Mesas,V005,6,1795.5,6291.6,11850.3,7,5558.699999999999
VND005295,2026-01-16,P012,Moveis Comerciais,Estacoes,V008,1,5028.48,3049.5,5129.05,30,2079.55
VND005296,2026-01-16,P015,Servicos sob Demanda,Projetos,V003,1,9180.0,3745.0,9455.4,60,5710.4
VND005297,2026-01-17,P018,Servicos sob Demanda,Projetos,V002,1,7344.0,2782.0,6976.8,60,4194.8
VND005298,2026-01-17,P009,Moveis Comerciais,Mesas,V002,1,1795.5,1048.6,1705.72,0,657.1200000000001
VND005299,2026-01-17,P010,Moveis Comerciais,Armazenagem,V006,4,2646.0,5992.0,10266.48,15,4274.48
VND005300,2026-01-17,P009,Moveis Comerciais,Mesas,V001,3,1833.3,3145.8,5939.89,30,2794.09
VND005301,2026-01-17,P017,Servicos sob Demanda,Consultoria,V003,1,2933.28,963.0,3021.28,15,2058.28
VND005302,2026-01-17,P009,Moveis Comerciais,Mesas,V004,1,1795.5,1048.6,1615.95,0,567.3500000000001
VND005303,2026-01-17,P005,Moveis Domesticos,Sala,V006,4,1350.0,3081.6,5238.0,30,2156.4
VND005304,2026-01-17,P006,Moveis Domesticos,Estofados,V002,2,1005.48,1112.8,1910.41,45,797.6100000000001
VND005305,2026-01-17,P011,Moveis Comerciais,Atendimento,V007,1,3352.32,1979.5,3553.46,30,1573.96
VND005306,2026-01-18,P008,Moveis Comerciais,Cadeiras,V001,1,1179.9,684.8,1274.29,0,589.49
VND005307,2026-01-18,P012,Moveis Comerciais,Estacoes,V001,1,5184.0,3049.5,5598.72,45,2549.2200000000003
VND005308,2026-01-18,P008,Moveis Comerciais,Cadeiras,V003,3,1242.0,2054.4,3837.78,30,1783.38
VND005309,2026-01-18,P005,Moveis Domesticos,Sala,V008,2,1242.0,1540.8,2533.68,30,992.8799999999999
VND005310,2026-01-18,P014,Servicos sob Demanda,Projetos,V002,1,5335.2,2247.0,5068.44,15,2821.4399999999996
VND005311,2026-01-19,P003,Moveis Domesticos,Dormitorio,V006,2,2808.0,3210.0,5447.52,30,2237.5200000000004
VND005312,2026-01-19,P002,Moveis Domesticos,Mesas,V005,2,2376.0,2675.0,5227.2,60,2552.2
VND005313,2026-01-19,P011,Moveis Comerciais,Atendimento,V004,1,3456.0,1979.5,3110.4,30,1130.9
VND005314,2026-01-19,P011,Moveis Comerciais,Atendimento,V001,1,3179.52,1979.5,3433.88,15,1454.38
VND005315,2026-01-19,P004,Moveis Domesticos,Dormitorio,V007,1,3348.0,1979.5,3548.88,15,1569.38
VND005316,2026-01-19,P013,Moveis Comerciais,Mesas,V007,1,4212.0,2354.0,4464.72,15,2110.7200000000003
VND005317,2026-01-19,P002,Moveis Domesticos,Mesas,V004,1,2185.92,1337.5,1967.33,0,629.8299999999999
VND005318,2026-01-19,P013,Moveis Comerciais,Mesas,V006,3,3875.04,7062.0,11276.37,0,4214.370000000001
VND005319,2026-01-19,P005,Moveis Domesticos,Sala,V005,2,1350.0,1540.8,2970.0,15,1429.2
VND005320,2026-01-20,P008,Moveis Comerciais,Cadeiras,V003,2,1179.9,1369.6,2430.59,15,1060.9900000000002
VND005321,2026-01-20,P006,Moveis Domesticos,Estofados,V001,1,1058.4,556.4,1143.07,30,586.67
VND005322,2026-01-20,P001,Moveis Domesticos,Estofados,V008,1,1838.16,1177.0,1874.92,45,697.9200000000001
VND005323,2026-01-20,P008,Moveis Comerciais,Cadeiras,V004,3,1179.9,2054.4,3185.73,15,1131.33
VND005324,2026-01-20,P003,Moveis Domesticos,Dormitorio,V008,1,2808.0,1605.0,2864.16,7,1259.1599999999999
VND005325,2026-01-20,P006,Moveis Domesticos,Estofados,V008,1,973.73,556.4,993.2,0,436.80000000000007
VND005326,2026-01-21,P006,Moveis Domesticos,Estofados,V001,2,1058.4,1112.8,2286.14,0,1173.34
VND005327,2026-01-21,P008,Moveis Comerciais,Cadeiras,V003,2,1242.0,1369.6,2558.52,30,1188.92
VND005328,2026-01-21,P008,Moveis Comerciais,Cadeiras,V005,4,1179.9,2739.2,5191.56,30,2452.3600000000006
VND005329,2026-01-21,P009,Moveis Comerciais,Mesas,V006,1,1833.3,1048.6,1778.3,60,729.7
VND005330,2026-01-22,P015,Servicos sob Demanda,Projetos,V007,1,8904.6,3745.0,9438.88,30,5693.879999999999
VND005331,2026-01-22,P013,Moveis Comerciais,Mesas,V005,2,4085.64,4708.0,8988.41,7,4280.41
VND005332,2026-01-22,P004,Moveis Domesticos,Dormitorio,V006,1,3180.6,1979.5,3085.18,0,1105.6799999999998
VND005333,2026-01-22,P017,Servicos sob Demanda,Consultoria,V002,6,2872.8,5778.0,16374.96,15,10596.96
VND005334,2026-01-22,P008,Moveis Comerciais,Cadeiras,V006,1,1179.9,684.8,1144.5,0,459.70000000000005
VND005335,2026-01-22,P002,Moveis Domesticos,Mesas,V007,1,2257.2,1337.5,2392.63,30,1055.13
VND005336,2026-01-22,P002,Moveis Domesticos,Mesas,V004,1,2304.72,1337.5,2074.25,15,736.75
VND005337,2026-01-22,P013,Moveis Comerciais,Mesas,V006,3,4212.0,7062.0,12256.92,15,5194.92
VND005338,2026-01-22,P015,Servicos sob Demanda,Projetos,V006,1,9180.0,3745.0,8904.6,30,5159.6
VND005339,2026-01-23,P004,Moveis Domesticos,Dormitorio,V004,3,3180.6,5938.5,8587.62,30,2649.120000000001
VND005340,2026-01-23,P011,Moveis Comerciais,Atendimento,V007,1,3179.52,1979.5,3370.29,30,1390.79
VND005341,2026-01-23,P001,Moveis Domesticos,Estofados,V005,1,1998.0,1177.0,2197.8,0,1020.8000000000002
VND005342,2026-01-23,P005,Moveis Domesticos,Sala,V008,1,1350.0,770.4,1377.0,30,606.6
VND005343,2026-01-23,P005,Moveis Domesticos,Sala,V002,2,1282.5,1540.8,2436.75,30,895.95
VND005344,2026-01-23,P010,Moveis Comerciais,Armazenagem,V001,1,2566.62,1498.0,2771.95,15,1273.9499999999998
VND005345,2026-01-23,P016,Servicos sob Demanda,Projetos,V003,1,13500.0,5564.0,13905.0,45,8341.0
VND005346,2026-01-23,P006,Moveis Domesticos,Estofados,V008,2,1026.65,1112.8,2094.37,30,981.5699999999999
VND005347,2026-01-23,P005,Moveis Domesticos,Sala,V005,3,1242.0,2311.2,4098.6,0,1787.4000000000005
VND005348,2026-01-23,P012,Moveis Comerciais,Estacoes,V005,1,5184.0,3049.5,5702.4,45,2652.8999999999996
VND005349,2026-01-23,P018,Servicos sob Demanda,Projetos,V004,1,7344.0,2782.0,6609.6,15,3827.6000000000004
VND005350,2026-01-24,P006,Moveis Domesticos,Estofados,V005,3,1026.65,1669.2,3387.95,7,1718.7499999999998
VND005351,2026-01-24,P010,Moveis Comerciais,Armazenagem,V005,3,2513.7,4494.0,8295.21,30,3801.209999999999
VND005352,2026-01-24,P008,Moveis Comerciais,Cadeiras,V006,1,1242.0,684.8,1204.74,30,519.94
VND005353,2026-01-24,P003,Moveis Domesticos,Dormitorio,V007,3,2667.6,4815.0,8482.97,45,3667.9699999999993
VND005354,2026-01-24,P001,Moveis Domesticos,Estofados,V002,1,1838.16,1177.0,1746.25,7,569.25
VND005355,2026-01-24,P002,Moveis Domesticos,Mesas,V008,1,2376.0,1337.5,2423.52,0,1086.02
VND005356,2026-01-24,P001,Moveis Domesticos,Estofados,V007,2,1998.0,2354.0,4235.76,45,1881.7600000000002
VND005357,2026-01-25,P009,Moveis Comerciais,Mesas,V001,1,1890.0,1048.6,2041.2,7,992.6000000000001
VND005358,2026-01-25,P014,Servicos sob Demanda,Projetos,V002,1,5447.52,2247.0,5175.14,0,2928.1400000000003
VND005359,2026-01-25,P009,Moveis Comerciais,Mesas,V005,1,1833.3,1048.6,2016.63,15,968.0300000000002
VND005360,2026-01-25,P010,Moveis Comerciais,Armazenagem,V002,3,2566.62,4494.0,7314.87,30,2820.87
VND005361,2026-01-25,P009,Moveis Comerciais,Mesas,V001,2,1890.0,2097.2,4082.4,45,1985.2000000000003
VND005362,2026-01-25,P013,Moveis Comerciais,Mesas,V006,1,3875.04,2354.0,3758.79,0,1404.79
VND005363,2026-01-25,P008,Moveis Comerciais,Cadeiras,V007,2,1179.9,1369.6,2501.39,0,1131.79
VND005364,2026-01-25,P002,Moveis Domesticos,Mesas,V002,1,2376.0,1337.5,2257.2,0,919.6999999999998
VND005365,2026-01-25,P015,Servicos sob Demanda,Projetos,V008,1,9180.0,3745.0,9363.6,30,5618.6
VND005366,2026-01-26,P012,Moveis Comerciais,Estacoes,V008,1,5028.48,3049.5,5129.05,0,2079.55
VND005367,2026-01-26,P007,Moveis Domesticos,Escritorio,V007,3,1385.1,2439.6,4404.62,60,1965.02
VND005368,2026-01-26,P005,Moveis Domesticos,Sala,V008,1,1282.5,770.4,1308.15,7,537.7500000000001
VND005369,2026-01-26,P013,Moveis Comerciais,Mesas,V002,1,4001.4,2354.0,3801.33,45,1447.33
VND005370,2026-01-26,P010,Moveis Comerciais,Armazenagem,V001,1,2566.62,1498.0,2771.95,30,1273.9499999999998
VND005371,2026-01-26,P015,Servicos sob Demanda,Projetos,V003,2,8721.0,7490.0,17965.26,60,10475.259999999998
VND005372,2026-01-26,P009,Moveis Comerciais,Mesas,V001,2,1890.0,2097.2,4082.4,7,1985.2000000000003
VND005373,2026-01-27,P007,Moveis Domesticos,Escritorio,V007,2,1458.0,1626.4,3090.96,30,1464.56
VND005374,2026-01-27,P001,Moveis Domesticos,Estofados,V006,1,1998.0,1177.0,1938.06,45,761.06
VND005375,2026-01-27,P014,Servicos sob Demanda,Projetos,V008,1,5616.0,2247.0,5728.32,7,3481.3199999999997
VND005376,2026-01-27,P009,Moveis Comerciais,Mesas,V004,1,1890.0,1048.6,1701.0,30,652.4000000000001
VND005377,2026-01-27,P004,Moveis Domesticos,Dormitorio,V004,4,3180.6,7918.0,11450.16,45,3532.16
VND005378,2026-01-27,P006,Moveis Domesticos,Estofados,V006,1,1026.65,556.4,995.85,15,439.45000000000005
VND005379,2026-01-28,P015,Servicos sob Demanda,Projetos,V004,3,8445.6,11235.0,22803.12,0,11568.119999999999
VND005380,2026-01-28,P010,Moveis Comerciais,Armazenagem,V001,2,2646.0,2996.0,5715.36,30,2719.3599999999997
VND005381,2026-01-28,P015,Servicos sob Demanda,Projetos,V003,1,9180.0,3745.0,9455.4,45,5710.4
VND005382,2026-01-28,P010,Moveis Comerciais,Armazenagem,V001,1,2513.7,1498.0,2714.8,45,1216.8000000000002
VND005383,2026-01-28,P008,Moveis Comerciais,Cadeiras,V001,1,1204.74,684.8,1301.12,30,616.3199999999999
VND005384,2026-01-28,P012,Moveis Comerciais,Estacoes,V008,1,5184.0,3049.5,5287.68,15,2238.1800000000003
VND005385,2026-01-28,P003,Moveis Domesticos,Dormitorio,V001,1,2667.6,1605.0,2881.01,7,1276.0100000000002
VND005386,2026-01-29,P003,Moveis Domesticos,Dormitorio,V004,2,2808.0,3210.0,5054.4,15,1844.3999999999996
VND005387,2026-01-29,P015,Servicos sob Demanda,Projetos,V003,2,9180.0,7490.0,18910.8,0,11420.8
VND005388,2026-01-29,P008,Moveis Comerciais,Cadeiras,V006,1,1204.74,684.8,1168.6,30,483.79999999999995
VND005389,2026-01-29,P001,Moveis Domesticos,Estofados,V007,1,1898.1,1177.0,2011.99,15,834.99
VND005390,2026-01-29,P001,Moveis Domesticos,Estofados,V008,3,1998.0,3531.0,6113.88,60,2582.88
VND005391,2026-01-29,P008,Moveis Comerciais,Cadeiras,V007,2,1242.0,1369.6,2633.04,30,1263.44
VND005392,2026-01-29,P003,Moveis Domesticos,Dormitorio,V008,1,2723.76,1605.0,2778.24,30,1173.2399999999998
VND005393,2026-01-29,P002,Moveis Domesticos,Mesas,V004,2,2185.92,2675.0,3934.66,45,1259.6599999999999
VND005394,2026-01-30,P003,Moveis Domesticos,Dormitorio,V003,2,2808.0,3210.0,5784.48,30,2574.4799999999996
VND005395,2026-01-30,P015,Servicos sob Demanda,Projetos,V005,3,9180.0,11235.0,30294.0,30,19059.0
VND005396,2026-01-30,P010,Moveis Comerciais,Armazenagem,V007,2,2646.0,2996.0,5609.52,15,2613.5200000000004
VND005397,2026-01-30,P003,Moveis Domesticos,Dormitorio,V008,1,2808.0,1605.0,2864.16,60,1259.1599999999999
VND005398,2026-01-31,P012,Moveis Comerciais,Estacoes,V008,1,4769.28,3049.5,4864.67,30,1815.17
VND005399,2026-01-31,P003,Moveis Domesticos,Dormitorio,V003,3,2808.0,4815.0,8676.72,30,3861.7199999999993
VND005400,2026-01-31,P005,Moveis Domesticos,Sala,V005,1,1242.0,770.4,1366.2,0,595.8000000000001
VND005401,2026-01-31,P014,Servicos sob Demanda,Projetos,V007,1,5335.2,2247.0,5655.31,15,3408.3100000000004
VND005402,2026-01-31,P002,Moveis Domesticos,Mesas,V007,4,2376.0,5350.0,10074.24,30,4724.24
VND005403,2026-02-01,P016,Servicos sob Demanda,Projetos,V006,1,13500.0,5564.0,13095.0,0,7531.0
VND005404,2026-02-01,P003,Moveis Domesticos,Dormitorio,V003,1,2723.76,1605.0,2805.47,0,1200.4699999999998
VND005405,2026-02-01,P015,Servicos sob Demanda,Projetos,V001,1,8721.0,3745.0,9418.68,45,5673.68
VND005406,2026-02-01,P015,Servicos sob Demanda,Projetos,V006,3,8904.6,11235.0,25912.39,30,14677.39
VND005407,2026-02-01,P018,Servicos sob Demanda,Projetos,V004,1,7123.68,2782.0,6411.31,15,3629.3100000000004
VND005408,2026-02-01,P009,Moveis Comerciais,Mesas,V004,3,1890.0,3145.8,5103.0,7,1957.1999999999998
VND005409,2026-02-01,P016,Servicos sob Demanda,Projetos,V005,1,13095.0,5564.0,14404.5,30,8840.5
VND005410,2026-02-02,P001,Moveis Domesticos,Estofados,V003,3,1998.0,3531.0,6173.82,45,2642.8199999999997
VND005411,2026-02-02,P015,Servicos sob Demanda,Projetos,V002,2,8904.6,7490.0,16918.74,60,9428.740000000002
VND005412,2026-02-02,P004,Moveis Domesticos,Dormitorio,V007,2,3348.0,3959.0,7097.76,30,3138.76
VND005413,2026-02-02,P009,Moveis Comerciais,Mesas,V003,1,1890.0,1048.6,1946.7,7,898.1000000000001
VND005414,2026-02-02,P008,Moveis Comerciais,Cadeiras,V001,3,1242.0,2054.4,4024.08,15,1969.6799999999998
VND005415,2026-02-02,P013,Moveis Comerciais,Mesas,V005,2,3875.04,4708.0,8525.09,60,3817.09
VND005416,2026-02-02,P004,Moveis Domesticos,Dormitorio,V007,1,3247.56,1979.5,3442.41,15,1462.9099999999999
VND005417,2026-02-02,P013,Moveis Comerciais,Mesas,V001,1,4085.64,2354.0,4412.49,30,2058.49
VND005418,2026-02-02,P002,Moveis Domesticos,Mesas,V002,1,2304.72,1337.5,2189.48,0,851.98
VND005419,2026-02-02,P002,Moveis Domesticos,Mesas,V004,1,2304.72,1337.5,2074.25,30,736.75
VND005420,2026-02-03,P004,Moveis Domesticos,Dormitorio,V002,2,3080.16,3959.0,5852.3,0,1893.3000000000002
VND005421,2026-02-03,P013,Moveis Comerciais,Mesas,V008,1,3875.04,2354.0,3952.54,7,1598.54
VND005422,2026-02-03,P018,Servicos sob Demanda,Projetos,V007,1,6976.8,2782.0,7395.41,30,4613.41
VND005423,2026-02-03,P003,Moveis Domesticos,Dormitorio,V007,1,2723.76,1605.0,2887.19,15,1282.19
VND005424,2026-02-03,P014,Servicos sob Demanda,Projetos,V005,3,5166.72,6741.0,17050.18,45,10309.18
VND005425,2026-02-03,P017,Servicos sob Demanda,Consultoria,V001,2,2933.28,1926.0,6335.88,30,4409.88
VND005426,2026-02-03,P006,Moveis Domesticos,Estofados,V001,2,1005.48,1112.8,2171.84,15,1059.0400000000002
VND005427,2026-02-04,P005,Moveis Domesticos,Sala,V001,2,1350.0,1540.8,2916.0,0,1375.2
VND005428,2026-02-04,P005,Moveis Domesticos,Sala,V001,5,1350.0,3852.0,7290.0,15,3438.0
VND005429,2026-02-04,P009,Moveis Comerciais,Mesas,V008,3,1738.8,3145.8,5320.73,15,2174.9299999999994
VND005430,2026-02-04,P002,Moveis Domesticos,Mesas,V008,1,2257.2,1337.5,2302.34,60,964.8400000000001
VND005431,2026-02-04,P003,Moveis Domesticos,Dormitorio,V002,1,2667.6,1605.0,2534.22,45,929.2199999999998
VND005432,2026-02-05,P002,Moveis Domesticos,Mesas,V005,2,2257.2,2675.0,4965.84,0,2290.84
VND005433,2026-02-05,P010,Moveis Comerciais,Armazenagem,V008,1,2646.0,1498.0,2698.92,60,1200.92
VND005434,2026-02-05,P002,Moveis Domesticos,Mesas,V004,2,2376.0,2675.0,4276.8,45,1601.8000000000002
VND005435,2026-02-05,P016,Servicos sob Demanda,Projetos,V006,1,12825.0,5564.0,12440.25,30,6876.25
VND005436,2026-02-06,P003,Moveis Domesticos,Dormitorio,V007,1,2723.76,1605.0,2887.19,15,1282.19
VND005437,2026-02-06,P013,Moveis Comerciais,Mesas,V001,2,3875.04,4708.0,8370.09,30,3662.09
VND005438,2026-02-06,P003,Moveis Domesticos,Dormitorio,V001,5,2667.6,8025.0,14405.04,60,6380.040000000001
VND005439,2026-02-06,P003,Moveis Domesticos,Dormitorio,V001,1,2808.0,1605.0,3032.64,60,1427.6399999999999
VND005440,2026-02-06,P005,Moveis Domesticos,Sala,V004,3,1309.5,2311.2,3535.65,30,1224.4500000000003
VND005441,2026-02-06,P016,Servicos sob Demanda,Projetos,V008,2,13095.0,11128.0,26713.8,30,15585.8
VND005442,2026-02-06,P015,Servicos sob Demanda,Projetos,V004,1,8721.0,3745.0,7848.9,7,4103.9
VND005443,2026-02-06,P018,Servicos sob Demanda,Projetos,V007,2,7123.68,5564.0,15102.2,30,9538.2
VND005444,2026-02-07,P009,Moveis Comerciais,Mesas,V001,2,1738.8,2097.2,3755.81,15,1658.6100000000001
VND005445,2026-02-07,P010,Moveis Comerciais,Armazenagem,V004,2,2646.0,2996.0,4762.8,15,1766.8000000000002
VND005446,2026-02-07,P015,Servicos sob Demanda,Projetos,V003,1,8904.6,3745.0,9171.74,15,5426.74
VND005447,2026-02-07,P001,Moveis Domesticos,Estofados,V003,4,1938.06,4708.0,7984.81,0,3276.8100000000004
VND005448,2026-02-07,P001,Moveis Domesticos,Estofados,V005,1,1898.1,1177.0,2087.91,45,910.9099999999999
VND005449,2026-02-07,P010,Moveis Comerciais,Armazenagem,V002,1,2513.7,1498.0,2388.02,45,890.02
VND005450,2026-02-07,P006,Moveis Domesticos,Estofados,V001,1,1058.4,556.4,1143.07,15,586.67
VND005451,2026-02-07,P008,Moveis Comerciais,Cadeiras,V002,1,1204.74,684.8,1144.5,60,459.70000000000005
VND005452,2026-02-07,P007,Moveis Domesticos,Escritorio,V001,2,1458.0,1626.4,3149.28,30,1522.88
VND005453,2026-02-07,P016,Servicos sob Demanda,Projetos,V001,1,13500.0,5564.0,14580.0,0,9016.0
VND005454,2026-02-07,P001,Moveis Domesticos,Estofados,V008,3,1938.06,3531.0,5930.46,45,2399.46
VND005455,2026-02-08,P006,Moveis Domesticos,Estofados,V008,2,1058.4,1112.8,2159.14,30,1046.34
VND005456,2026-02-08,P010,Moveis Comerciais,Armazenagem,V004,1,2646.0,1498.0,2381.4,45,883.4000000000001
VND005457,2026-02-08,P014,Servicos sob Demanda,Projetos,V002,2,5616.0,4494.0,10670.4,15,6176.4
VND005458,2026-02-08,P004,Moveis Domesticos,Dormitorio,V004,1,3080.16,1979.5,2772.14,30,792.6399999999999
VND005459,2026-02-08,P015,Servicos sob Demanda,Projetos,V007,2,9180.0,7490.0,19461.6,30,11971.599999999999
VND005460,2026-02-08,P002,Moveis Domesticos,Mesas,V005,1,2376.0,1337.5,2613.6,60,1276.1
VND005461,2026-02-08,P009,Moveis Comerciais,Mesas,V006,1,1738.8,1048.6,1686.64,7,638.0400000000002
VND005462,2026-02-08,P007,Moveis Domesticos,Escritorio,V008,1,1414.26,813.2,1442.55,7,629.3499999999999
VND005463,2026-02-08,P004,Moveis Domesticos,Dormitorio,V002,1,3247.56,1979.5,3085.18,15,1105.6799999999998
VND005464,2026-02-08,P017,Servicos sob Demanda,Consultoria,V003,2,2872.8,1926.0,5917.97,30,3991.9700000000003
VND005465,2026-02-09,P008,Moveis Comerciais,Cadeiras,V008,2,1242.0,1369.6,2533.68,45,1164.08
VND005466,2026-02-09,P017,Servicos sob Demanda,Consultoria,V005,2,2872.8,1926.0,6320.16,15,4394.16
VND005467,2026-02-09,P006,Moveis Domesticos,Estofados,V007,1,1026.65,556.4,1088.25,0,531.85
VND005468,2026-02-09,P009,Moveis Comerciais,Mesas,V004,1,1833.3,1048.6,1649.97,60,601.3700000000001
VND005469,2026-02-10,P013,Moveis Comerciais,Mesas,V002,2,4085.64,4708.0,7762.72,45,3054.7200000000003
VND005470,2026-02-10,P004,Moveis Domesticos,Dormitorio,V001,1,3247.56,1979.5,3507.36,45,1527.8600000000001
VND005471,2026-02-10,P005,Moveis Domesticos,Sala,V005,1,1350.0,770.4,1485.0,15,714.6
VND005472,2026-02-10,P001,Moveis Domesticos,Estofados,V001,3,1898.1,3531.0,6149.84,60,2618.84
VND005473,2026-02-10,P010,Moveis Comerciais,Armazenagem,V007,2,2434.32,2996.0,5160.76,15,2164.76
VND005474,2026-02-10,P003,Moveis Domesticos,Dormitorio,V008,1,2723.76,1605.0,2778.24,60,1173.2399999999998
VND005475,2026-02-10,P001,Moveis Domesticos,Estofados,V005,2,1938.06,2354.0,4263.73,0,1909.7299999999996
VND005476,2026-02-10,P008,Moveis Comerciais,Cadeiras,V004,1,1204.74,684.8,1084.27,15,399.47
VND005477,2026-02-10,P013,Moveis Comerciais,Mesas,V007,4,4212.0,9416.0,17858.88,30,8442.880000000001
VND005478,2026-02-10,P011,Moveis Comerciais,Atendimento,V006,1,3456.0,1979.5,3352.32,0,1372.8200000000002
VND005479,2026-02-10,P001,Moveis Domesticos,Estofados,V008,2,1998.0,2354.0,4075.92,0,1721.92
VND005480,2026-02-10,P003,Moveis Domesticos,Dormitorio,V007,2,2808.0,3210.0,5952.96,15,2742.96
VND005481,2026-02-11,P002,Moveis Domesticos,Mesas,V006,1,2376.0,1337.5,2304.72,45,967.2199999999998
VND005482,2026-02-11,P015,Servicos sob Demanda,Projetos,V001,2,8904.6,7490.0,19233.94,30,11743.939999999999
VND005483,2026-02-11,P001,Moveis Domesticos,Estofados,V005,2,1998.0,2354.0,4395.6,60,2041.6000000000004
VND005484,2026-02-11,P010,Moveis Comerciais,Armazenagem,V002,5,2646.0,7490.0,12568.5,15,5078.5
VND005485,2026-02-11,P009,Moveis Comerciais,Mesas,V002,3,1890.0,3145.8,5386.5,45,2240.7
VND005486,2026-02-11,P005,Moveis Domesticos,Sala,V006,2,1350.0,1540.8,2619.0,45,1078.2
VND005487,2026-02-11,P003,Moveis Domesticos,Dormitorio,V004,1,2723.76,1605.0,2451.38,15,846.3800000000001
VND005488,2026-02-11,P003,Moveis Domesticos,Dormitorio,V004,1,2583.36,1605.0,2325.02,0,720.02
VND005489,2026-02-12,P005,Moveis Domesticos,Sala,V008,1,1282.5,770.4,1308.15,7,537.7500000000001
VND005490,2026-02-12,P010,Moveis Comerciais,Armazenagem,V002,3,2566.62,4494.0,7314.87,30,2820.87
VND005491,2026-02-12,P009,Moveis Comerciais,Mesas,V003,6,1795.5,6291.6,11096.19,30,4804.59
VND005492,2026-02-12,P001,Moveis Domesticos,Estofados,V004,3,1938.06,3531.0,5232.76,15,1701.7600000000002
VND005493,2026-02-12,P013,Moveis Comerciais,Mesas,V004,1,4085.64,2354.0,3677.08,30,1323.08
VND005494,2026-02-12,P004,Moveis Domesticos,Dormitorio,V006,3,3247.56,5938.5,9450.4,15,3511.8999999999996
VND005495,2026-02-12,P005,Moveis Domesticos,Sala,V006,1,1282.5,770.4,1244.02,30,473.62
VND005496,2026-02-12,P001,Moveis Domesticos,Estofados,V008,1,1938.06,1177.0,1976.82,30,799.8199999999999
VND005497,2026-02-12,P018,Servicos sob Demanda,Projetos,V005,1,7123.68,2782.0,7836.05,0,5054.05
VND005498,2026-02-12,P006,Moveis Domesticos,Estofados,V003,1,1026.65,556.4,1057.45,45,501.05000000000007
VND005499,2026-02-12,P015,Servicos sob Demanda,Projetos,V006,1,8721.0,3745.0,8459.37,45,4714.370000000001
VND005500,2026-02-12,P008,Moveis Comerciais,Cadeiras,V008,2,1242.0,1369.6,2533.68,60,1164.08
VND005501,2026-02-13,P004,Moveis Domesticos,Dormitorio,V004,1,3247.56,1979.5,2922.8,0,943.3000000000002
VND005502,2026-02-13,P018,Servicos sob Demanda,Projetos,V004,1,6976.8,2782.0,6279.12,15,3497.12
VND005503,2026-02-13,P010,Moveis Comerciais,Armazenagem,V001,1,2566.62,1498.0,2771.95,30,1273.9499999999998
VND005504,2026-02-13,P010,Moveis Comerciais,Armazenagem,V008,3,2646.0,4494.0,8096.76,45,3602.76
VND005505,2026-02-13,P018,Servicos sob Demanda,Projetos,V002,3,6756.48,8346.0,19255.97,30,10909.970000000001
VND005506,2026-02-13,P012,Moveis Comerciais,Estacoes,V007,1,5184.0,3049.5,5495.04,30,2445.54
VND005507,2026-02-13,P010,Moveis Comerciais,Armazenagem,V002,1,2646.0,1498.0,2513.7,30,1015.6999999999998
VND005508,2026-02-13,P006,Moveis Domesticos,Estofados,V001,2,1005.48,1112.8,2171.84,30,1059.0400000000002
VND005509,2026-02-13,P011,Moveis Comerciais,Atendimento,V008,1,3352.32,1979.5,3419.37,45,1439.87
VND005510,2026-02-13,P002,Moveis Domesticos,Mesas,V005,4,2304.72,5350.0,10140.77,7,4790.77
VND005511,2026-02-13,P008,Moveis Comerciais,Cadeiras,V003,4,1142.64,2739.2,4707.68,30,1968.4800000000005
VND005512,2026-02-14,P001,Moveis Domesticos,Estofados,V008,2,1898.1,2354.0,3872.12,0,1518.12
VND005513,2026-02-14,P006,Moveis Domesticos,Estofados,V001,2,1005.48,1112.8,2171.84,7,1059.0400000000002
VND005514,2026-02-14,P007,Moveis Domesticos,Escritorio,V003,1,1341.36,813.2,1381.6,30,568.3999999999999
VND005515,2026-02-14,P002,Moveis Domesticos,Mesas,V002,4,2376.0,5350.0,9028.8,60,3678.7999999999993
VND005516,2026-02-15,P018,Servicos sob Demanda,Projetos,V007,1,6976.8,2782.0,7395.41,45,4613.41
VND005517,2026-02-15,P003,Moveis Domesticos,Dormitorio,V006,1,2723.76,1605.0,2642.05,45,1037.0500000000002
VND005518,2026-02-15,P008,Moveis Comerciais,Cadeiras,V005,1,1242.0,684.8,1366.2,30,681.4000000000001
VND005519,2026-02-15,P016,Servicos sob Demanda,Projetos,V002,3,12420.0,16692.0,35397.0,0,18705.0
VND005520,2026-02-16,P003,Moveis Domesticos,Dormitorio,V002,1,2808.0,1605.0,2667.6,0,1062.6
VND005521,2026-02-16,P015,Servicos sob Demanda,Projetos,V007,1,8721.0,3745.0,9244.26,30,5499.26
VND005522,2026-02-16,P004,Moveis Domesticos,Dormitorio,V004,2,3247.56,3959.0,5845.61,7,1886.6099999999997
VND005523,2026-02-16,P007,Moveis Domesticos,Escritorio,V001,1,1458.0,813.2,1574.64,15,761.44
VND005524,2026-02-16,P017,Servicos sob Demanda,Consultoria,V004,3,2872.8,2889.0,7756.56,60,4867.56
VND005525,2026-02-16,P007,Moveis Domesticos,Escritorio,V008,1,1458.0,813.2,1487.16,0,673.96
VND005526,2026-02-16,P008,Moveis Comerciais,Cadeiras,V003,1,1242.0,684.8,1279.26,0,594.46
VND005527,2026-02-16,P018,Servicos sob Demanda,Projetos,V007,1,6976.8,2782.0,7395.41,45,4613.41
VND005528,2026-02-16,P015,Servicos sob Demanda,Projetos,V007,1,8721.0,3745.0,9244.26,45,5499.26
VND005529,2026-02-17,P001,Moveis Domesticos,Estofados,V006,1,1998.0,1177.0,1938.06,30,761.06
VND005530,2026-02-17,P004,Moveis Domesticos,Dormitorio,V001,1,3180.6,1979.5,3435.05,30,1455.5500000000002
VND005531,2026-02-17,P008,Moveis Comerciais,Cadeiras,V003,1,1242.0,684.8,1279.26,45,594.46
VND005532,2026-02-17,P009,Moveis Comerciais,Mesas,V003,2,1738.8,2097.2,3581.93,30,1484.73
VND005533,2026-02-17,P009,Moveis Comerciais,Mesas,V006,2,1890.0,2097.2,3666.6,7,1569.4
VND005534,2026-02-17,P001,Moveis Domesticos,Estofados,V003,1,1838.16,1177.0,1893.3,7,716.3
VND005535,2026-02-17,P018,Servicos sob Demanda,Projetos,V007,1,7344.0,2782.0,7784.64,15,5002.64
VND005536,2026-02-18,P005,Moveis Domesticos,Sala,V002,2,1309.5,1540.8,2488.05,45,947.2500000000002
VND005537,2026-02-18,P003,Moveis Domesticos,Dormitorio,V007,2,2808.0,3210.0,5952.96,0,2742.96
VND005538,2026-02-18,P008,Moveis Comerciais,Cadeiras,V001,2,1242.0,1369.6,2682.72,45,1313.12
VND005539,2026-02-18,P006,Moveis Domesticos,Estofados,V006,1,1005.48,556.4,975.32,60,418.9200000000001
VND005540,2026-02-18,P006,Moveis Domesticos,Estofados,V005,2,1026.65,1112.8,2258.63,0,1145.8300000000002
VND005541,2026-02-18,P013,Moveis Comerciais,Mesas,V002,2,4085.64,4708.0,7762.72,30,3054.7200000000003
VND005542,2026-02-18,P010,Moveis Comerciais,Armazenagem,V006,3,2646.0,4494.0,7699.86,30,3205.8599999999997
VND005543,2026-02-18,P008,Moveis Comerciais,Cadeiras,V001,5,1242.0,3424.0,6706.8,45,3282.8
VND005544,2026-02-18,P001,Moveis Domesticos,Estofados,V007,3,1898.1,3531.0,6035.96,0,2504.96
VND005545,2026-02-18,P004,Moveis Domesticos,Dormitorio,V002,4,3247.56,7918.0,12340.73,0,4422.73
VND005546,2026-02-18,P007,Moveis Domesticos,Escritorio,V006,1,1458.0,813.2,1414.26,7,601.06
VND005547,2026-02-18,P001,Moveis Domesticos,Estofados,V008,1,1998.0,1177.0,2037.96,45,860.96
VND005548,2026-02-18,P010,Moveis Comerciais,Armazenagem,V007,1,2566.62,1498.0,2720.62,30,1222.62
VND005549,2026-02-18,P004,Moveis Domesticos,Dormitorio,V007,1,3348.0,1979.5,3548.88,0,1569.38
VND005550,2026-02-19,P012,Moveis Comerciais,Estacoes,V004,3,4924.8,9148.5,13296.96,0,4148.459999999999
VND005551,2026-02-19,P006,Moveis Domesticos,Estofados,V006,2,973.73,1112.8,1889.04,30,776.24
VND005552,2026-02-19,P008,Moveis Comerciais,Cadeiras,V008,1,1142.64,684.8,1165.49,7,480.69000000000005
VND005553,2026-02-19,P005,Moveis Domesticos,Sala,V003,3,1350.0,2311.2,4171.5,7,1860.3000000000002
VND005554,2026-02-19,P011,Moveis Comerciais,Atendimento,V008,1,3283.2,1979.5,3348.86,7,1369.3600000000001
VND005555,2026-02-19,P013,Moveis Comerciais,Mesas,V006,1,4212.0,2354.0,4085.64,60,1731.6399999999999
VND005556,2026-02-19,P006,Moveis Domesticos,Estofados,V006,4,1005.48,2225.6,3901.26,30,1675.6600000000003
VND005557,2026-02-20,P006,Moveis Domesticos,Estofados,V005,2,1058.4,1112.8,2328.48,0,1215.68
VND005558,2026-02-20,P018,Servicos sob Demanda,Projetos,V007,5,6976.8,13910.0,36977.04,7,23067.04
VND005559,2026-02-20,P009,Moveis Comerciais,Mesas,V003,3,1890.0,3145.8,5840.1,45,2694.3
VND005560,2026-02-20,P006,Moveis Domesticos,Estofados,V008,1,1058.4,556.4,1079.57,0,523.17
VND005561,2026-02-20,P009,Moveis Comerciais,Mesas,V001,1,1890.0,1048.6,2041.2,15,992.6000000000001
VND005562,2026-02-20,P015,Servicos sob Demanda,Projetos,V006,1,8445.6,3745.0,8192.23,15,4447.23
VND005563,2026-02-20,P007,Moveis Domesticos,Escritorio,V004,4,1385.1,3252.8,4986.36,60,1733.5599999999995
VND005564,2026-02-21,P008,Moveis Comerciais,Cadeiras,V006,4,1242.0,2739.2,4818.96,45,2079.76
VND005565,2026-02-21,P004,Moveis Domesticos,Dormitorio,V003,1,3348.0,1979.5,3448.44,60,1468.94
VND005566,2026-02-21,P006,Moveis Domesticos,Estofados,V004,1,1005.48,556.4,904.93,30,348.53
VND005567,2026-02-21,P017,Servicos sob Demanda,Consultoria,V001,1,3024.0,963.0,3265.92,30,2302.92
VND005568,2026-02-21,P013,Moveis Comerciais,Mesas,V002,1,4001.4,2354.0,3801.33,30,1447.33
VND005569,2026-02-21,P008,Moveis Comerciais,Cadeiras,V002,5,1179.9,3424.0,5604.52,0,2180.5200000000004
VND005570,2026-02-21,P008,Moveis Comerciais,Cadeiras,V008,2,1179.9,1369.6,2407.0,45,1037.4
VND005571,2026-02-21,P003,Moveis Domesticos,Dormitorio,V004,1,2808.0,1605.0,2527.2,30,922.1999999999998
VND005572,2026-02-21,P015,Servicos sob Demanda,Projetos,V001,3,9180.0,11235.0,29743.2,0,18508.2
VND005573,2026-02-21,P010,Moveis Comerciais,Armazenagem,V006,1,2566.62,1498.0,2489.62,0,991.6199999999999
VND005574,2026-02-22,P015,Servicos sob Demanda,Projetos,V005,2,8721.0,7490.0,19186.2,60,11696.2
VND005575,2026-02-22,P001,Moveis Domesticos,Estofados,V003,4,1838.16,4708.0,7573.22,15,2865.2200000000003
VND005576,2026-02-22,P008,Moveis Comerciais,Cadeiras,V005,1,1242.0,684.8,1366.2,45,681.4000000000001
VND005577,2026-02-22,P006,Moveis Domesticos,Estofados,V002,4,973.73,2225.6,3700.17,15,1474.5700000000002
VND005578,2026-02-22,P016,Servicos sob Demanda,Projetos,V002,1,13500.0,5564.0,12825.0,30,7261.0
VND005579,2026-02-22,P007,Moveis Domesticos,Escritorio,V005,4,1414.26,3252.8,6222.74,7,2969.9399999999996
VND005580,2026-02-22,P008,Moveis Comerciais,Cadeiras,V007,1,1242.0,684.8,1316.52,0,631.72
VND005581,2026-02-22,P011,Moveis Comerciais,Atendimento,V004,1,3352.32,1979.5,3017.09,7,1037.5900000000001
VND005582,2026-02-22,P016,Servicos sob Demanda,Projetos,V001,2,13500.0,11128.0,29160.0,45,18032.0
VND005583,2026-02-22,P003,Moveis Domesticos,Dormitorio,V003,2,2583.36,3210.0,5321.72,0,2111.7200000000003
VND005584,2026-02-22,P004,Moveis Domesticos,Dormitorio,V008,1,3247.56,1979.5,3312.51,15,1333.0100000000002
VND005585,2026-02-23,P005,Moveis Domesticos,Sala,V006,1,1350.0,770.4,1309.5,45,539.1
VND005586,2026-02-23,P004,Moveis Domesticos,Dormitorio,V001,4,3348.0,7918.0,14463.36,30,6545.360000000001
VND005587,2026-02-23,P002,Moveis Domesticos,Mesas,V005,3,2304.72,4012.5,7605.58,0,3593.08
VND005588,2026-02-23,P004,Moveis Domesticos,Dormitorio,V005,1,3348.0,1979.5,3682.8,30,1703.3000000000002
VND005589,2026-02-23,P009,Moveis Comerciais,Mesas,V003,3,1890.0,3145.8,5840.1,30,2694.3
VND005590,2026-02-23,P009,Moveis Comerciais,Mesas,V006,1,1890.0,1048.6,1833.3,45,784.7
VND005591,2026-02-23,P002,Moveis Domesticos,Mesas,V006,2,2185.92,2675.0,4240.68,30,1565.6800000000003
VND005592,2026-02-24,P006,Moveis Domesticos,Estofados,V008,2,1058.4,1112.8,2159.14,15,1046.34
VND005593,2026-02-24,P016,Servicos sob Demanda,Projetos,V005,1,13500.0,5564.0,14850.0,45,9286.0
VND005594,2026-02-24,P010,Moveis Comerciais,Armazenagem,V008,5,2513.7,7490.0,12819.87,45,5329.870000000001
VND005595,2026-02-24,P012,Moveis Comerciais,Estacoes,V002,1,4924.8,3049.5,4678.56,0,1629.0600000000004
VND005596,2026-02-24,P002,Moveis Domesticos,Mesas,V004,1,2376.0,1337.5,2138.4,30,800.9000000000001
VND005597,2026-02-24,P018,Servicos sob Demanda,Projetos,V006,1,7344.0,2782.0,7123.68,45,4341.68
VND005598,2026-02-24,P004,Moveis Domesticos,Dormitorio,V002,1,3348.0,1979.5,3180.6,0,1201.1
VND005599,2026-02-24,P011,Moveis Comerciais,Atendimento,V002,1,3456.0,1979.5,3283.2,60,1303.6999999999998
VND005600,2026-02-24,P012,Moveis Comerciais,Estacoes,V006,3,4924.8,9148.5,14331.17,0,5182.67
VND005601,2026-02-24,P007,Moveis Domesticos,Escritorio,V005,2,1414.26,1626.4,3111.37,0,1484.9699999999998
VND005602,2026-02-25,P008,Moveis Comerciais,Cadeiras,V002,1,1179.9,684.8,1120.9,30,436.10000000000014
VND005603,2026-02-25,P006,Moveis Domesticos,Estofados,V002,2,973.73,1112.8,1850.09,7,737.29
VND005604,2026-02-25,P003,Moveis Domesticos,Dormitorio,V002,2,2808.0,3210.0,5335.2,60,2125.2
VND005605,2026-02-25,P002,Moveis Domesticos,Mesas,V001,4,2376.0,5350.0,10264.32,0,4914.32
VND005606,2026-02-25,P001,Moveis Domesticos,Estofados,V001,2,1938.06,2354.0,4186.21,30,1832.21
VND005607,2026-02-25,P003,Moveis Domesticos,Dormitorio,V008,1,2667.6,1605.0,2720.95,45,1115.9499999999998
VND005608,2026-02-25,P009,Moveis Comerciais,Mesas,V002,1,1833.3,1048.6,1741.63,15,693.0300000000002
VND005609,2026-02-25,P003,Moveis Domesticos,Dormitorio,V003,2,2808.0,3210.0,5784.48,60,2574.4799999999996
VND005610,2026-02-25,P004,Moveis Domesticos,Dormitorio,V002,2,3348.0,3959.0,6361.2,30,2402.2
VND005611,2026-02-26,P005,Moveis Domesticos,Sala,V008,1,1309.5,770.4,1335.69,45,565.2900000000001
VND005612,2026-02-26,P004,Moveis Domesticos,Dormitorio,V001,2,3348.0,3959.0,7231.68,30,3272.6800000000003
VND005613,2026-02-26,P013,Moveis Comerciais,Mesas,V008,1,4085.64,2354.0,4167.35,30,1813.3500000000004
VND005614,2026-02-26,P001,Moveis Domesticos,Estofados,V004,3,1898.1,3531.0,5124.87,15,1593.87
VND005615,2026-02-26,P007,Moveis Domesticos,Escritorio,V005,1,1458.0,813.2,1603.8,30,790.5999999999999
VND005616,2026-02-26,P007,Moveis Domesticos,Escritorio,V001,1,1458.0,813.2,1574.64,30,761.44
VND005617,2026-02-26,P001,Moveis Domesticos,Estofados,V003,1,1998.0,1177.0,2057.94,30,880.94
VND005618,2026-02-27,P005,Moveis Domesticos,Sala,V005,1,1350.0,770.4,1485.0,60,714.6
VND005619,2026-02-27,P002,Moveis Domesticos,Mesas,V007,4,2257.2,5350.0,9570.53,30,4220.530000000001
VND005620,2026-02-27,P001,Moveis Domesticos,Estofados,V007,1,1998.0,1177.0,2117.88,0,940.8800000000001
VND005621,2026-02-27,P008,Moveis Comerciais,Cadeiras,V007,4,1242.0,2739.2,5266.08,15,2526.88
VND005622,2026-02-27,P017,Servicos sob Demanda,Consultoria,V007,1,2933.28,963.0,3109.28,30,2146.28
VND005623,2026-02-27,P007,Moveis Domesticos,Escritorio,V002,1,1385.1,813.2,1315.84,15,502.6399999999999
VND005624,2026-02-28,P006,Moveis Domesticos,Estofados,V003,1,1026.65,556.4,1057.45,45,501.05000000000007
VND005625,2026-02-28,P005,Moveis Domesticos,Sala,V001,2,1350.0,1540.8,2916.0,30,1375.2
VND005626,2026-02-28,P006,Moveis Domesticos,Estofados,V005,1,1058.4,556.4,1164.24,30,607.84
VND005627,2026-02-28,P006,Moveis Domesticos,Estofados,V008,1,1005.48,556.4,1025.59,0,469.18999999999994
VND005628,2026-02-28,P008,Moveis Comerciais,Cadeiras,V003,4,1204.74,2739.2,4963.53,30,2224.33
VND005629,2026-02-28,P002,Moveis Domesticos,Mesas,V004,2,2376.0,2675.0,4276.8,15,1601.8000000000002
VND005630,2026-02-28,P008,Moveis Comerciais,Cadeiras,V001,1,1179.9,684.8,1274.29,7,589.49
VND005631,2026-02-28,P012,Moveis Comerciais,Estacoes,V003,2,4769.28,6099.0,9824.72,0,3725.7199999999993
VND005632,2026-02-28,P002,Moveis Domesticos,Mesas,V003,1,2376.0,1337.5,2447.28,30,1109.7800000000002
VND005633,2026-02-28,P009,Moveis Comerciais,Mesas,V003,2,1890.0,2097.2,3893.4,0,1796.2000000000003
VND005634,2026-03-01,P007,Moveis Domesticos,Escritorio,V003,2,1458.0,1626.4,3003.48,7,1377.08
VND005635,2026-03-01,P005,Moveis Domesticos,Sala,V005,2,1242.0,1540.8,2732.4,15,1191.6000000000001
VND005636,2026-03-01,P018,Servicos sob Demanda,Projetos,V006,1,6976.8,2782.0,6767.5,7,3985.5
VND005637,2026-03-01,P008,Moveis Comerciais,Cadeiras,V008,1,1179.9,684.8,1203.5,30,518.7
VND005638,2026-03-01,P017,Servicos sob Demanda,Consultoria,V003,1,2782.08,963.0,2865.54,30,1902.54
VND005639,2026-03-02,P003,Moveis Domesticos,Dormitorio,V002,1,2667.6,1605.0,2534.22,0,929.2199999999998
VND005640,2026-03-02,P001,Moveis Domesticos,Estofados,V007,1,1898.1,1177.0,2011.99,45,834.99
VND005641,2026-03-02,P003,Moveis Domesticos,Dormitorio,V007,4,2667.6,6420.0,11310.62,45,4890.620000000001
VND005642,2026-03-02,P013,Moveis Comerciais,Mesas,V003,1,4001.4,2354.0,4121.44,0,1767.4399999999996
VND005643,2026-03-02,P013,Moveis Comerciais,Mesas,V001,1,4085.64,2354.0,4412.49,45,2058.49
VND005644,2026-03-02,P002,Moveis Domesticos,Mesas,V006,4,2376.0,5350.0,9218.88,45,3868.879999999999
VND005645,2026-03-02,P001,Moveis Domesticos,Estofados,V008,1,1898.1,1177.0,1936.06,30,759.06
VND005646,2026-03-02,P001,Moveis Domesticos,Estofados,V005,1,1938.06,1177.0,2131.87,0,954.8699999999999
VND005647,2026-03-02,P010,Moveis Comerciais,Armazenagem,V003,2,2646.0,2996.0,5450.76,7,2454.76
VND005648,2026-03-02,P004,Moveis Domesticos,Dormitorio,V001,2,3180.6,3959.0,6870.1,0,2911.1000000000004
VND005649,2026-03-02,P013,Moveis Comerciais,Mesas,V004,1,4212.0,2354.0,3790.8,7,1436.8000000000002
VND005650,2026-03-02,P002,Moveis Domesticos,Mesas,V007,4,2304.72,5350.0,9772.01,45,4422.01
VND005651,2026-03-02,P001,Moveis Domesticos,Estofados,V002,1,1938.06,1177.0,1841.16,15,664.1600000000001
VND005652,2026-03-03,P013,Moveis Comerciais,Mesas,V007,3,4001.4,7062.0,12724.45,7,5662.450000000001
VND005653,2026-03-03,P001,Moveis Domesticos,Estofados,V001,1,1998.0,1177.0,2157.84,0,980.8400000000001
VND005654,2026-03-03,P015,Servicos sob Demanda,Projetos,V005,2,8904.6,7490.0,19590.12,0,12100.119999999999
VND005655,2026-03-03,P009,Moveis Comerciais,Mesas,V004,1,1890.0,1048.6,1701.0,7,652.4000000000001
VND005656,2026-03-03,P006,Moveis Domesticos,Estofados,V008,1,973.73,556.4,993.2,0,436.80000000000007
VND005657,2026-03-03,P002,Moveis Domesticos,Mesas,V003,1,2304.72,1337.5,2373.86,45,1036.3600000000001
VND005658,2026-03-03,P014,Servicos sob Demanda,Projetos,V005,1,5166.72,2247.0,5683.39,45,3436.3900000000003
VND005659,2026-03-03,P010,Moveis Comerciais,Armazenagem,V008,2,2646.0,2996.0,5397.84,30,2401.84
VND005660,2026-03-03,P009,Moveis Comerciais,Mesas,V001,1,1738.8,1048.6,1877.9,0,829.3000000000002
VND005661,2026-03-03,P005,Moveis Domesticos,Sala,V006,2,1282.5,1540.8,2488.05,0,947.2500000000002
VND005662,2026-03-04,P007,Moveis Domesticos,Escritorio,V004,1,1414.26,813.2,1272.83,15,459.6299999999999
VND005663,2026-03-04,P016,Servicos sob Demanda,Projetos,V003,3,13500.0,16692.0,41715.0,45,25023.0
VND005664,2026-03-04,P015,Servicos sob Demanda,Projetos,V002,1,9180.0,3745.0,8721.0,15,4976.0
VND005665,2026-03-04,P015,Servicos sob Demanda,Projetos,V008,1,9180.0,3745.0,9363.6,15,5618.6
VND005666,2026-03-04,P001,Moveis Domesticos,Estofados,V006,3,1938.06,3531.0,5639.75,45,2108.75
VND005667,2026-03-04,P009,Moveis Comerciais,Mesas,V002,1,1890.0,1048.6,1795.5,60,746.9000000000001
VND005668,2026-03-04,P009,Moveis Comerciais,Mesas,V004,2,1738.8,2097.2,3129.84,15,1032.6400000000003
VND005669,2026-03-04,P008,Moveis Comerciais,Cadeiras,V003,1,1179.9,684.8,1215.3,60,530.5
VND005670,2026-03-05,P001,Moveis Domesticos,Estofados,V001,1,1898.1,1177.0,2049.95,45,872.9499999999998
VND005671,2026-03-05,P005,Moveis Domesticos,Sala,V001,2,1350.0,1540.8,2916.0,0,1375.2
VND005672,2026-03-05,P007,Moveis Domesticos,Escritorio,V006,1,1341.36,813.2,1301.12,15,487.91999999999985
VND005673,2026-03-05,P009,Moveis Comerciais,Mesas,V003,1,1890.0,1048.6,1946.7,30,898.1000000000001
VND005674,2026-03-05,P010,Moveis Comerciais,Armazenagem,V003,1,2566.62,1498.0,2643.62,15,1145.62
VND005675,2026-03-05,P009,Moveis Comerciais,Mesas,V007,2,1890.0,2097.2,4006.8,45,1909.6000000000004
VND005676,2026-03-05,P007,Moveis Domesticos,Escritorio,V006,1,1458.0,813.2,1414.26,15,601.06
VND005677,2026-03-06,P013,Moveis Comerciais,Mesas,V006,1,4001.4,2354.0,3881.36,30,1527.3600000000001
VND005678,2026-03-06,P005,Moveis Domesticos,Sala,V004,1,1350.0,770.4,1215.0,7,444.6
VND005679,2026-03-06,P013,Moveis Comerciais,Mesas,V001,1,4212.0,2354.0,4548.96,30,2194.96
VND005680,2026-03-06,P008,Moveis Comerciais,Cadeiras,V001,3,1179.9,2054.4,3822.88,15,1768.48
VND005681,2026-03-06,P011,Moveis Comerciais,Atendimento,V008,2,3352.32,3959.0,6838.73,60,2879.7299999999996
VND005682,2026-03-07,P014,Servicos sob Demanda,Projetos,V005,1,5447.52,2247.0,5992.27,0,3745.2700000000004
VND005683,2026-03-07,P011,Moveis Comerciais,Atendimento,V001,2,3283.2,3959.0,7091.71,30,3132.71
VND005684,2026-03-07,P007,Moveis Domesticos,Escritorio,V006,2,1458.0,1626.4,2828.52,15,1202.12
VND005685,2026-03-07,P014,Servicos sob Demanda,Projetos,V001,2,5616.0,4494.0,12130.56,15,7636.5599999999995
VND005686,2026-03-07,P006,Moveis Domesticos,Estofados,V001,1,1005.48,556.4,1085.92,60,529.5200000000001
VND005687,2026-03-07,P002,Moveis Domesticos,Mesas,V006,1,2185.92,1337.5,2120.34,60,782.8400000000001
VND005688,2026-03-07,P007,Moveis Domesticos,Escritorio,V008,2,1385.1,1626.4,2825.6,30,1199.1999999999998
VND005689,2026-03-07,P013,Moveis Comerciais,Mesas,V006,2,4212.0,4708.0,8171.28,15,3463.2799999999997
VND005690,2026-03-07,P003,Moveis Domesticos,Dormitorio,V007,3,2667.6,4815.0,8482.97,45,3667.9699999999993
VND005691,2026-03-08,P008,Moveis Comerciais,Cadeiras,V003,1,1204.74,684.8,1240.88,45,556.0800000000002
VND005692,2026-03-08,P009,Moveis Comerciais,Mesas,V004,3,1833.3,3145.8,4949.91,7,1804.1099999999997
VND005693,2026-03-08,P018,Servicos sob Demanda,Projetos,V007,2,6976.8,5564.0,14790.82,30,9226.82
VND005694,2026-03-08,P011,Moveis Comerciais,Atendimento,V002,1,3352.32,1979.5,3184.7,7,1205.1999999999998
VND005695,2026-03-08,P009,Moveis Comerciais,Mesas,V001,1,1890.0,1048.6,2041.2,60,992.6000000000001
VND005696,2026-03-08,P008,Moveis Comerciais,Cadeiras,V005,4,1242.0,2739.2,5464.8,30,2725.6000000000004
VND005697,2026-03-08,P014,Servicos sob Demanda,Projetos,V008,1,5616.0,2247.0,5728.32,45,3481.3199999999997
VND005698,2026-03-09,P008,Moveis Comerciais,Cadeiras,V008,1,1242.0,684.8,1266.84,60,582.04
VND005699,2026-03-09,P012,Moveis Comerciais,Estacoes,V007,1,5028.48,3049.5,5330.19,15,2280.6899999999996
VND005700,2026-03-09,P005,Moveis Domesticos,Sala,V002,1,1282.5,770.4,1218.38,30,447.98000000000013
VND005701,2026-03-09,P006,Moveis Domesticos,Estofados,V008,3,1058.4,1669.2,3238.7,45,1569.4999999999998
VND005702,2026-03-09,P004,Moveis Domesticos,Dormitorio,V001,2,3348.0,3959.0,7231.68,15,3272.6800000000003
VND005703,2026-03-09,P018,Servicos sob Demanda,Projetos,V006,1,7344.0,2782.0,7123.68,7,4341.68
VND005704,2026-03-09,P009,Moveis Comerciais,Mesas,V002,1,1738.8,1048.6,1651.86,15,603.26
VND005705,2026-03-09,P014,Servicos sob Demanda,Projetos,V003,1,5447.52,2247.0,5610.95,30,3363.95
VND005706,2026-03-10,P011,Moveis Comerciais,Atendimento,V003,3,3456.0,5938.5,10679.04,15,4740.540000000001
VND005707,2026-03-10,P010,Moveis Comerciais,Armazenagem,V001,1,2566.62,1498.0,2771.95,30,1273.9499999999998
VND005708,2026-03-10,P010,Moveis Comerciais,Armazenagem,V002,2,2566.62,2996.0,4876.58,45,1880.58
VND005709,2026-03-10,P011,Moveis Comerciais,Atendimento,V003,1,3283.2,1979.5,3381.7,7,1402.1999999999998
VND005710,2026-03-10,P002,Moveis Domesticos,Mesas,V003,4,2304.72,5350.0,9495.45,30,4145.450000000001
VND005711,2026-03-10,P001,Moveis Domesticos,Estofados,V001,2,1998.0,2354.0,4315.68,0,1961.6800000000003
VND005712,2026-03-10,P009,Moveis Comerciais,Mesas,V003,3,1833.3,3145.8,5664.9,30,2519.0999999999995
VND005713,2026-03-10,P005,Moveis Domesticos,Sala,V005,1,1309.5,770.4,1440.45,30,670.0500000000001
VND005714,2026-03-11,P005,Moveis Domesticos,Sala,V003,1,1350.0,770.4,1390.5,0,620.1
VND005715,2026-03-11,P017,Servicos sob Demanda,Consultoria,V005,4,2782.08,3852.0,12241.15,15,8389.15
VND005716,2026-03-11,P015,Servicos sob Demanda,Projetos,V004,1,9180.0,3745.0,8262.0,45,4517.0
VND005717,2026-03-11,P008,Moveis Comerciais,Cadeiras,V002,4,1179.9,2739.2,4483.62,30,1744.42
VND005718,2026-03-11,P001,Moveis Domesticos,Estofados,V006,1,1838.16,1177.0,1783.02,30,606.02
VND005719,2026-03-11,P009,Moveis Comerciais,Mesas,V006,1,1833.3,1048.6,1778.3,30,729.7
VND005720,2026-03-11,P002,Moveis Domesticos,Mesas,V007,1,2304.72,1337.5,2443.0,15,1105.5
VND005721,2026-03-11,P001,Moveis Domesticos,Estofados,V002,1,1938.06,1177.0,1841.16,0,664.1600000000001
VND005722,2026-03-11,P009,Moveis Comerciais,Mesas,V005,1,1890.0,1048.6,2079.0,15,1030.4
VND005723,2026-03-11,P013,Moveis Comerciais,Mesas,V003,1,3875.04,2354.0,3991.29,45,1637.29
VND005724,2026-03-11,P018,Servicos sob Demanda,Projetos,V005,1,7344.0,2782.0,8078.4,0,5296.4
VND005725,2026-03-12,P012,Moveis Comerciais,Estacoes,V006,1,5184.0,3049.5,5028.48,15,1978.9799999999996
VND005726,2026-03-12,P003,Moveis Domesticos,Dormitorio,V003,5,2667.6,8025.0,13738.14,0,5713.139999999999
VND005727,2026-03-12,P003,Moveis Domesticos,Dormitorio,V003,1,2667.6,1605.0,2747.63,45,1142.63
VND005728,2026-03-12,P006,Moveis Domesticos,Estofados,V005,1,1058.4,556.4,1164.24,60,607.84
VND005729,2026-03-12,P007,Moveis Domesticos,Escritorio,V007,2,1414.26,1626.4,2998.23,30,1371.83
VND005730,2026-03-12,P010,Moveis Comerciais,Armazenagem,V007,2,2646.0,2996.0,5609.52,45,2613.5200000000004
VND005731,2026-03-12,P005,Moveis Domesticos,Sala,V003,1,1309.5,770.4,1348.78,30,578.38
VND005732,2026-03-13,P010,Moveis Comerciais,Armazenagem,V005,1,2646.0,1498.0,2910.6,0,1412.6
VND005733,2026-03-13,P015,Servicos sob Demanda,Projetos,V007,1,8904.6,3745.0,9438.88,60,5693.879999999999
VND005734,2026-03-13,P016,Servicos sob Demanda,Projetos,V004,2,12825.0,11128.0,23085.0,0,11957.0
VND005735,2026-03-13,P002,Moveis Domesticos,Mesas,V001,1,2376.0,1337.5,2566.08,0,1228.58
VND005736,2026-03-13,P018,Servicos sob Demanda,Projetos,V002,1,7344.0,2782.0,6976.8,7,4194.8
VND005737,2026-03-13,P008,Moveis Comerciais,Cadeiras,V008,3,1242.0,2054.4,3800.52,60,1746.12
VND005738,2026-03-13,P014,Servicos sob Demanda,Projetos,V004,1,5335.2,2247.0,4801.68,45,2554.6800000000003
VND005739,2026-03-13,P013,Moveis Comerciais,Mesas,V003,2,4212.0,4708.0,8676.72,30,3968.7199999999993
VND005740,2026-03-13,P011,Moveis Comerciais,Atendimento,V008,1,3179.52,1979.5,3243.11,15,1263.6100000000001
VND005741,2026-03-14,P005,Moveis Domesticos,Sala,V001,2,1350.0,1540.8,2916.0,30,1375.2
VND005742,2026-03-14,P011,Moveis Comerciais,Atendimento,V007,1,3456.0,1979.5,3663.36,0,1683.8600000000001
VND005743,2026-03-14,P017,Servicos sob Demanda,Consultoria,V004,1,3024.0,963.0,2721.6,30,1758.6
VND005744,2026-03-14,P010,Moveis Comerciais,Armazenagem,V003,1,2513.7,1498.0,2589.11,60,1091.1100000000001
VND005745,2026-03-14,P018,Servicos sob Demanda,Projetos,V003,1,7123.68,2782.0,7337.39,45,4555.39
VND005746,2026-03-14,P001,Moveis Domesticos,Estofados,V008,4,1898.1,4708.0,7744.25,15,3036.25
VND005747,2026-03-14,P013,Moveis Comerciais,Mesas,V006,1,4001.4,2354.0,3881.36,0,1527.3600000000001
VND005748,2026-03-14,P014,Servicos sob Demanda,Projetos,V003,2,5447.52,4494.0,11221.89,0,6727.889999999999
VND005749,2026-03-14,P001,Moveis Domesticos,Estofados,V002,1,1938.06,1177.0,1841.16,45,664.1600000000001
VND005750,2026-03-14,P018,Servicos sob Demanda,Projetos,V002,1,6976.8,2782.0,6627.96,30,3845.96
VND005751,2026-03-15,P004,Moveis Domesticos,Dormitorio,V003,2,3180.6,3959.0,6552.04,30,2593.04
VND005752,2026-03-15,P004,Moveis Domesticos,Dormitorio,V003,1,3180.6,1979.5,3276.02,60,1296.52
VND005753,2026-03-15,P005,Moveis Domesticos,Sala,V005,1,1350.0,770.4,1485.0,0,714.6
VND005754,2026-03-15,P002,Moveis Domesticos,Mesas,V007,1,2376.0,1337.5,2518.56,45,1181.06
VND005755,2026-03-15,P010,Moveis Comerciais,Armazenagem,V007,1,2646.0,1498.0,2804.76,30,1306.7600000000002
VND005756,2026-03-15,P009,Moveis Comerciais,Mesas,V003,1,1795.5,1048.6,1849.36,30,800.76
VND005757,2026-03-15,P018,Servicos sob Demanda,Projetos,V006,1,7344.0,2782.0,7123.68,0,4341.68
VND005758,2026-03-16,P001,Moveis Domesticos,Estofados,V008,2,1998.0,2354.0,4075.92,30,1721.92
VND005759,2026-03-16,P011,Moveis Comerciais,Atendimento,V003,2,3352.32,3959.0,6905.78,30,2946.7799999999997
VND005760,2026-03-16,P009,Moveis Comerciais,Mesas,V004,1,1890.0,1048.6,1701.0,45,652.4000000000001
VND005761,2026-03-16,P009,Moveis Comerciais,Mesas,V005,1,1738.8,1048.6,1912.68,15,864.0800000000002
VND005762,2026-03-16,P013,Moveis Comerciais,Mesas,V006,1,4212.0,2354.0,4085.64,15,1731.6399999999999
VND005763,2026-03-16,P007,Moveis Domesticos,Escritorio,V001,2,1414.26,1626.4,3054.8,45,1428.4
VND005764,2026-03-16,P011,Moveis Comerciais,Atendimento,V001,2,3352.32,3959.0,7241.01,0,3282.01
VND005765,2026-03-16,P009,Moveis Comerciais,Mesas,V006,1,1833.3,1048.6,1778.3,0,729.7
VND005766,2026-03-17,P002,Moveis Domesticos,Mesas,V002,1,2376.0,1337.5,2257.2,7,919.6999999999998
VND005767,2026-03-17,P013,Moveis Comerciais,Mesas,V007,2,4001.4,4708.0,8482.97,15,3774.9699999999993
VND005768,2026-03-17,P018,Servicos sob Demanda,Projetos,V008,1,7123.68,2782.0,7266.15,30,4484.15
VND005769,2026-03-17,P014,Servicos sob Demanda,Projetos,V003,2,5335.2,4494.0,10990.51,30,6496.51
VND005770,2026-03-17,P003,Moveis Domesticos,Dormitorio,V001,2,2667.6,3210.0,5762.02,45,2552.0200000000004
VND005771,2026-03-17,P001,Moveis Domesticos,Estofados,V004,1,1998.0,1177.0,1798.2,7,621.2
VND005772,2026-03-17,P010,Moveis Comerciais,Armazenagem,V007,1,2646.0,1498.0,2804.76,30,1306.7600000000002
VND005773,2026-03-17,P006,Moveis Domesticos,Estofados,V005,1,1026.65,556.4,1129.32,30,572.92
VND005774,2026-03-18,P002,Moveis Domesticos,Mesas,V006,1,2376.0,1337.5,2304.72,0,967.2199999999998
VND005775,2026-03-18,P001,Moveis Domesticos,Estofados,V008,3,1998.0,3531.0,6113.88,60,2582.88
VND005776,2026-03-18,P004,Moveis Domesticos,Dormitorio,V007,1,3348.0,1979.5,3548.88,15,1569.38
VND005777,2026-03-18,P001,Moveis Domesticos,Estofados,V003,1,1998.0,1177.0,2057.94,45,880.94
VND005778,2026-03-18,P003,Moveis Domesticos,Dormitorio,V006,2,2808.0,3210.0,5447.52,7,2237.5200000000004
VND005779,2026-03-18,P001,Moveis Domesticos,Estofados,V008,2,1998.0,2354.0,4075.92,15,1721.92
VND005780,2026-03-18,P014,Servicos sob Demanda,Projetos,V003,1,5447.52,2247.0,5610.95,30,3363.95
VND005781,2026-03-18,P014,Servicos sob Demanda,Projetos,V001,1,5616.0,2247.0,6065.28,30,3818.2799999999997
VND005782,2026-03-19,P017,Servicos sob Demanda,Consultoria,V006,1,2933.28,963.0,2845.28,0,1882.2800000000002
VND005783,2026-03-19,P017,Servicos sob Demanda,Consultoria,V003,1,2933.28,963.0,3021.28,7,2058.28
VND005784,2026-03-19,P004,Moveis Domesticos,Dormitorio,V001,1,3080.16,1979.5,3326.57,15,1347.0700000000002
VND005785,2026-03-19,P015,Servicos sob Demanda,Projetos,V008,1,8721.0,3745.0,8895.42,30,5150.42
VND005786,2026-03-20,P002,Moveis Domesticos,Mesas,V006,1,2376.0,1337.5,2304.72,60,967.2199999999998
VND005787,2026-03-20,P011,Moveis Comerciais,Atendimento,V006,2,3352.32,3959.0,6503.5,30,2544.5
VND005788,2026-03-20,P002,Moveis Domesticos,Mesas,V006,2,2304.72,2675.0,4471.16,60,1796.1599999999999
VND005789,2026-03-20,P005,Moveis Domesticos,Sala,V001,1,1242.0,770.4,1341.36,0,570.9599999999999
VND005790,2026-03-20,P014,Servicos sob Demanda,Projetos,V008,1,5335.2,2247.0,5441.9,0,3194.8999999999996
VND005791,2026-03-20,P014,Servicos sob Demanda,Projetos,V003,1,5447.52,2247.0,5610.95,0,3363.95
VND005792,2026-03-20,P012,Moveis Comerciais,Estacoes,V007,1,5184.0,3049.5,5495.04,60,2445.54
VND005793,2026-03-20,P017,Servicos sob Demanda,Consultoria,V005,2,2933.28,1926.0,6453.22,45,4527.22
VND005794,2026-03-20,P006,Moveis Domesticos,Estofados,V007,2,1005.48,1112.8,2131.62,7,1018.8199999999999
VND005795,2026-03-20,P008,Moveis Comerciais,Cadeiras,V006,1,1179.9,684.8,1144.5,30,459.70000000000005
VND005796,2026-03-20,P017,Servicos sob Demanda,Consultoria,V008,1,2872.8,963.0,2930.26,0,1967.2600000000002
VND005797,2026-03-21,P002,Moveis Domesticos,Mesas,V004,1,2376.0,1337.5,2138.4,15,800.9000000000001
VND005798,2026-03-21,P008,Moveis Comerciais,Cadeiras,V006,1,1204.74,684.8,1168.6,60,483.79999999999995
VND005799,2026-03-21,P001,Moveis Domesticos,Estofados,V005,1,1898.1,1177.0,2087.91,0,910.9099999999999
VND005800,2026-03-21,P006,Moveis Domesticos,Estofados,V001,1,1005.48,556.4,1085.92,15,529.5200000000001
VND005801,2026-03-21,P017,Servicos sob Demanda,Consultoria,V004,5,2872.8,4815.0,12927.6,45,8112.6
VND005802,2026-03-21,P008,Moveis Comerciais,Cadeiras,V005,1,1242.0,684.8,1366.2,15,681.4000000000001
VND005803,2026-03-21,P012,Moveis Comerciais,Estacoes,V008,1,4769.28,3049.5,4864.67,45,1815.17
VND005804,2026-03-21,P016,Servicos sob Demanda,Projetos,V007,2,13500.0,11128.0,28620.0,0,17492.0
VND005805,2026-03-22,P008,Moveis Comerciais,Cadeiras,V006,1,1242.0,684.8,1204.74,60,519.94
VND005806,2026-03-22,P004,Moveis Domesticos,Dormitorio,V004,1,3247.56,1979.5,2922.8,15,943.3000000000002
VND005807,2026-03-22,P018,Servicos sob Demanda,Projetos,V004,1,6756.48,2782.0,6080.83,60,3298.83
VND005808,2026-03-22,P001,Moveis Domesticos,Estofados,V003,1,1998.0,1177.0,2057.94,30,880.94
VND005809,2026-03-22,P013,Moveis Comerciais,Mesas,V002,1,4212.0,2354.0,4001.4,15,1647.4
VND005810,2026-03-22,P006,Moveis Domesticos,Estofados,V004,2,1058.4,1112.8,1905.12,60,792.3199999999999
VND005811,2026-03-22,P014,Servicos sob Demanda,Projetos,V002,4,5616.0,8988.0,21340.8,45,12352.8
VND005812,2026-03-22,P007,Moveis Domesticos,Escritorio,V007,2,1341.36,1626.4,2843.68,30,1217.2799999999997
VND005813,2026-03-22,P015,Servicos sob Demanda,Projetos,V001,1,8721.0,3745.0,9418.68,45,5673.68
VND005814,2026-03-22,P012,Moveis Comerciais,Estacoes,V002,3,5028.48,9148.5,14331.17,30,5182.67
VND005815,2026-03-23,P008,Moveis Comerciais,Cadeiras,V006,1,1179.9,684.8,1144.5,15,459.70000000000005
VND005816,2026-03-23,P006,Moveis Domesticos,Estofados,V002,1,1026.65,556.4,975.32,7,418.9200000000001
VND005817,2026-03-23,P001,Moveis Domesticos,Estofados,V001,1,1998.0,1177.0,2157.84,30,980.8400000000001
VND005818,2026-03-23,P004,Moveis Domesticos,Dormitorio,V001,2,3348.0,3959.0,7231.68,15,3272.6800000000003
VND005819,2026-03-23,P015,Servicos sob Demanda,Projetos,V004,1,8721.0,3745.0,7848.9,0,4103.9
VND005820,2026-03-23,P005,Moveis Domesticos,Sala,V008,2,1309.5,1540.8,2671.38,30,1130.5800000000002
VND005821,2026-03-23,P006,Moveis Domesticos,Estofados,V007,3,1026.65,1669.2,3264.75,0,1595.55
VND005822,2026-03-23,P008,Moveis Comerciais,Cadeiras,V006,1,1204.74,684.8,1168.6,30,483.79999999999995
VND005823,2026-03-23,P014,Servicos sob Demanda,Projetos,V006,3,5616.0,6741.0,16342.56,0,9601.56
VND005824,2026-03-23,P014,Servicos sob Demanda,Projetos,V001,2,5616.0,4494.0,12130.56,0,7636.5599999999995
VND005825,2026-03-23,P015,Servicos sob Demanda,Projetos,V003,2,8904.6,7490.0,18343.48,0,10853.48
VND005826,2026-03-23,P011,Moveis Comerciais,Atendimento,V006,1,3456.0,1979.5,3352.32,30,1372.8200000000002
VND005827,2026-03-23,P018,Servicos sob Demanda,Projetos,V006,1,6976.8,2782.0,6767.5,45,3985.5
VND005828,2026-03-23,P001,Moveis Domesticos,Estofados,V007,3,1998.0,3531.0,6353.64,15,2822.6400000000003
VND005829,2026-03-23,P015,Servicos sob Demanda,Projetos,V005,5,9180.0,18725.0,50490.0,30,31765.0
VND005830,2026-03-23,P003,Moveis Domesticos,Dormitorio,V007,2,2583.36,3210.0,5476.72,7,2266.7200000000003
VND005831,2026-03-24,P004,Moveis Domesticos,Dormitorio,V003,1,3348.0,1979.5,3448.44,45,1468.94
VND005832,2026-03-24,P004,Moveis Domesticos,Dormitorio,V007,4,3247.56,7918.0,13769.65,15,5851.65
VND005833,2026-03-24,P016,Servicos sob Demanda,Projetos,V005,1,13500.0,5564.0,14850.0,15,9286.0
VND005834,2026-03-24,P012,Moveis Comerciais,Estacoes,V003,1,5184.0,3049.5,5339.52,15,2290.0200000000004
VND005835,2026-03-24,P004,Moveis Domesticos,Dormitorio,V005,1,3080.16,1979.5,3388.18,0,1408.6799999999998
VND005836,2026-03-24,P013,Moveis Comerciais,Mesas,V005,1,4001.4,2354.0,4401.54,15,2047.54
VND005837,2026-03-24,P001,Moveis Domesticos,Estofados,V004,3,1938.06,3531.0,5232.76,15,1701.7600000000002
VND005838,2026-03-24,P013,Moveis Comerciais,Mesas,V003,1,4085.64,2354.0,4208.21,7,1854.21
VND005839,2026-03-25,P002,Moveis Domesticos,Mesas,V002,1,2376.0,1337.5,2257.2,45,919.6999999999998
VND005840,2026-03-25,P009,Moveis Comerciais,Mesas,V008,1,1890.0,1048.6,1927.8,15,879.2
VND005841,2026-03-25,P011,Moveis Comerciais,Atendimento,V008,2,3456.0,3959.0,7050.24,15,3091.24
VND005842,2026-03-25,P011,Moveis Comerciais,Atendimento,V006,1,3283.2,1979.5,3184.7,45,1205.1999999999998
VND005843,2026-03-25,P009,Moveis Comerciais,Mesas,V007,1,1890.0,1048.6,2003.4,15,954.8000000000002
VND005844,2026-03-25,P004,Moveis Domesticos,Dormitorio,V001,2,3080.16,3959.0,6653.15,30,2694.1499999999996
VND005845,2026-03-25,P006,Moveis Domesticos,Estofados,V002,3,1026.65,1669.2,2925.95,30,1256.7499999999998
VND005846,2026-03-25,P004,Moveis Domesticos,Dormitorio,V007,3,3247.56,5938.5,10327.24,60,4388.74
VND005847,2026-03-25,P011,Moveis Comerciais,Atendimento,V002,1,3283.2,1979.5,3119.04,15,1139.54
VND005848,2026-03-25,P004,Moveis Domesticos,Dormitorio,V001,1,3247.56,1979.5,3507.36,30,1527.8600000000001
VND005849,2026-03-26,P008,Moveis Comerciais,Cadeiras,V006,2,1242.0,1369.6,2409.48,30,1039.88
VND005850,2026-03-26,P012,Moveis Comerciais,Estacoes,V001,1,4769.28,3049.5,5150.82,15,2101.3199999999997
VND005851,2026-03-26,P002,Moveis Domesticos,Mesas,V006,1,2376.0,1337.5,2304.72,30,967.2199999999998
VND005852,2026-03-26,P001,Moveis Domesticos,Estofados,V005,2,1938.06,2354.0,4263.73,30,1909.7299999999996
VND005853,2026-03-26,P018,Servicos sob Demanda,Projetos,V002,1,6756.48,2782.0,6418.66,30,3636.66
VND005854,2026-03-26,P001,Moveis Domesticos,Estofados,V004,5,1938.06,5885.0,8721.27,0,2836.2700000000004
VND005855,2026-03-26,P013,Moveis Comerciais,Mesas,V006,2,4212.0,4708.0,8171.28,60,3463.2799999999997
VND005856,2026-03-26,P007,Moveis Domesticos,Escritorio,V007,1,1341.36,813.2,1421.84,30,608.6399999999999
VND005857,2026-03-26,P010,Moveis Comerciais,Armazenagem,V007,4,2646.0,5992.0,11219.04,30,5227.040000000001
VND005858,2026-03-26,P004,Moveis Domesticos,Dormitorio,V003,3,3348.0,5938.5,10345.32,15,4406.82
VND005859,2026-03-26,P012,Moveis Comerciais,Estacoes,V005,1,5184.0,3049.5,5702.4,30,2652.8999999999996
VND005860,2026-03-26,P013,Moveis Comerciais,Mesas,V007,2,4212.0,4708.0,8929.44,0,4221.4400000000005
VND005861,2026-03-27,P014,Servicos sob Demanda,Projetos,V006,3,5616.0,6741.0,16342.56,0,9601.56
VND005862,2026-03-27,P005,Moveis Domesticos,Sala,V005,1,1282.5,770.4,1410.75,0,640.35
VND005863,2026-03-27,P006,Moveis Domesticos,Estofados,V005,2,1005.48,1112.8,2212.06,7,1099.26
VND005864,2026-03-27,P002,Moveis Domesticos,Mesas,V004,2,2376.0,2675.0,4276.8,30,1601.8000000000002
VND005865,2026-03-27,P005,Moveis Domesticos,Sala,V008,1,1282.5,770.4,1308.15,15,537.7500000000001
VND005866,2026-03-27,P005,Moveis Domesticos,Sala,V008,2,1350.0,1540.8,2754.0,30,1213.2
VND005867,2026-03-27,P006,Moveis Domesticos,Estofados,V006,1,973.73,556.4,944.52,15,388.12
VND005868,2026-03-27,P010,Moveis Comerciais,Armazenagem,V001,1,2566.62,1498.0,2771.95,30,1273.9499999999998
VND005869,2026-03-28,P018,Servicos sob Demanda,Projetos,V001,4,7344.0,11128.0,31726.08,45,20598.08
VND005870,2026-03-28,P011,Moveis Comerciais,Atendimento,V003,1,3352.32,1979.5,3452.89,30,1473.3899999999999
VND005871,2026-03-28,P008,Moveis Comerciais,Cadeiras,V002,1,1204.74,684.8,1144.5,7,459.70000000000005
VND005872,2026-03-28,P005,Moveis Domesticos,Sala,V003,1,1350.0,770.4,1390.5,30,620.1
VND005873,2026-03-28,P006,Moveis Domesticos,Estofados,V002,3,1058.4,1669.2,3016.44,30,1347.24
VND005874,2026-03-28,P002,Moveis Domesticos,Mesas,V003,4,2376.0,5350.0,9789.12,60,4439.120000000001
VND005875,2026-03-28,P006,Moveis Domesticos,Estofados,V004,1,1026.65,556.4,923.99,0,367.59000000000003
VND005876,2026-03-29,P001,Moveis Domesticos,Estofados,V003,4,1938.06,4708.0,7984.81,0,3276.8100000000004
VND005877,2026-03-29,P017,Servicos sob Demanda,Consultoria,V006,1,3024.0,963.0,2933.28,0,1970.2800000000002
VND005878,2026-03-29,P005,Moveis Domesticos,Sala,V003,3,1309.5,2311.2,4046.36,60,1735.1600000000003
VND005879,2026-03-29,P013,Moveis Comerciais,Mesas,V004,3,4001.4,7062.0,10803.78,45,3741.7800000000007
VND005880,2026-03-29,P012,Moveis Comerciais,Estacoes,V006,1,4924.8,3049.5,4777.06,15,1727.5600000000004
VND005881,2026-03-30,P008,Moveis Comerciais,Cadeiras,V005,1,1204.74,684.8,1325.21,0,640.4100000000001
VND005882,2026-03-30,P016,Servicos sob Demanda,Projetos,V001,3,12420.0,16692.0,40240.8,0,23548.800000000003
VND005883,2026-03-30,P002,Moveis Domesticos,Mesas,V001,1,2257.2,1337.5,2437.78,30,1100.2800000000002
VND005884,2026-03-30,P002,Moveis Domesticos,Mesas,V005,3,2185.92,4012.5,7213.54,0,3201.04
VND005885,2026-03-30,P003,Moveis Domesticos,Dormitorio,V001,1,2808.0,1605.0,3032.64,30,1427.6399999999999
VND005886,2026-03-30,P013,Moveis Comerciais,Mesas,V002,1,4212.0,2354.0,4001.4,15,1647.4
VND005887,2026-03-30,P018,Servicos sob Demanda,Projetos,V004,1,7344.0,2782.0,6609.6,30,3827.6000000000004
VND005888,2026-03-30,P009,Moveis Comerciais,Mesas,V003,2,1833.3,2097.2,3776.6,30,1679.4
VND005889,2026-03-30,P003,Moveis Domesticos,Dormitorio,V001,4,2808.0,6420.0,12130.56,15,5710.5599999999995
VND005890,2026-03-30,P004,Moveis Domesticos,Dormitorio,V002,2,3080.16,3959.0,5852.3,60,1893.3000000000002
VND005891,2026-03-30,P002,Moveis Domesticos,Mesas,V002,1,2185.92,1337.5,2076.62,30,739.1199999999999
VND005892,2026-03-30,P018,Servicos sob Demanda,Projetos,V005,2,7344.0,5564.0,16156.8,15,10592.8
VND005893,2026-03-31,P001,Moveis Domesticos,Estofados,V007,2,1998.0,2354.0,4235.76,15,1881.7600000000002
VND005894,2026-03-31,P008,Moveis Comerciais,Cadeiras,V006,3,1204.74,2054.4,3505.79,30,1451.3899999999999
VND005895,2026-03-31,P005,Moveis Domesticos,Sala,V005,3,1350.0,2311.2,4455.0,15,2143.8
VND005896,2026-03-31,P007,Moveis Domesticos,Escritorio,V005,5,1341.36,4066.0,7377.48,15,3311.4799999999996
VND005897,2026-03-31,P003,Moveis Domesticos,Dormitorio,V003,1,2667.6,1605.0,2747.63,45,1142.63
VND005898,2026-03-31,P010,Moveis Comerciais,Armazenagem,V003,2,2646.0,2996.0,5450.76,0,2454.76
VND005899,2026-04-01,P004,Moveis Domesticos,Dormitorio,V001,4,3247.56,7918.0,14029.46,30,6111.459999999999
VND005900,2026-04-01,P018,Servicos sob Demanda,Projetos,V007,2,7344.0,5564.0,15569.28,15,10005.28
VND005901,2026-04-01,P014,Servicos sob Demanda,Projetos,V004,1,5616.0,2247.0,5054.4,30,2807.3999999999996
VND005902,2026-04-01,P006,Moveis Domesticos,Estofados,V008,1,1005.48,556.4,1025.59,60,469.18999999999994
VND005903,2026-04-01,P012,Moveis Comerciais,Estacoes,V006,1,5028.48,3049.5,4877.63,60,1828.13
VND005904,2026-04-01,P013,Moveis Comerciais,Mesas,V004,2,4001.4,4708.0,7202.52,30,2494.5200000000004
VND005905,2026-04-01,P002,Moveis Domesticos,Mesas,V003,1,2257.2,1337.5,2324.92,0,987.4200000000001
VND005906,2026-04-01,P013,Moveis Comerciais,Mesas,V006,1,3875.04,2354.0,3758.79,60,1404.79
VND005907,2026-04-02,P006,Moveis Domesticos,Estofados,V006,1,1058.4,556.4,1026.65,7,470.2500000000001
VND005908,2026-04-02,P008,Moveis Comerciais,Cadeiras,V007,1,1204.74,684.8,1277.02,60,592.22
VND005909,2026-04-02,P013,Moveis Comerciais,Mesas,V007,1,4212.0,2354.0,4464.72,0,2110.7200000000003
VND005910,2026-04-02,P009,Moveis Comerciais,Mesas,V007,1,1890.0,1048.6,2003.4,15,954.8000000000002
VND005911,2026-04-02,P013,Moveis Comerciais,Mesas,V007,1,4085.64,2354.0,4330.78,30,1976.7799999999997
VND005912,2026-04-02,P001,Moveis Domesticos,Estofados,V008,1,1998.0,1177.0,2037.96,0,860.96
VND005913,2026-04-02,P011,Moveis Comerciais,Atendimento,V006,1,3456.0,1979.5,3352.32,45,1372.8200000000002
VND005914,2026-04-02,P008,Moveis Comerciais,Cadeiras,V003,1,1142.64,684.8,1176.92,15,492.1200000000001
VND005915,2026-04-02,P006,Moveis Domesticos,Estofados,V005,2,1058.4,1112.8,2328.48,15,1215.68
VND005916,2026-04-02,P003,Moveis Domesticos,Dormitorio,V002,1,2808.0,1605.0,2667.6,45,1062.6
VND005917,2026-04-03,P001,Moveis Domesticos,Estofados,V001,1,1898.1,1177.0,2049.95,15,872.9499999999998
VND005918,2026-04-03,P004,Moveis Domesticos,Dormitorio,V001,3,3080.16,5938.5,9979.72,45,4041.2199999999993
VND005919,2026-04-03,P010,Moveis Comerciais,Armazenagem,V004,1,2513.7,1498.0,2262.33,15,764.3299999999999
VND005920,2026-04-03,P005,Moveis Domesticos,Sala,V008,2,1242.0,1540.8,2533.68,30,992.8799999999999
VND005921,2026-04-03,P005,Moveis Domesticos,Sala,V006,1,1350.0,770.4,1309.5,30,539.1
VND005922,2026-04-03,P006,Moveis Domesticos,Estofados,V004,2,973.73,1112.8,1752.71,30,639.9100000000001
VND005923,2026-04-03,P010,Moveis Comerciais,Armazenagem,V002,1,2646.0,1498.0,2513.7,60,1015.6999999999998
VND005924,2026-04-03,P008,Moveis Comerciais,Cadeiras,V006,1,1179.9,684.8,1144.5,60,459.70000000000005
VND005925,2026-04-04,P009,Moveis Comerciais,Mesas,V008,2,1795.5,2097.2,3662.82,7,1565.6200000000003
VND005926,2026-04-04,P002,Moveis Domesticos,Mesas,V006,1,2376.0,1337.5,2304.72,30,967.2199999999998
VND005927,2026-04-04,P012,Moveis Comerciais,Estacoes,V006,1,4924.8,3049.5,4777.06,45,1727.5600000000004
VND005928,2026-04-04,P001,Moveis Domesticos,Estofados,V007,2,1998.0,2354.0,4235.76,30,1881.7600000000002
VND005929,2026-04-04,P003,Moveis Domesticos,Dormitorio,V005,1,2723.76,1605.0,2996.14,30,1391.1399999999999
VND005930,2026-04-04,P010,Moveis Comerciais,Armazenagem,V001,2,2513.7,2996.0,5429.59,15,2433.59
VND005931,2026-04-04,P013,Moveis Comerciais,Mesas,V001,3,4001.4,7062.0,12964.54,0,5902.540000000001
VND005932,2026-04-04,P010,Moveis Comerciais,Armazenagem,V005,1,2513.7,1498.0,2765.07,45,1267.0700000000002
VND005933,2026-04-05,P003,Moveis Domesticos,Dormitorio,V007,2,2583.36,3210.0,5476.72,0,2266.7200000000003
VND005934,2026-04-05,P006,Moveis Domesticos,Estofados,V001,2,1058.4,1112.8,2286.14,60,1173.34
VND005935,2026-04-05,P009,Moveis Comerciais,Mesas,V003,1,1890.0,1048.6,1946.7,30,898.1000000000001
VND005936,2026-04-05,P011,Moveis Comerciais,Atendimento,V001,1,3456.0,1979.5,3732.48,0,1752.98
VND005937,2026-04-05,P002,Moveis Domesticos,Mesas,V001,1,2185.92,1337.5,2360.79,0,1023.29
VND005938,2026-04-05,P013,Moveis Comerciais,Mesas,V002,1,4212.0,2354.0,4001.4,0,1647.4
VND005939,2026-04-05,P001,Moveis Domesticos,Estofados,V004,2,1898.1,2354.0,3416.58,15,1062.58
VND005940,2026-04-05,P002,Moveis Domesticos,Mesas,V001,1,2304.72,1337.5,2489.1,0,1151.6
VND005941,2026-04-05,P001,Moveis Domesticos,Estofados,V003,2,1998.0,2354.0,4115.88,15,1761.88
VND005942,2026-04-05,P005,Moveis Domesticos,Sala,V003,1,1242.0,770.4,1279.26,45,508.86
VND005943,2026-04-06,P007,Moveis Domesticos,Escritorio,V006,1,1458.0,813.2,1414.26,15,601.06
VND005944,2026-04-06,P001,Moveis Domesticos,Estofados,V004,1,1938.06,1177.0,1744.25,60,567.25
VND005945,2026-04-06,P008,Moveis Comerciais,Cadeiras,V002,2,1242.0,1369.6,2359.8,60,990.2000000000003
VND005946,2026-04-06,P005,Moveis Domesticos,Sala,V004,2,1309.5,1540.8,2357.1,15,816.3
VND005947,2026-04-06,P017,Servicos sob Demanda,Consultoria,V008,1,2872.8,963.0,2930.26,60,1967.2600000000002
VND005948,2026-04-06,P008,Moveis Comerciais,Cadeiras,V008,1,1179.9,684.8,1203.5,45,518.7
VND005949,2026-04-06,P006,Moveis Domesticos,Estofados,V008,1,1058.4,556.4,1079.57,45,523.17
VND005950,2026-04-06,P013,Moveis Comerciais,Mesas,V008,2,4212.0,4708.0,8592.48,0,3884.4799999999996
VND005951,2026-04-06,P012,Moveis Comerciais,Estacoes,V008,1,5184.0,3049.5,5287.68,30,2238.1800000000003
VND005952,2026-04-06,P001,Moveis Domesticos,Estofados,V003,3,1998.0,3531.0,6173.82,15,2642.8199999999997
VND005953,2026-04-06,P009,Moveis Comerciais,Mesas,V001,3,1795.5,3145.8,5817.42,60,2671.62
VND005954,2026-04-07,P010,Moveis Comerciais,Armazenagem,V008,1,2646.0,1498.0,2698.92,0,1200.92
VND005955,2026-04-07,P001,Moveis Domesticos,Estofados,V007,1,1938.06,1177.0,2054.34,30,877.3400000000001
VND005956,2026-04-07,P010,Moveis Comerciais,Armazenagem,V003,1,2513.7,1498.0,2589.11,0,1091.1100000000001
VND005957,2026-04-07,P015,Servicos sob Demanda,Projetos,V008,4,8445.6,14980.0,34458.05,30,19478.050000000003
VND005958,2026-04-08,P001,Moveis Domesticos,Estofados,V001,1,1898.1,1177.0,2049.95,7,872.9499999999998
VND005959,2026-04-08,P009,Moveis Comerciais,Mesas,V006,1,1890.0,1048.6,1833.3,30,784.7
VND005960,2026-04-08,P009,Moveis Comerciais,Mesas,V003,1,1890.0,1048.6,1946.7,7,898.1000000000001
VND005961,2026-04-08,P001,Moveis Domesticos,Estofados,V005,1,1998.0,1177.0,2197.8,0,1020.8000000000002
VND005962,2026-04-08,P006,Moveis Domesticos,Estofados,V005,3,1026.65,1669.2,3387.95,7,1718.7499999999998
VND005963,2026-04-08,P009,Moveis Comerciais,Mesas,V004,3,1890.0,3145.8,5103.0,0,1957.1999999999998
VND005964,2026-04-08,P001,Moveis Domesticos,Estofados,V002,6,1898.1,7062.0,10819.17,30,3757.17
VND005965,2026-04-08,P009,Moveis Comerciais,Mesas,V006,3,1890.0,3145.8,5499.9,45,2354.0999999999995
VND005966,2026-04-08,P002,Moveis Domesticos,Mesas,V003,3,2304.72,4012.5,7121.58,15,3109.08
VND005967,2026-04-08,P014,Servicos sob Demanda,Projetos,V001,1,5166.72,2247.0,5580.06,60,3333.0600000000004
VND005968,2026-04-09,P010,Moveis Comerciais,Armazenagem,V005,3,2646.0,4494.0,8731.8,30,4237.799999999999
VND005969,2026-04-09,P003,Moveis Domesticos,Dormitorio,V006,5,2723.76,8025.0,13210.24,15,5185.24
VND005970,2026-04-09,P002,Moveis Domesticos,Mesas,V005,1,2376.0,1337.5,2613.6,15,1276.1
VND005971,2026-04-09,P018,Servicos sob Demanda,Projetos,V006,2,7344.0,5564.0,14247.36,0,8683.36
VND005972,2026-04-09,P006,Moveis Domesticos,Estofados,V001,2,1058.4,1112.8,2286.14,0,1173.34
VND005973,2026-04-09,P015,Servicos sob Demanda,Projetos,V006,2,9180.0,7490.0,17809.2,30,10319.2
VND005974,2026-04-09,P016,Servicos sob Demanda,Projetos,V002,2,13500.0,11128.0,25650.0,7,14522.0
VND005975,2026-04-09,P018,Servicos sob Demanda,Projetos,V006,1,7344.0,2782.0,7123.68,45,4341.68
VND005976,2026-04-09,P007,Moveis Domesticos,Escritorio,V001,1,1458.0,813.2,1574.64,0,761.44
VND005977,2026-04-09,P017,Servicos sob Demanda,Consultoria,V003,2,2933.28,1926.0,6042.56,0,4116.56
VND005978,2026-04-09,P010,Moveis Comerciais,Armazenagem,V007,1,2646.0,1498.0,2804.76,45,1306.7600000000002
VND005979,2026-04-09,P017,Servicos sob Demanda,Consultoria,V006,1,3024.0,963.0,2933.28,45,1970.2800000000002
VND005980,2026-04-10,P017,Servicos sob Demanda,Consultoria,V006,2,3024.0,1926.0,5866.56,60,3940.5600000000004
VND005981,2026-04-10,P008,Moveis Comerciais,Cadeiras,V008,2,1204.74,1369.6,2457.67,30,1088.0700000000002
VND005982,2026-04-10,P017,Servicos sob Demanda,Consultoria,V001,1,2872.8,963.0,3102.62,45,2139.62
VND005983,2026-04-10,P014,Servicos sob Demanda,Projetos,V007,1,5447.52,2247.0,5774.37,60,3527.37
VND005984,2026-04-10,P009,Moveis Comerciais,Mesas,V008,2,1890.0,2097.2,3855.6,15,1758.4
VND005985,2026-04-10,P011,Moveis Comerciais,Atendimento,V001,1,3456.0,1979.5,3732.48,30,1752.98
VND005986,2026-04-10,P001,Moveis Domesticos,Estofados,V007,1,1898.1,1177.0,2011.99,0,834.99
VND005987,2026-04-11,P011,Moveis Comerciais,Atendimento,V008,1,3456.0,1979.5,3525.12,45,1545.62
VND005988,2026-04-11,P013,Moveis Comerciais,Mesas,V003,2,4001.4,4708.0,8242.88,15,3534.879999999999
VND005989,2026-04-11,P018,Servicos sob Demanda,Projetos,V002,1,6976.8,2782.0,6627.96,30,3845.96
VND005990,2026-04-11,P006,Moveis Domesticos,Estofados,V006,2,1005.48,1112.8,1950.63,0,837.8300000000002
VND005991,2026-04-11,P011,Moveis Comerciais,Atendimento,V008,1,3283.2,1979.5,3348.86,15,1369.3600000000001
VND005992,2026-04-11,P004,Moveis Domesticos,Dormitorio,V002,1,3348.0,1979.5,3180.6,15,1201.1
VND005993,2026-04-11,P018,Servicos sob Demanda,Projetos,V008,1,7344.0,2782.0,7490.88,45,4708.88
VND005994,2026-04-12,P008,Moveis Comerciais,Cadeiras,V005,1,1204.74,684.8,1325.21,60,640.4100000000001
VND005995,2026-04-12,P017,Servicos sob Demanda,Consultoria,V002,1,2782.08,963.0,2642.98,30,1679.98
VND005996,2026-04-12,P014,Servicos sob Demanda,Projetos,V005,1,5335.2,2247.0,5868.72,15,3621.7200000000003
VND005997,2026-04-12,P012,Moveis Comerciais,Estacoes,V008,3,4769.28,9148.5,14594.0,7,5445.5
VND005998,2026-04-12,P011,Moveis Comerciais,Atendimento,V003,6,3456.0,11877.0,21358.08,7,9481.080000000002
VND005999,2026-04-12,P017,Servicos sob Demanda,Consultoria,V007,1,3024.0,963.0,3205.44,0,2242.44
VND006000,2026-04-12,P009,Moveis Comerciais,Mesas,V001,1,1795.5,1048.6,1939.14,45,890.5400000000002
VND006001,2026-04-12,P009,Moveis Comerciais,Mesas,V008,2,1890.0,2097.2,3855.6,15,1758.4
VND006002,2026-04-13,P011,Moveis Comerciais,Atendimento,V003,1,3352.32,1979.5,3452.89,30,1473.3899999999999
VND006003,2026-04-13,P001,Moveis Domesticos,Estofados,V001,2,1898.1,2354.0,4099.9,60,1745.8999999999996
VND006004,2026-04-13,P005,Moveis Domesticos,Sala,V005,3,1309.5,2311.2,4321.35,45,2010.1500000000005
VND006005,2026-04-13,P002,Moveis Domesticos,Mesas,V004,2,2376.0,2675.0,4276.8,0,1601.8000000000002
VND006006,2026-04-13,P004,Moveis Domesticos,Dormitorio,V003,1,3247.56,1979.5,3344.99,30,1365.4899999999998
VND006007,2026-04-13,P002,Moveis Domesticos,Mesas,V001,1,2304.72,1337.5,2489.1,45,1151.6
VND006008,2026-04-13,P009,Moveis Comerciais,Mesas,V008,1,1890.0,1048.6,1927.8,15,879.2
VND006009,2026-04-13,P007,Moveis Domesticos,Escritorio,V006,5,1385.1,4066.0,6717.74,30,2651.74
VND006010,2026-04-14,P010,Moveis Comerciais,Armazenagem,V005,2,2646.0,2996.0,5821.2,15,2825.2
VND006011,2026-04-14,P004,Moveis Domesticos,Dormitorio,V006,1,3348.0,1979.5,3247.56,0,1268.06
VND006012,2026-04-14,P003,Moveis Domesticos,Dormitorio,V003,3,2808.0,4815.0,8676.72,30,3861.7199999999993
VND006013,2026-04-15,P010,Moveis Comerciais,Armazenagem,V004,2,2434.32,2996.0,4381.78,60,1385.7799999999997
VND006014,2026-04-15,P004,Moveis Domesticos,Dormitorio,V003,2,3180.6,3959.0,6552.04,30,2593.04
VND006015,2026-04-15,P006,Moveis Domesticos,Estofados,V007,1,1026.65,556.4,1088.25,30,531.85
VND006016,2026-04-15,P009,Moveis Comerciais,Mesas,V002,1,1890.0,1048.6,1795.5,30,746.9000000000001
VND006017,2026-04-15,P002,Moveis Domesticos,Mesas,V006,2,2304.72,2675.0,4471.16,60,1796.1599999999999
VND006018,2026-04-15,P001,Moveis Domesticos,Estofados,V008,1,1898.1,1177.0,1936.06,15,759.06
VND006019,2026-04-15,P004,Moveis Domesticos,Dormitorio,V002,1,3348.0,1979.5,3180.6,60,1201.1
VND006020,2026-04-15,P008,Moveis Comerciais,Cadeiras,V004,1,1142.64,684.8,1028.38,15,343.58000000000015
VND006021,2026-04-15,P001,Moveis Domesticos,Estofados,V005,1,1998.0,1177.0,2197.8,15,1020.8000000000002
VND006022,2026-04-15,P005,Moveis Domesticos,Sala,V003,1,1350.0,770.4,1390.5,0,620.1
VND006023,2026-04-16,P001,Moveis Domesticos,Estofados,V005,1,1938.06,1177.0,2131.87,0,954.8699999999999
VND006024,2026-04-16,P015,Servicos sob Demanda,Projetos,V004,2,8721.0,7490.0,15697.8,0,8207.8
VND006025,2026-04-16,P017,Servicos sob Demanda,Consultoria,V005,1,2933.28,963.0,3226.61,30,2263.61
VND006026,2026-04-16,P014,Servicos sob Demanda,Projetos,V002,1,5335.2,2247.0,5068.44,60,2821.4399999999996
VND006027,2026-04-17,P009,Moveis Comerciais,Mesas,V003,2,1795.5,2097.2,3698.73,15,1601.5300000000002
VND006028,2026-04-17,P005,Moveis Domesticos,Sala,V001,3,1350.0,2311.2,4374.0,15,2062.8
VND006029,2026-04-17,P006,Moveis Domesticos,Estofados,V003,3,1058.4,1669.2,3270.46,30,1601.26
VND006030,2026-04-17,P013,Moveis Comerciais,Mesas,V005,5,4212.0,11770.0,23166.0,60,11396.0
VND006031,2026-04-17,P018,Servicos sob Demanda,Projetos,V007,1,7344.0,2782.0,7784.64,45,5002.64
VND006032,2026-04-18,P015,Servicos sob Demanda,Projetos,V001,2,8904.6,7490.0,19233.94,45,11743.939999999999
VND006033,2026-04-18,P011,Moveis Comerciais,Atendimento,V008,1,3179.52,1979.5,3243.11,30,1263.6100000000001
VND006034,2026-04-18,P001,Moveis Domesticos,Estofados,V005,1,1998.0,1177.0,2197.8,15,1020.8000000000002
VND006035,2026-04-18,P017,Servicos sob Demanda,Consultoria,V002,3,2933.28,2889.0,8359.85,45,5470.85
VND006036,2026-04-18,P008,Moveis Comerciais,Cadeiras,V006,1,1179.9,684.8,1144.5,30,459.70000000000005
VND006037,2026-04-18,P002,Moveis Domesticos,Mesas,V003,2,2257.2,2675.0,4649.83,15,1974.83
VND006038,2026-04-18,P005,Moveis Domesticos,Sala,V003,1,1350.0,770.4,1390.5,30,620.1
VND006039,2026-04-18,P006,Moveis Domesticos,Estofados,V007,1,1026.65,556.4,1088.25,45,531.85
VND006040,2026-04-19,P011,Moveis Comerciais,Atendimento,V004,2,3456.0,3959.0,6220.8,7,2261.8
VND006041,2026-04-19,P016,Servicos sob Demanda,Projetos,V008,1,13095.0,5564.0,13356.9,30,7792.9
VND006042,2026-04-19,P005,Moveis Domesticos,Sala,V003,1,1242.0,770.4,1279.26,30,508.86
VND006043,2026-04-19,P001,Moveis Domesticos,Estofados,V007,4,1898.1,4708.0,8047.94,30,3339.9399999999996
VND006044,2026-04-19,P008,Moveis Comerciais,Cadeiras,V007,1,1242.0,684.8,1316.52,15,631.72
VND006045,2026-04-19,P016,Servicos sob Demanda,Projetos,V006,1,13095.0,5564.0,12702.15,7,7138.15
VND006046,2026-04-20,P008,Moveis Comerciais,Cadeiras,V001,1,1242.0,684.8,1341.36,15,656.56
VND006047,2026-04-20,P001,Moveis Domesticos,Estofados,V003,2,1938.06,2354.0,3992.4,0,1638.4
VND006048,2026-04-20,P009,Moveis Comerciais,Mesas,V003,2,1890.0,2097.2,3893.4,15,1796.2000000000003
VND006049,2026-04-20,P007,Moveis Domesticos,Escritorio,V002,1,1385.1,813.2,1315.84,0,502.6399999999999
VND006050,2026-04-20,P008,Moveis Comerciais,Cadeiras,V008,1,1179.9,684.8,1203.5,45,518.7
VND006051,2026-04-21,P008,Moveis Comerciais,Cadeiras,V007,3,1204.74,2054.4,3831.07,0,1776.67
VND006052,2026-04-21,P008,Moveis Comerciais,Cadeiras,V007,1,1242.0,684.8,1316.52,0,631.72
VND006053,2026-04-21,P013,Moveis Comerciais,Mesas,V001,1,4085.64,2354.0,4412.49,15,2058.49
VND006054,2026-04-21,P002,Moveis Domesticos,Mesas,V001,1,2304.72,1337.5,2489.1,15,1151.6
VND006055,2026-04-21,P001,Moveis Domesticos,Estofados,V008,1,1998.0,1177.0,2037.96,0,860.96
VND006056,2026-04-21,P008,Moveis Comerciais,Cadeiras,V001,1,1179.9,684.8,1274.29,0,589.49
VND006057,2026-04-21,P005,Moveis Domesticos,Sala,V006,1,1309.5,770.4,1270.21,45,499.81000000000006
VND006058,2026-04-21,P009,Moveis Comerciais,Mesas,V002,1,1890.0,1048.6,1795.5,30,746.9000000000001
VND006059,2026-04-21,P007,Moveis Domesticos,Escritorio,V005,2,1414.26,1626.4,3111.37,45,1484.9699999999998
VND006060,2026-04-22,P001,Moveis Domesticos,Estofados,V003,3,1838.16,3531.0,5679.91,45,2148.91
VND006061,2026-04-22,P010,Moveis Comerciais,Armazenagem,V001,2,2513.7,2996.0,5429.59,60,2433.59
VND006062,2026-04-22,P009,Moveis Comerciais,Mesas,V002,1,1890.0,1048.6,1795.5,30,746.9000000000001
VND006063,2026-04-22,P002,Moveis Domesticos,Mesas,V004,1,2376.0,1337.5,2138.4,60,800.9000000000001
VND006064,2026-04-22,P009,Moveis Comerciais,Mesas,V003,2,1738.8,2097.2,3581.93,60,1484.73
VND006065,2026-04-22,P011,Moveis Comerciais,Atendimento,V008,2,3456.0,3959.0,7050.24,7,3091.24
VND006066,2026-04-22,P002,Moveis Domesticos,Mesas,V002,1,2376.0,1337.5,2257.2,15,919.6999999999998
VND006067,2026-04-23,P001,Moveis Domesticos,Estofados,V006,5,1998.0,5885.0,9690.3,30,3805.2999999999993
VND006068,2026-04-23,P016,Servicos sob Demanda,Projetos,V003,2,13500.0,11128.0,27810.0,30,16682.0
VND006069,2026-04-23,P013,Moveis Comerciais,Mesas,V008,5,4212.0,11770.0,21481.2,0,9711.2
VND006070,2026-04-23,P002,Moveis Domesticos,Mesas,V003,2,2376.0,2675.0,4894.56,15,2219.5600000000004
VND006071,2026-04-23,P014,Servicos sob Demanda,Projetos,V004,1,5616.0,2247.0,5054.4,30,2807.3999999999996
VND006072,2026-04-23,P001,Moveis Domesticos,Estofados,V005,2,1938.06,2354.0,4263.73,0,1909.7299999999996
VND006073,2026-04-23,P003,Moveis Domesticos,Dormitorio,V003,1,2808.0,1605.0,2892.24,15,1287.2399999999998
VND006074,2026-04-23,P015,Servicos sob Demanda,Projetos,V003,3,9180.0,11235.0,28366.2,0,17131.2
VND006075,2026-04-23,P003,Moveis Domesticos,Dormitorio,V007,1,2667.6,1605.0,2827.66,0,1222.6599999999999
VND006076,2026-04-23,P012,Moveis Comerciais,Estacoes,V003,2,5184.0,6099.0,10679.04,7,4580.040000000001
VND006077,2026-04-23,P018,Servicos sob Demanda,Projetos,V004,2,7123.68,5564.0,12822.62,15,7258.620000000001
VND006078,2026-04-23,P001,Moveis Domesticos,Estofados,V003,3,1838.16,3531.0,5679.91,15,2148.91
VND006079,2026-04-24,P005,Moveis Domesticos,Sala,V004,1,1309.5,770.4,1178.55,15,408.15
VND006080,2026-04-24,P013,Moveis Comerciais,Mesas,V004,1,4212.0,2354.0,3790.8,30,1436.8000000000002
VND006081,2026-04-24,P004,Moveis Domesticos,Dormitorio,V003,1,3348.0,1979.5,3448.44,15,1468.94
VND006082,2026-04-24,P011,Moveis Comerciais,Atendimento,V007,1,3352.32,1979.5,3553.46,30,1573.96
VND006083,2026-04-24,P014,Servicos sob Demanda,Projetos,V006,1,5447.52,2247.0,5284.09,7,3037.09
VND006084,2026-04-24,P002,Moveis Domesticos,Mesas,V008,2,2376.0,2675.0,4847.04,60,2172.04
VND006085,2026-04-24,P006,Moveis Domesticos,Estofados,V006,1,1026.65,556.4,995.85,15,439.45000000000005
VND006086,2026-04-24,P001,Moveis Domesticos,Estofados,V001,2,1938.06,2354.0,4186.21,60,1832.21
VND006087,2026-04-24,P006,Moveis Domesticos,Estofados,V007,2,1026.65,1112.8,2176.5,30,1063.7
VND006088,2026-04-24,P012,Moveis Comerciais,Estacoes,V007,2,5028.48,6099.0,10660.38,45,4561.379999999999
VND006089,2026-04-25,P001,Moveis Domesticos,Estofados,V007,2,1998.0,2354.0,4235.76,45,1881.7600000000002
VND006090,2026-04-25,P002,Moveis Domesticos,Mesas,V003,4,2376.0,5350.0,9789.12,0,4439.120000000001
VND006091,2026-04-25,P013,Moveis Comerciais,Mesas,V006,1,4212.0,2354.0,4085.64,15,1731.6399999999999
VND006092,2026-04-25,P005,Moveis Domesticos,Sala,V004,1,1309.5,770.4,1178.55,0,408.15
VND006093,2026-04-25,P008,Moveis Comerciais,Cadeiras,V007,2,1204.74,1369.6,2554.05,15,1184.4500000000003
VND006094,2026-04-25,P002,Moveis Domesticos,Mesas,V004,2,2376.0,2675.0,4276.8,30,1601.8000000000002
VND006095,2026-04-25,P005,Moveis Domesticos,Sala,V006,1,1350.0,770.4,1309.5,15,539.1
VND006096,2026-04-26,P003,Moveis Domesticos,Dormitorio,V006,2,2808.0,3210.0,5447.52,15,2237.5200000000004
VND006097,2026-04-26,P012,Moveis Comerciais,Estacoes,V004,1,4924.8,3049.5,4432.32,45,1382.8199999999997
VND006098,2026-04-26,P005,Moveis Domesticos,Sala,V004,2,1350.0,1540.8,2430.0,60,889.2
VND006099,2026-04-26,P006,Moveis Domesticos,Estofados,V005,1,1005.48,556.4,1106.03,15,549.63
VND006100,2026-04-26,P002,Moveis Domesticos,Mesas,V008,1,2376.0,1337.5,2423.52,30,1086.02
VND006101,2026-04-26,P002,Moveis Domesticos,Mesas,V001,3,2257.2,4012.5,7313.33,60,3300.83
VND006102,2026-04-26,P001,Moveis Domesticos,Estofados,V004,1,1998.0,1177.0,1798.2,15,621.2
VND006103,2026-04-26,P008,Moveis Comerciais,Cadeiras,V005,1,1242.0,684.8,1366.2,0,681.4000000000001
VND006104,2026-04-26,P001,Moveis Domesticos,Estofados,V001,1,1998.0,1177.0,2157.84,60,980.8400000000001
VND006105,2026-04-27,P004,Moveis Domesticos,Dormitorio,V007,4,3247.56,7918.0,13769.65,7,5851.65
VND006106,2026-04-27,P003,Moveis Domesticos,Dormitorio,V006,3,2723.76,4815.0,7926.14,15,3111.1400000000003
VND006107,2026-04-27,P004,Moveis Domesticos,Dormitorio,V001,3,3180.6,5938.5,10305.14,15,4366.639999999999
VND006108,2026-04-27,P008,Moveis Comerciais,Cadeiras,V008,2,1204.74,1369.6,2457.67,15,1088.0700000000002
VND006109,2026-04-27,P015,Servicos sob Demanda,Projetos,V001,1,9180.0,3745.0,9914.4,45,6169.4
VND006110,2026-04-27,P005,Moveis Domesticos,Sala,V002,1,1309.5,770.4,1244.02,30,473.62
VND006111,2026-04-27,P004,Moveis Domesticos,Dormitorio,V006,1,3348.0,1979.5,3247.56,30,1268.06
VND006112,2026-04-27,P001,Moveis Domesticos,Estofados,V004,1,1838.16,1177.0,1654.34,30,477.3399999999999
VND006113,2026-04-27,P017,Servicos sob Demanda,Consultoria,V003,2,2933.28,1926.0,6042.56,30,4116.56
VND006114,2026-04-27,P015,Servicos sob Demanda,Projetos,V003,1,8904.6,3745.0,9171.74,30,5426.74
VND006115,2026-04-27,P001,Moveis Domesticos,Estofados,V007,1,1938.06,1177.0,2054.34,0,877.3400000000001
VND006116,2026-04-27,P015,Servicos sob Demanda,Projetos,V003,4,8721.0,14980.0,35930.52,60,20950.519999999997
VND006117,2026-04-27,P012,Moveis Comerciais,Estacoes,V006,1,5184.0,3049.5,5028.48,0,1978.9799999999996
VND006118,2026-04-28,P004,Moveis Domesticos,Dormitorio,V002,3,3348.0,5938.5,9541.8,0,3603.2999999999993
VND006119,2026-04-28,P011,Moveis Comerciais,Atendimento,V006,1,3352.32,1979.5,3251.75,0,1272.25
VND006120,2026-04-28,P004,Moveis Domesticos,Dormitorio,V003,3,3080.16,5938.5,9517.69,0,3579.1900000000005
VND006121,2026-04-28,P002,Moveis Domesticos,Mesas,V005,5,2376.0,6687.5,13068.0,30,6380.5
VND006122,2026-04-28,P001,Moveis Domesticos,Estofados,V008,1,1998.0,1177.0,2037.96,7,860.96
VND006123,2026-04-28,P001,Moveis Domesticos,Estofados,V003,2,1998.0,2354.0,4115.88,45,1761.88
VND006124,2026-04-28,P011,Moveis Comerciais,Atendimento,V001,1,3179.52,1979.5,3433.88,7,1454.38
VND006125,2026-04-28,P004,Moveis Domesticos,Dormitorio,V007,3,3247.56,5938.5,10327.24,15,4388.74
VND006126,2026-04-29,P001,Moveis Domesticos,Estofados,V003,2,1938.06,2354.0,3992.4,45,1638.4
VND006127,2026-04-29,P010,Moveis Comerciais,Armazenagem,V008,1,2646.0,1498.0,2698.92,45,1200.92
VND006128,2026-04-29,P013,Moveis Comerciais,Mesas,V003,1,4212.0,2354.0,4338.36,0,1984.3599999999997
VND006129,2026-04-29,P007,Moveis Domesticos,Escritorio,V005,2,1458.0,1626.4,3207.6,60,1581.1999999999998
VND006130,2026-04-29,P006,Moveis Domesticos,Estofados,V005,2,1026.65,1112.8,2258.63,45,1145.8300000000002
VND006131,2026-04-29,P009,Moveis Comerciais,Mesas,V005,2,1890.0,2097.2,4158.0,30,2060.8
VND006132,2026-04-29,P014,Servicos sob Demanda,Projetos,V003,2,5166.72,4494.0,10643.44,7,6149.4400000000005
VND006133,2026-04-29,P002,Moveis Domesticos,Mesas,V001,2,2304.72,2675.0,4978.2,0,2303.2
VND006134,2026-04-29,P018,Servicos sob Demanda,Projetos,V007,1,7344.0,2782.0,7784.64,0,5002.64
VND006135,2026-04-30,P006,Moveis Domesticos,Estofados,V006,2,1026.65,1112.8,1991.7,0,878.9000000000001
VND006136,2026-04-30,P004,Moveis Domesticos,Dormitorio,V002,5,3247.56,9897.5,15425.91,15,5528.41
VND006137,2026-04-30,P015,Servicos sob Demanda,Projetos,V008,4,8904.6,14980.0,36330.77,30,21350.769999999997
VND006138,2026-04-30,P008,Moveis Comerciais,Cadeiras,V006,1,1142.64,684.8,1108.36,30,423.55999999999995
VND006139,2026-04-30,P009,Moveis Comerciais,Mesas,V007,1,1890.0,1048.6,2003.4,0,954.8000000000002
VND006140,2026-04-30,P002,Moveis Domesticos,Mesas,V004,1,2376.0,1337.5,2138.4,0,800.9000000000001
VND006141,2026-04-30,P012,Moveis Comerciais,Estacoes,V007,3,4924.8,9148.5,15660.86,7,6512.360000000001
VND006142,2026-04-30,P005,Moveis Domesticos,Sala,V002,4,1309.5,3081.6,4976.1,0,1894.5000000000005
VND006143,2026-05-01,P008,Moveis Comerciais,Cadeiras,V008,1,1242.0,684.8,1266.84,30,582.04
VND006144,2026-05-01,P008,Moveis Comerciais,Cadeiras,V003,1,1242.0,684.8,1279.26,30,594.46
VND006145,2026-05-01,P014,Servicos sob Demanda,Projetos,V006,1,5616.0,2247.0,5447.52,15,3200.5200000000004
VND006146,2026-05-01,P004,Moveis Domesticos,Dormitorio,V007,1,3247.56,1979.5,3442.41,0,1462.9099999999999
VND006147,2026-05-01,P006,Moveis Domesticos,Estofados,V001,1,973.73,556.4,1051.63,30,495.23000000000013
VND006148,2026-05-01,P016,Servicos sob Demanda,Projetos,V004,1,13500.0,5564.0,12150.0,7,6586.0
VND006149,2026-05-01,P011,Moveis Comerciais,Atendimento,V004,1,3456.0,1979.5,3110.4,15,1130.9
VND006150,2026-05-01,P002,Moveis Domesticos,Mesas,V001,4,2304.72,5350.0,9956.39,0,4606.389999999999
VND006151,2026-05-02,P008,Moveis Comerciais,Cadeiras,V001,3,1204.74,2054.4,3903.36,7,1848.96
VND006152,2026-05-02,P008,Moveis Comerciais,Cadeiras,V003,2,1242.0,1369.6,2558.52,0,1188.92
VND006153,2026-05-02,P011,Moveis Comerciais,Atendimento,V005,1,3179.52,1979.5,3497.47,0,1517.9699999999998
VND006154,2026-05-02,P013,Moveis Comerciais,Mesas,V008,1,4212.0,2354.0,4296.24,0,1942.2399999999998
VND006155,2026-05-02,P017,Servicos sob Demanda,Consultoria,V001,1,2872.8,963.0,3102.62,0,2139.62
VND006156,2026-05-02,P006,Moveis Domesticos,Estofados,V003,2,1026.65,1112.8,2114.9,30,1002.1000000000001
VND006157,2026-05-02,P006,Moveis Domesticos,Estofados,V004,1,1058.4,556.4,952.56,45,396.15999999999997
VND006158,2026-05-02,P006,Moveis Domesticos,Estofados,V006,1,1058.4,556.4,1026.65,30,470.2500000000001
VND006159,2026-05-02,P007,Moveis Domesticos,Escritorio,V008,1,1341.36,813.2,1368.19,0,554.99
VND006160,2026-05-02,P006,Moveis Domesticos,Estofados,V002,3,1026.65,1669.2,2925.95,0,1256.7499999999998
VND006161,2026-05-02,P004,Moveis Domesticos,Dormitorio,V006,1,3247.56,1979.5,3150.13,30,1170.63
VND006162,2026-05-02,P010,Moveis Comerciais,Armazenagem,V008,2,2513.7,2996.0,5127.95,30,2131.95
VND006163,2026-05-03,P009,Moveis Comerciais,Mesas,V004,1,1833.3,1048.6,1649.97,15,601.3700000000001
VND006164,2026-05-03,P008,Moveis Comerciais,Cadeiras,V004,4,1242.0,2739.2,4471.2,0,1732.0
VND006165,2026-05-03,P002,Moveis Domesticos,Mesas,V004,2,2304.72,2675.0,4148.5,30,1473.5
VND006166,2026-05-03,P015,Servicos sob Demanda,Projetos,V002,4,8904.6,14980.0,33837.48,60,18857.480000000003
VND006167,2026-05-03,P004,Moveis Domesticos,Dormitorio,V003,1,3348.0,1979.5,3448.44,0,1468.94
VND006168,2026-05-03,P013,Moveis Comerciais,Mesas,V007,3,4212.0,7062.0,13394.16,30,6332.16
VND006169,2026-05-03,P017,Servicos sob Demanda,Consultoria,V005,1,3024.0,963.0,3326.4,0,2363.4
VND006170,2026-05-04,P007,Moveis Domesticos,Escritorio,V007,3,1458.0,2439.6,4636.44,30,2196.8399999999997
VND006171,2026-05-04,P002,Moveis Domesticos,Mesas,V004,1,2376.0,1337.5,2138.4,45,800.9000000000001
VND006172,2026-05-04,P007,Moveis Domesticos,Escritorio,V001,1,1414.26,813.2,1527.4,45,714.2
VND006173,2026-05-04,P005,Moveis Domesticos,Sala,V002,1,1282.5,770.4,1218.38,30,447.98000000000013
VND006174,2026-05-04,P002,Moveis Domesticos,Mesas,V004,3,2376.0,4012.5,6415.2,15,2402.7
VND006175,2026-05-04,P008,Moveis Comerciais,Cadeiras,V005,2,1242.0,1369.6,2732.4,7,1362.8000000000002
VND006176,2026-05-05,P002,Moveis Domesticos,Mesas,V008,2,2257.2,2675.0,4604.69,30,1929.6899999999996
VND006177,2026-05-05,P003,Moveis Domesticos,Dormitorio,V002,1,2667.6,1605.0,2534.22,15,929.2199999999998
VND006178,2026-05-05,P003,Moveis Domesticos,Dormitorio,V004,1,2808.0,1605.0,2527.2,45,922.1999999999998
VND006179,2026-05-05,P011,Moveis Comerciais,Atendimento,V007,3,3352.32,5938.5,10660.38,45,4721.879999999999
VND006180,2026-05-05,P013,Moveis Comerciais,Mesas,V001,1,4212.0,2354.0,4548.96,0,2194.96
VND006181,2026-05-05,P005,Moveis Domesticos,Sala,V005,1,1242.0,770.4,1366.2,15,595.8000000000001
VND006182,2026-05-05,P002,Moveis Domesticos,Mesas,V005,1,2304.72,1337.5,2535.19,30,1197.69
VND006183,2026-05-05,P007,Moveis Domesticos,Escritorio,V007,1,1458.0,813.2,1545.48,30,732.28
VND006184,2026-05-06,P011,Moveis Comerciais,Atendimento,V006,1,3456.0,1979.5,3352.32,30,1372.8200000000002
VND006185,2026-05-06,P006,Moveis Domesticos,Estofados,V008,1,1058.4,556.4,1079.57,0,523.17
VND006186,2026-05-06,P001,Moveis Domesticos,Estofados,V006,1,1898.1,1177.0,1841.16,15,664.1600000000001
VND006187,2026-05-06,P008,Moveis Comerciais,Cadeiras,V004,1,1242.0,684.8,1117.8,0,433.0
VND006188,2026-05-06,P016,Servicos sob Demanda,Projetos,V003,3,12825.0,16692.0,39629.25,15,22937.25
VND006189,2026-05-06,P013,Moveis Comerciais,Mesas,V006,2,4212.0,4708.0,8171.28,7,3463.2799999999997
VND006190,2026-05-06,P005,Moveis Domesticos,Sala,V008,1,1309.5,770.4,1335.69,30,565.2900000000001
VND006191,2026-05-07,P003,Moveis Domesticos,Dormitorio,V003,1,2583.36,1605.0,2660.86,60,1055.8600000000001
VND006192,2026-05-07,P005,Moveis Domesticos,Sala,V008,1,1309.5,770.4,1335.69,15,565.2900000000001
VND006193,2026-05-07,P006,Moveis Domesticos,Estofados,V005,2,1058.4,1112.8,2328.48,0,1215.68
VND006194,2026-05-07,P011,Moveis Comerciais,Atendimento,V005,5,3283.2,9897.5,18057.6,0,8160.0999999999985
VND006195,2026-05-07,P011,Moveis Comerciais,Atendimento,V003,1,3456.0,1979.5,3559.68,0,1580.1799999999998
VND006196,2026-05-07,P005,Moveis Domesticos,Sala,V005,4,1242.0,3081.6,5464.8,7,2383.2000000000003
VND006197,2026-05-07,P001,Moveis Domesticos,Estofados,V006,2,1938.06,2354.0,3759.84,45,1405.8400000000001
VND006198,2026-05-08,P005,Moveis Domesticos,Sala,V005,3,1350.0,2311.2,4455.0,7,2143.8
VND006199,2026-05-08,P014,Servicos sob Demanda,Projetos,V006,1,5166.72,2247.0,5011.72,30,2764.7200000000003
VND006200,2026-05-08,P009,Moveis Comerciais,Mesas,V007,1,1833.3,1048.6,1943.3,7,894.7
VND006201,2026-05-08,P010,Moveis Comerciais,Armazenagem,V004,1,2646.0,1498.0,2381.4,60,883.4000000000001
VND006202,2026-05-08,P010,Moveis Comerciais,Armazenagem,V005,4,2566.62,5992.0,11293.13,7,5301.129999999999
VND006203,2026-05-08,P014,Servicos sob Demanda,Projetos,V005,1,5335.2,2247.0,5868.72,0,3621.7200000000003
VND006204,2026-05-08,P001,Moveis Domesticos,Estofados,V005,1,1998.0,1177.0,2197.8,15,1020.8000000000002
VND006205,2026-05-08,P009,Moveis Comerciais,Mesas,V004,1,1833.3,1048.6,1649.97,15,601.3700000000001
VND006206,2026-05-09,P017,Servicos sob Demanda,Consultoria,V004,1,2933.28,963.0,2639.95,30,1676.9499999999998
VND006207,2026-05-09,P010,Moveis Comerciais,Armazenagem,V005,2,2513.7,2996.0,5530.14,45,2534.1400000000003
VND006208,2026-05-09,P006,Moveis Domesticos,Estofados,V004,1,1026.65,556.4,923.99,30,367.59000000000003
VND006209,2026-05-09,P002,Moveis Domesticos,Mesas,V007,3,2376.0,4012.5,7555.68,60,3543.1800000000003
VND006210,2026-05-09,P001,Moveis Domesticos,Estofados,V007,1,1998.0,1177.0,2117.88,15,940.8800000000001
VND006211,2026-05-09,P013,Moveis Comerciais,Mesas,V008,1,4085.64,2354.0,4167.35,0,1813.3500000000004
VND006212,2026-05-09,P009,Moveis Comerciais,Mesas,V002,1,1890.0,1048.6,1795.5,15,746.9000000000001
VND006213,2026-05-10,P015,Servicos sob Demanda,Projetos,V002,1,9180.0,3745.0,8721.0,15,4976.0
VND006214,2026-05-10,P001,Moveis Domesticos,Estofados,V002,3,1998.0,3531.0,5694.3,60,2163.3
VND006215,2026-05-10,P011,Moveis Comerciais,Atendimento,V002,1,3283.2,1979.5,3119.04,7,1139.54
VND006216,2026-05-10,P012,Moveis Comerciais,Estacoes,V002,2,5184.0,6099.0,9849.6,15,3750.6000000000004
VND006217,2026-05-10,P006,Moveis Domesticos,Estofados,V006,1,1026.65,556.4,995.85,60,439.45000000000005
VND006218,2026-05-10,P013,Moveis Comerciais,Mesas,V008,1,4085.64,2354.0,4167.35,60,1813.3500000000004
VND006219,2026-05-10,P001,Moveis Domesticos,Estofados,V004,1,1938.06,1177.0,1744.25,15,567.25
VND006220,2026-05-10,P009,Moveis Comerciais,Mesas,V008,2,1833.3,2097.2,3739.93,60,1642.73
VND006221,2026-05-10,P017,Servicos sob Demanda,Consultoria,V005,1,2782.08,963.0,3060.29,0,2097.29
VND006222,2026-05-10,P001,Moveis Domesticos,Estofados,V008,1,1938.06,1177.0,1976.82,15,799.8199999999999
VND006223,2026-05-10,P004,Moveis Domesticos,Dormitorio,V008,1,3080.16,1979.5,3141.76,15,1162.2600000000002
VND006224,2026-05-10,P017,Servicos sob Demanda,Consultoria,V004,1,3024.0,963.0,2721.6,15,1758.6
VND006225,2026-05-10,P009,Moveis Comerciais,Mesas,V003,3,1890.0,3145.8,5840.1,60,2694.3
VND006226,2026-05-10,P004,Moveis Domesticos,Dormitorio,V005,1,3080.16,1979.5,3388.18,0,1408.6799999999998
VND006227,2026-05-10,P009,Moveis Comerciais,Mesas,V002,1,1833.3,1048.6,1741.63,30,693.0300000000002
VND006228,2026-05-10,P001,Moveis Domesticos,Estofados,V004,1,1998.0,1177.0,1798.2,45,621.2
VND006229,2026-05-10,P012,Moveis Comerciais,Estacoes,V003,1,5184.0,3049.5,5339.52,0,2290.0200000000004
VND006230,2026-05-11,P002,Moveis Domesticos,Mesas,V004,2,2257.2,2675.0,4062.96,7,1387.96
VND006231,2026-05-11,P001,Moveis Domesticos,Estofados,V005,1,1998.0,1177.0,2197.8,60,1020.8000000000002
VND006232,2026-05-11,P009,Moveis Comerciais,Mesas,V003,1,1890.0,1048.6,1946.7,60,898.1000000000001
VND006233,2026-05-11,P003,Moveis Domesticos,Dormitorio,V007,2,2808.0,3210.0,5952.96,15,2742.96
VND006234,2026-05-11,P009,Moveis Comerciais,Mesas,V006,1,1795.5,1048.6,1741.64,30,693.0400000000002
VND006235,2026-05-11,P001,Moveis Domesticos,Estofados,V006,1,1838.16,1177.0,1783.02,15,606.02
VND006236,2026-05-11,P013,Moveis Comerciais,Mesas,V002,1,4001.4,2354.0,3801.33,30,1447.33
VND006237,2026-05-11,P006,Moveis Domesticos,Estofados,V003,3,1026.65,1669.2,3172.35,15,1503.1499999999999
VND006238,2026-05-12,P016,Servicos sob Demanda,Projetos,V007,1,12825.0,5564.0,13594.5,30,8030.5
VND006239,2026-05-12,P006,Moveis Domesticos,Estofados,V008,2,1026.65,1112.8,2094.37,30,981.5699999999999
VND006240,2026-05-12,P006,Moveis Domesticos,Estofados,V005,1,1058.4,556.4,1164.24,30,607.84
VND006241,2026-05-12,P008,Moveis Comerciais,Cadeiras,V006,2,1142.64,1369.6,2216.72,15,847.1199999999999
VND006242,2026-05-12,P018,Servicos sob Demanda,Projetos,V003,1,7123.68,2782.0,7337.39,15,4555.39
VND006243,2026-05-12,P001,Moveis Domesticos,Estofados,V002,1,1898.1,1177.0,1803.2,0,626.2
VND006244,2026-05-12,P004,Moveis Domesticos,Dormitorio,V004,2,3348.0,3959.0,6026.4,30,2067.3999999999996
VND006245,2026-05-12,P004,Moveis Domesticos,Dormitorio,V008,1,3348.0,1979.5,3414.96,7,1435.46
VND006246,2026-05-13,P013,Moveis Comerciais,Mesas,V004,3,4085.64,7062.0,11031.23,15,3969.2299999999996
VND006247,2026-05-13,P007,Moveis Domesticos,Escritorio,V008,3,1458.0,2439.6,4461.48,30,2021.8799999999997
VND006248,2026-05-13,P010,Moveis Comerciais,Armazenagem,V003,1,2513.7,1498.0,2589.11,0,1091.1100000000001
VND006249,2026-05-13,P009,Moveis Comerciais,Mesas,V001,1,1890.0,1048.6,2041.2,0,992.6000000000001
VND006250,2026-05-13,P008,Moveis Comerciais,Cadeiras,V006,1,1142.64,684.8,1108.36,0,423.55999999999995
VND006251,2026-05-13,P008,Moveis Comerciais,Cadeiras,V004,1,1179.9,684.8,1061.91,15,377.1100000000001
VND006252,2026-05-13,P017,Servicos sob Demanda,Consultoria,V008,5,2872.8,4815.0,14651.28,7,9836.28
VND006253,2026-05-13,P003,Moveis Domesticos,Dormitorio,V003,1,2808.0,1605.0,2892.24,30,1287.2399999999998
VND006254,2026-05-13,P017,Servicos sob Demanda,Consultoria,V007,1,3024.0,963.0,3205.44,60,2242.44
VND006255,2026-05-13,P007,Moveis Domesticos,Escritorio,V001,2,1385.1,1626.4,2991.82,30,1365.42
VND006256,2026-05-13,P007,Moveis Domesticos,Escritorio,V005,2,1458.0,1626.4,3207.6,0,1581.1999999999998
VND006257,2026-05-14,P006,Moveis Domesticos,Estofados,V001,1,1058.4,556.4,1143.07,30,586.67
VND006258,2026-05-14,P005,Moveis Domesticos,Sala,V006,2,1350.0,1540.8,2619.0,0,1078.2
VND006259,2026-05-14,P013,Moveis Comerciais,Mesas,V004,2,4212.0,4708.0,7581.6,15,2873.6000000000004
VND006260,2026-05-14,P003,Moveis Domesticos,Dormitorio,V006,4,2808.0,6420.0,10895.04,7,4475.040000000001
VND006261,2026-05-14,P009,Moveis Comerciais,Mesas,V005,3,1890.0,3145.8,6237.0,30,3091.2
VND006262,2026-05-14,P001,Moveis Domesticos,Estofados,V004,2,1998.0,2354.0,3596.4,30,1242.4
VND006263,2026-05-14,P016,Servicos sob Demanda,Projetos,V002,2,13095.0,11128.0,24880.5,60,13752.5
VND006264,2026-05-14,P003,Moveis Domesticos,Dormitorio,V003,2,2723.76,3210.0,5610.95,7,2400.95
VND006265,2026-05-14,P004,Moveis Domesticos,Dormitorio,V004,2,3080.16,3959.0,5544.29,45,1585.29
VND006266,2026-05-15,P011,Moveis Comerciais,Atendimento,V001,1,3456.0,1979.5,3732.48,7,1752.98
VND006267,2026-05-15,P007,Moveis Domesticos,Escritorio,V006,1,1458.0,813.2,1414.26,15,601.06
VND006268,2026-05-15,P010,Moveis Comerciais,Armazenagem,V001,1,2646.0,1498.0,2857.68,30,1359.6799999999998
VND006269,2026-05-15,P006,Moveis Domesticos,Estofados,V001,3,1026.65,1669.2,3326.35,0,1657.1499999999999
VND006270,2026-05-15,P014,Servicos sob Demanda,Projetos,V003,5,5166.72,11235.0,26608.61,60,15373.61
VND006271,2026-05-15,P008,Moveis Comerciais,Cadeiras,V002,3,1242.0,2054.4,3539.7,0,1485.2999999999997
VND006272,2026-05-15,P002,Moveis Domesticos,Mesas,V008,1,2376.0,1337.5,2423.52,0,1086.02
VND006273,2026-05-15,P016,Servicos sob Demanda,Projetos,V005,3,13500.0,16692.0,44550.0,60,27858.0
VND006274,2026-05-16,P006,Moveis Domesticos,Estofados,V003,1,1026.65,556.4,1057.45,30,501.05000000000007
VND006275,2026-05-16,P015,Servicos sob Demanda,Projetos,V007,1,9180.0,3745.0,9730.8,60,5985.799999999999
VND006276,2026-05-16,P008,Moveis Comerciais,Cadeiras,V001,1,1242.0,684.8,1341.36,30,656.56
VND006277,2026-05-16,P008,Moveis Comerciais,Cadeiras,V004,1,1242.0,684.8,1117.8,7,433.0
VND006278,2026-05-16,P005,Moveis Domesticos,Sala,V005,1,1282.5,770.4,1410.75,30,640.35
VND006279,2026-05-16,P007,Moveis Domesticos,Escritorio,V002,1,1385.1,813.2,1315.84,0,502.6399999999999
VND006280,2026-05-16,P015,Servicos sob Demanda,Projetos,V007,1,8904.6,3745.0,9438.88,45,5693.879999999999
VND006281,2026-05-16,P003,Moveis Domesticos,Dormitorio,V002,3,2808.0,4815.0,8002.8,15,3187.8
VND006282,2026-05-16,P001,Moveis Domesticos,Estofados,V005,1,1898.1,1177.0,2087.91,0,910.9099999999999
VND006283,2026-05-16,P004,Moveis Domesticos,Dormitorio,V008,1,3247.56,1979.5,3312.51,7,1333.0100000000002
VND006284,2026-05-16,P013,Moveis Comerciais,Mesas,V007,1,4212.0,2354.0,4464.72,7,2110.7200000000003
VND006285,2026-05-16,P007,Moveis Domesticos,Escritorio,V003,2,1341.36,1626.4,2763.2,15,1136.7999999999997
VND006286,2026-05-16,P016,Servicos sob Demanda,Projetos,V006,2,13500.0,11128.0,26190.0,45,15062.0
VND006287,2026-05-17,P002,Moveis Domesticos,Mesas,V001,1,2304.72,1337.5,2489.1,15,1151.6
VND006288,2026-05-17,P011,Moveis Comerciais,Atendimento,V005,2,3456.0,3959.0,7603.2,45,3644.2
VND006289,2026-05-17,P018,Servicos sob Demanda,Projetos,V007,1,7344.0,2782.0,7784.64,30,5002.64
VND006290,2026-05-17,P005,Moveis Domesticos,Sala,V007,2,1309.5,1540.8,2776.14,45,1235.34
VND006291,2026-05-17,P002,Moveis Domesticos,Mesas,V007,4,2304.72,5350.0,9772.01,7,4422.01
VND006292,2026-05-17,P002,Moveis Domesticos,Mesas,V002,3,2304.72,4012.5,6568.45,30,2555.95
VND006293,2026-05-17,P007,Moveis Domesticos,Escritorio,V004,1,1458.0,813.2,1312.2,60,499.0
VND006294,2026-05-17,P017,Servicos sob Demanda,Consultoria,V003,3,3024.0,2889.0,9344.16,0,6455.16
VND006295,2026-05-17,P001,Moveis Domesticos,Estofados,V007,5,1898.1,5885.0,10059.93,0,4174.93
VND006296,2026-05-18,P006,Moveis Domesticos,Estofados,V002,5,1026.65,2782.0,4876.59,45,2094.59
VND006297,2026-05-18,P002,Moveis Domesticos,Mesas,V007,1,2257.2,1337.5,2392.63,0,1055.13
VND006298,2026-05-18,P003,Moveis Domesticos,Dormitorio,V007,1,2808.0,1605.0,2976.48,60,1371.48
VND006299,2026-05-18,P013,Moveis Comerciais,Mesas,V006,2,4212.0,4708.0,8171.28,30,3463.2799999999997
VND006300,2026-05-18,P010,Moveis Comerciais,Armazenagem,V008,1,2646.0,1498.0,2698.92,15,1200.92
VND006301,2026-05-18,P010,Moveis Comerciais,Armazenagem,V007,2,2566.62,2996.0,5441.23,30,2445.2299999999996
VND006302,2026-05-18,P015,Servicos sob Demanda,Projetos,V003,2,9180.0,7490.0,18910.8,0,11420.8
VND006303,2026-05-18,P004,Moveis Domesticos,Dormitorio,V006,1,3348.0,1979.5,3247.56,0,1268.06
VND006304,2026-05-18,P008,Moveis Comerciais,Cadeiras,V006,1,1204.74,684.8,1168.6,0,483.79999999999995
VND006305,2026-05-18,P006,Moveis Domesticos,Estofados,V008,1,1005.48,556.4,1025.59,45,469.18999999999994
VND006306,2026-05-18,P003,Moveis Domesticos,Dormitorio,V002,1,2583.36,1605.0,2454.19,7,849.19
VND006307,2026-05-18,P011,Moveis Comerciais,Atendimento,V008,1,3456.0,1979.5,3525.12,15,1545.62
VND006308,2026-05-19,P013,Moveis Comerciais,Mesas,V002,2,4085.64,4708.0,7762.72,30,3054.7200000000003
VND006309,2026-05-19,P018,Servicos sob Demanda,Projetos,V002,1,7344.0,2782.0,6976.8,30,4194.8
VND006310,2026-05-19,P003,Moveis Domesticos,Dormitorio,V005,2,2808.0,3210.0,6177.6,30,2967.6000000000004
VND006311,2026-05-19,P012,Moveis Comerciais,Estacoes,V002,1,5184.0,3049.5,4924.8,30,1875.3000000000002
VND006312,2026-05-19,P003,Moveis Domesticos,Dormitorio,V004,1,2667.6,1605.0,2400.84,60,795.8400000000001
VND006313,2026-05-19,P003,Moveis Domesticos,Dormitorio,V007,3,2667.6,4815.0,8482.97,0,3667.9699999999993
VND006314,2026-05-19,P018,Servicos sob Demanda,Projetos,V004,1,7123.68,2782.0,6411.31,60,3629.3100000000004
VND006315,2026-05-19,P009,Moveis Comerciais,Mesas,V007,1,1890.0,1048.6,2003.4,30,954.8000000000002
VND006316,2026-05-19,P007,Moveis Domesticos,Escritorio,V004,1,1385.1,813.2,1246.59,0,433.3899999999999
VND006317,2026-05-20,P014,Servicos sob Demanda,Projetos,V008,1,5616.0,2247.0,5728.32,7,3481.3199999999997
VND006318,2026-05-20,P013,Moveis Comerciais,Mesas,V008,2,4212.0,4708.0,8592.48,45,3884.4799999999996
VND006319,2026-05-20,P014,Servicos sob Demanda,Projetos,V006,2,5335.2,4494.0,10350.29,15,5856.290000000001
VND006320,2026-05-20,P005,Moveis Domesticos,Sala,V001,1,1309.5,770.4,1414.26,60,643.86
VND006321,2026-05-20,P001,Moveis Domesticos,Estofados,V003,1,1938.06,1177.0,1996.2,60,819.2
VND006322,2026-05-20,P005,Moveis Domesticos,Sala,V002,1,1282.5,770.4,1218.38,7,447.98000000000013
VND006323,2026-05-21,P009,Moveis Comerciais,Mesas,V001,1,1795.5,1048.6,1939.14,30,890.5400000000002
VND006324,2026-05-21,P015,Servicos sob Demanda,Projetos,V007,1,9180.0,3745.0,9730.8,0,5985.799999999999
VND006325,2026-05-21,P010,Moveis Comerciais,Armazenagem,V001,1,2566.62,1498.0,2771.95,15,1273.9499999999998
VND006326,2026-05-21,P004,Moveis Domesticos,Dormitorio,V003,1,3247.56,1979.5,3344.99,7,1365.4899999999998
VND006327,2026-05-21,P006,Moveis Domesticos,Estofados,V001,2,1058.4,1112.8,2286.14,7,1173.34
VND006328,2026-05-21,P008,Moveis Comerciais,Cadeiras,V007,1,1142.64,684.8,1211.2,15,526.4000000000001
VND006329,2026-05-21,P012,Moveis Comerciais,Estacoes,V008,2,5028.48,6099.0,10258.1,30,4159.1
VND006330,2026-05-21,P013,Moveis Comerciais,Mesas,V004,1,4085.64,2354.0,3677.08,7,1323.08
VND006331,2026-05-21,P009,Moveis Comerciais,Mesas,V002,1,1833.3,1048.6,1741.63,45,693.0300000000002
VND006332,2026-05-21,P003,Moveis Domesticos,Dormitorio,V002,2,2723.76,3210.0,5175.14,45,1965.1400000000003
VND006333,2026-05-21,P002,Moveis Domesticos,Mesas,V006,2,2257.2,2675.0,4378.97,0,1703.9700000000003
VND006334,2026-05-22,P003,Moveis Domesticos,Dormitorio,V006,2,2667.6,3210.0,5175.14,0,1965.1400000000003
VND006335,2026-05-22,P006,Moveis Domesticos,Estofados,V003,1,1058.4,556.4,1090.15,30,533.7500000000001
VND006336,2026-05-22,P006,Moveis Domesticos,Estofados,V006,1,1058.4,556.4,1026.65,30,470.2500000000001
VND006337,2026-05-22,P014,Servicos sob Demanda,Projetos,V001,1,5616.0,2247.0,6065.28,45,3818.2799999999997
VND006338,2026-05-22,P003,Moveis Domesticos,Dormitorio,V005,1,2583.36,1605.0,2841.7,0,1236.6999999999998
VND006339,2026-05-22,P018,Servicos sob Demanda,Projetos,V001,2,6976.8,5564.0,15069.89,15,9505.89
VND006340,2026-05-22,P001,Moveis Domesticos,Estofados,V002,1,1898.1,1177.0,1803.2,7,626.2
VND006341,2026-05-22,P009,Moveis Comerciais,Mesas,V007,3,1795.5,3145.8,5709.69,30,2563.8899999999994
VND006342,2026-05-23,P018,Servicos sob Demanda,Projetos,V002,1,6976.8,2782.0,6627.96,15,3845.96
VND006343,2026-05-23,P012,Moveis Comerciais,Estacoes,V004,1,5184.0,3049.5,4665.6,45,1616.1000000000004
VND006344,2026-05-23,P010,Moveis Comerciais,Armazenagem,V003,2,2513.7,2996.0,5178.22,0,2182.2200000000003
VND006345,2026-05-23,P003,Moveis Domesticos,Dormitorio,V008,3,2583.36,4815.0,7905.08,30,3090.08
VND006346,2026-05-23,P009,Moveis Comerciais,Mesas,V007,1,1833.3,1048.6,1943.3,0,894.7
VND006347,2026-05-23,P009,Moveis Comerciais,Mesas,V004,3,1890.0,3145.8,5103.0,7,1957.1999999999998
VND006348,2026-05-23,P001,Moveis Domesticos,Estofados,V001,1,1998.0,1177.0,2157.84,15,980.8400000000001
VND006349,2026-05-23,P017,Servicos sob Demanda,Consultoria,V002,1,3024.0,963.0,2872.8,0,1909.8000000000002
VND006350,2026-05-24,P002,Moveis Domesticos,Mesas,V007,2,2376.0,2675.0,5037.12,15,2362.12
VND006351,2026-05-24,P007,Moveis Domesticos,Escritorio,V007,2,1458.0,1626.4,3090.96,15,1464.56
VND006352,2026-05-24,P008,Moveis Comerciais,Cadeiras,V003,1,1179.9,684.8,1215.3,15,530.5
VND006353,2026-05-24,P012,Moveis Comerciais,Estacoes,V001,1,5184.0,3049.5,5598.72,0,2549.2200000000003
VND006354,2026-05-24,P005,Moveis Domesticos,Sala,V007,2,1350.0,1540.8,2862.0,30,1321.2
VND006355,2026-05-24,P006,Moveis Domesticos,Estofados,V004,1,1058.4,556.4,952.56,60,396.15999999999997
VND006356,2026-05-24,P012,Moveis Comerciais,Estacoes,V005,2,4769.28,6099.0,10492.42,0,4393.42
VND006357,2026-05-24,P013,Moveis Comerciais,Mesas,V003,1,3875.04,2354.0,3991.29,45,1637.29
VND006358,2026-05-24,P014,Servicos sob Demanda,Projetos,V007,1,5447.52,2247.0,5774.37,7,3527.37
VND006359,2026-05-24,P008,Moveis Comerciais,Cadeiras,V008,1,1179.9,684.8,1203.5,0,518.7
VND006360,2026-05-25,P006,Moveis Domesticos,Estofados,V006,1,1005.48,556.4,975.32,15,418.9200000000001
VND006361,2026-05-25,P008,Moveis Comerciais,Cadeiras,V003,2,1179.9,1369.6,2430.59,7,1060.9900000000002
VND006362,2026-05-25,P001,Moveis Domesticos,Estofados,V006,1,1998.0,1177.0,1938.06,15,761.06
VND006363,2026-05-25,P017,Servicos sob Demanda,Consultoria,V004,2,2872.8,1926.0,5171.04,60,3245.04
VND006364,2026-05-25,P009,Moveis Comerciais,Mesas,V004,3,1890.0,3145.8,5103.0,30,1957.1999999999998
VND006365,2026-05-25,P001,Moveis Domesticos,Estofados,V006,1,1938.06,1177.0,1879.92,0,702.9200000000001
VND006366,2026-05-25,P008,Moveis Comerciais,Cadeiras,V005,2,1179.9,1369.6,2595.78,60,1226.1800000000003
VND006367,2026-05-25,P008,Moveis Comerciais,Cadeiras,V002,1,1242.0,684.8,1179.9,30,495.10000000000014
VND006368,2026-05-25,P017,Servicos sob Demanda,Consultoria,V002,1,2933.28,963.0,2786.62,30,1823.62
VND006369,2026-05-25,P007,Moveis Domesticos,Escritorio,V006,2,1458.0,1626.4,2828.52,30,1202.12
VND006370,2026-05-26,P013,Moveis Comerciais,Mesas,V005,1,4085.64,2354.0,4494.2,0,2140.2
VND006371,2026-05-26,P012,Moveis Comerciais,Estacoes,V003,3,5184.0,9148.5,16018.56,45,6870.0599999999995
VND006372,2026-05-26,P008,Moveis Comerciais,Cadeiras,V005,2,1204.74,1369.6,2650.43,7,1280.83
VND006373,2026-05-26,P004,Moveis Domesticos,Dormitorio,V001,1,3247.56,1979.5,3507.36,60,1527.8600000000001
VND006374,2026-05-26,P014,Servicos sob Demanda,Projetos,V002,2,5447.52,4494.0,10350.29,0,5856.290000000001
VND006375,2026-05-26,P007,Moveis Domesticos,Escritorio,V003,1,1414.26,813.2,1456.69,30,643.49
VND006376,2026-05-26,P011,Moveis Comerciais,Atendimento,V005,1,3456.0,1979.5,3801.6,30,1822.1
VND006377,2026-05-26,P002,Moveis Domesticos,Mesas,V008,2,2304.72,2675.0,4701.63,15,2026.63
VND006378,2026-05-26,P001,Moveis Domesticos,Estofados,V003,1,1998.0,1177.0,2057.94,15,880.94
VND006379,2026-05-26,P013,Moveis Comerciais,Mesas,V003,3,4001.4,7062.0,12364.33,30,5302.33
VND006380,2026-05-27,P015,Servicos sob Demanda,Projetos,V008,1,8904.6,3745.0,9082.69,30,5337.6900000000005
VND006381,2026-05-27,P005,Moveis Domesticos,Sala,V002,1,1350.0,770.4,1282.5,30,512.1
VND006382,2026-05-27,P004,Moveis Domesticos,Dormitorio,V003,4,3080.16,7918.0,12690.26,45,4772.26
VND006383,2026-05-27,P005,Moveis Domesticos,Sala,V007,3,1309.5,2311.2,4164.21,60,1853.0100000000002
VND006384,2026-05-27,P006,Moveis Domesticos,Estofados,V008,1,1005.48,556.4,1025.59,0,469.18999999999994
VND006385,2026-05-27,P017,Servicos sob Demanda,Consultoria,V005,1,3024.0,963.0,3326.4,30,2363.4
VND006386,2026-05-27,P011,Moveis Comerciais,Atendimento,V005,2,3456.0,3959.0,7603.2,7,3644.2
VND006387,2026-05-27,P006,Moveis Domesticos,Estofados,V004,1,1026.65,556.4,923.99,0,367.59000000000003
VND006388,2026-05-27,P004,Moveis Domesticos,Dormitorio,V001,1,3180.6,1979.5,3435.05,15,1455.5500000000002
VND006389,2026-05-28,P005,Moveis Domesticos,Sala,V008,1,1282.5,770.4,1308.15,45,537.7500000000001
VND006390,2026-05-28,P003,Moveis Domesticos,Dormitorio,V007,4,2808.0,6420.0,11905.92,30,5485.92
VND006391,2026-05-28,P009,Moveis Comerciais,Mesas,V004,1,1890.0,1048.6,1701.0,30,652.4000000000001
VND006392,2026-05-28,P011,Moveis Comerciais,Atendimento,V004,2,3352.32,3959.0,6034.18,7,2075.1800000000003
VND006393,2026-05-28,P014,Servicos sob Demanda,Projetos,V007,2,5335.2,4494.0,11310.62,0,6816.620000000001
VND006394,2026-05-28,P009,Moveis Comerciais,Mesas,V004,1,1890.0,1048.6,1701.0,15,652.4000000000001
VND006395,2026-05-28,P006,Moveis Domesticos,Estofados,V001,1,1058.4,556.4,1143.07,15,586.67
VND006396,2026-05-28,P009,Moveis Comerciais,Mesas,V003,1,1833.3,1048.6,1888.3,0,839.7
VND006397,2026-05-29,P012,Moveis Comerciais,Estacoes,V005,2,4924.8,6099.0,10834.56,15,4735.5599999999995
VND006398,2026-05-29,P006,Moveis Domesticos,Estofados,V002,1,1058.4,556.4,1005.48,30,449.08000000000004
VND006399,2026-05-29,P009,Moveis Comerciais,Mesas,V004,2,1833.3,2097.2,3299.94,0,1202.7400000000002
VND006400,2026-05-29,P018,Servicos sob Demanda,Projetos,V006,2,7123.68,5564.0,13819.94,30,8255.94
VND006401,2026-05-29,P013,Moveis Comerciais,Mesas,V003,1,4212.0,2354.0,4338.36,60,1984.3599999999997
VND006402,2026-05-29,P005,Moveis Domesticos,Sala,V002,1,1309.5,770.4,1244.02,60,473.62
VND006403,2026-05-29,P010,Moveis Comerciais,Armazenagem,V001,1,2513.7,1498.0,2714.8,30,1216.8000000000002
VND006404,2026-05-29,P009,Moveis Comerciais,Mesas,V008,4,1890.0,4194.4,7711.2,15,3516.8
VND006405,2026-05-29,P001,Moveis Domesticos,Estofados,V007,2,1998.0,2354.0,4235.76,0,1881.7600000000002
VND006406,2026-05-30,P008,Moveis Comerciais,Cadeiras,V006,1,1204.74,684.8,1168.6,30,483.79999999999995
VND006407,2026-05-30,P014,Servicos sob Demanda,Projetos,V007,2,5616.0,4494.0,11905.92,15,7411.92
VND006408,2026-05-30,P005,Moveis Domesticos,Sala,V007,1,1309.5,770.4,1388.07,15,617.67
VND006409,2026-05-30,P004,Moveis Domesticos,Dormitorio,V002,3,3348.0,5938.5,9541.8,30,3603.2999999999993
VND006410,2026-05-30,P006,Moveis Domesticos,Estofados,V004,2,1058.4,1112.8,1905.12,30,792.3199999999999
VND006411,2026-05-30,P001,Moveis Domesticos,Estofados,V004,1,1998.0,1177.0,1798.2,15,621.2
VND006412,2026-05-30,P007,Moveis Domesticos,Escritorio,V007,1,1414.26,813.2,1499.12,30,685.9199999999998
VND006413,2026-05-30,P003,Moveis Domesticos,Dormitorio,V005,1,2667.6,1605.0,2934.36,60,1329.3600000000001
VND006414,2026-05-31,P010,Moveis Comerciais,Armazenagem,V006,1,2646.0,1498.0,2566.62,15,1068.62
VND006415,2026-05-31,P013,Moveis Comerciais,Mesas,V006,1,4085.64,2354.0,3963.07,30,1609.0700000000002
VND006416,2026-05-31,P014,Servicos sob Demanda,Projetos,V001,1,5335.2,2247.0,5762.02,30,3515.0200000000004
VND006417,2026-05-31,P002,Moveis Domesticos,Mesas,V005,1,2376.0,1337.5,2613.6,60,1276.1
VND006418,2026-05-31,P003,Moveis Domesticos,Dormitorio,V003,3,2667.6,4815.0,8242.88,60,3427.879999999999
VND006419,2026-05-31,P001,Moveis Domesticos,Estofados,V006,1,1998.0,1177.0,1938.06,30,761.06
VND006420,2026-05-31,P001,Moveis Domesticos,Estofados,V002,3,1938.06,3531.0,5523.47,0,1992.4700000000003
VND006421,2026-05-31,P006,Moveis Domesticos,Estofados,V001,1,1058.4,556.4,1143.07,7,586.67
VND006422,2026-05-31,P006,Moveis Domesticos,Estofados,V005,2,1058.4,1112.8,2328.48,0,1215.68
VND006423,2026-05-31,P008,Moveis Comerciais,Cadeiras,V001,2,1179.9,1369.6,2548.58,15,1178.98
VND006424,2026-05-31,P015,Servicos sob Demanda,Projetos,V002,2,8904.6,7490.0,16918.74,45,9428.740000000002
VND006425,2026-05-31,P004,Moveis Domesticos,Dormitorio,V003,1,3247.56,1979.5,3344.99,30,1365.4899999999998
VND006426,2026-05-31,P004,Moveis Domesticos,Dormitorio,V006,3,3348.0,5938.5,9742.68,30,3804.1800000000003
VND006427,2026-06-01,P007,Moveis Domesticos,Escritorio,V007,1,1385.1,813.2,1468.21,15,655.01
VND006428,2026-06-01,P006,Moveis Domesticos,Estofados,V001,3,973.73,1669.2,3154.89,30,1485.6899999999998
VND006429,2026-06-01,P005,Moveis Domesticos,Sala,V003,1,1242.0,770.4,1279.26,45,508.86
VND006430,2026-06-01,P013,Moveis Comerciais,Mesas,V001,2,4212.0,4708.0,9097.92,15,4389.92
VND006431,2026-06-01,P018,Servicos sob Demanda,Projetos,V002,1,7344.0,2782.0,6976.8,45,4194.8
VND006432,2026-06-01,P017,Servicos sob Demanda,Consultoria,V007,1,2933.28,963.0,3109.28,15,2146.28
VND006433,2026-06-01,P012,Moveis Comerciais,Estacoes,V003,1,5028.48,3049.5,5179.33,15,2129.83
VND006434,2026-06-01,P005,Moveis Domesticos,Sala,V003,1,1350.0,770.4,1390.5,30,620.1
VND006435,2026-06-01,P009,Moveis Comerciais,Mesas,V007,4,1795.5,4194.4,7612.92,45,3418.5200000000004
VND006436,2026-06-01,P001,Moveis Domesticos,Estofados,V008,1,1998.0,1177.0,2037.96,30,860.96
VND006437,2026-06-01,P010,Moveis Comerciais,Armazenagem,V003,1,2646.0,1498.0,2725.38,30,1227.38
VND006438,2026-06-02,P003,Moveis Domesticos,Dormitorio,V004,2,2667.6,3210.0,4801.68,15,1591.6800000000003
VND006439,2026-06-02,P009,Moveis Comerciais,Mesas,V006,1,1833.3,1048.6,1778.3,30,729.7
VND006440,2026-06-02,P006,Moveis Domesticos,Estofados,V003,3,1058.4,1669.2,3270.46,45,1601.26
VND006441,2026-06-02,P004,Moveis Domesticos,Dormitorio,V001,3,3348.0,5938.5,10847.52,60,4909.02
VND006442,2026-06-02,P002,Moveis Domesticos,Mesas,V003,5,2257.2,6687.5,11624.58,30,4937.08
VND006443,2026-06-02,P010,Moveis Comerciais,Armazenagem,V007,2,2513.7,2996.0,5329.04,30,2333.04
VND006444,2026-06-02,P002,Moveis Domesticos,Mesas,V004,1,2185.92,1337.5,1967.33,30,629.8299999999999
VND006445,2026-06-02,P003,Moveis Domesticos,Dormitorio,V005,3,2667.6,4815.0,8803.08,30,3988.08
VND006446,2026-06-03,P005,Moveis Domesticos,Sala,V001,1,1350.0,770.4,1458.0,0,687.6
VND006447,2026-06-03,P011,Moveis Comerciais,Atendimento,V001,2,3456.0,3959.0,7464.96,15,3505.96
VND006448,2026-06-03,P010,Moveis Comerciais,Armazenagem,V006,1,2513.7,1498.0,2438.29,30,940.29
VND006449,2026-06-03,P003,Moveis Domesticos,Dormitorio,V002,2,2723.76,3210.0,5175.14,60,1965.1400000000003
VND006450,2026-06-03,P005,Moveis Domesticos,Sala,V004,3,1350.0,2311.2,3645.0,45,1333.8000000000002
VND006451,2026-06-03,P009,Moveis Comerciais,Mesas,V003,4,1890.0,4194.4,7786.8,7,3592.4000000000005
VND006452,2026-06-03,P008,Moveis Comerciais,Cadeiras,V007,2,1179.9,1369.6,2501.39,15,1131.79
VND006453,2026-06-03,P012,Moveis Comerciais,Estacoes,V006,1,4924.8,3049.5,4777.06,0,1727.5600000000004
VND006454,2026-06-03,P010,Moveis Comerciais,Armazenagem,V001,2,2434.32,2996.0,5258.13,0,2262.13
VND006455,2026-06-03,P014,Servicos sob Demanda,Projetos,V003,2,5616.0,4494.0,11568.96,30,7074.959999999999
VND006456,2026-06-04,P001,Moveis Domesticos,Estofados,V007,1,1898.1,1177.0,2011.99,30,834.99
VND006457,2026-06-04,P005,Moveis Domesticos,Sala,V004,3,1309.5,2311.2,3535.65,45,1224.4500000000003
VND006458,2026-06-04,P011,Moveis Comerciais,Atendimento,V002,6,3283.2,11877.0,18714.24,7,6837.240000000002
VND006459,2026-06-04,P009,Moveis Comerciais,Mesas,V006,1,1833.3,1048.6,1778.3,7,729.7
VND006460,2026-06-04,P008,Moveis Comerciais,Cadeiras,V001,2,1242.0,1369.6,2682.72,0,1313.12
VND006461,2026-06-04,P004,Moveis Domesticos,Dormitorio,V008,3,3247.56,5938.5,9937.53,60,3999.0300000000007
VND006462,2026-06-04,P012,Moveis Comerciais,Estacoes,V008,1,5028.48,3049.5,5129.05,15,2079.55
VND006463,2026-06-05,P005,Moveis Domesticos,Sala,V007,2,1350.0,1540.8,2862.0,45,1321.2
VND006464,2026-06-05,P004,Moveis Domesticos,Dormitorio,V006,3,3348.0,5938.5,9742.68,30,3804.1800000000003
VND006465,2026-06-05,P015,Servicos sob Demanda,Projetos,V008,1,8721.0,3745.0,8895.42,45,5150.42
VND006466,2026-06-05,P008,Moveis Comerciais,Cadeiras,V002,2,1242.0,1369.6,2359.8,45,990.2000000000003
VND006467,2026-06-05,P003,Moveis Domesticos,Dormitorio,V006,1,2723.76,1605.0,2642.05,30,1037.0500000000002
VND006468,2026-06-05,P008,Moveis Comerciais,Cadeiras,V005,2,1179.9,1369.6,2595.78,0,1226.1800000000003
VND006469,2026-06-05,P014,Servicos sob Demanda,Projetos,V002,2,5335.2,4494.0,10136.88,60,5642.879999999999
VND006470,2026-06-05,P001,Moveis Domesticos,Estofados,V006,3,1998.0,3531.0,5814.18,45,2283.1800000000003
VND006471,2026-06-05,P005,Moveis Domesticos,Sala,V008,2,1309.5,1540.8,2671.38,45,1130.5800000000002
VND006472,2026-06-05,P001,Moveis Domesticos,Estofados,V003,1,1898.1,1177.0,1955.04,15,778.04
VND006473,2026-06-06,P008,Moveis Comerciais,Cadeiras,V003,3,1242.0,2054.4,3837.78,0,1783.38
VND006474,2026-06-06,P008,Moveis Comerciais,Cadeiras,V003,3,1179.9,2054.4,3645.89,0,1591.4899999999998
VND006475,2026-06-06,P004,Moveis Domesticos,Dormitorio,V008,1,3348.0,1979.5,3414.96,30,1435.46
VND006476,2026-06-06,P004,Moveis Domesticos,Dormitorio,V005,2,3348.0,3959.0,7365.6,7,3406.6000000000004
VND006477,2026-06-06,P008,Moveis Comerciais,Cadeiras,V005,1,1242.0,684.8,1366.2,0,681.4000000000001
VND006478,2026-06-06,P012,Moveis Comerciais,Estacoes,V003,3,5184.0,9148.5,16018.56,30,6870.0599999999995
VND006479,2026-06-06,P012,Moveis Comerciais,Estacoes,V001,6,5184.0,18297.0,33592.32,15,15295.32
VND006480,2026-06-06,P005,Moveis Domesticos,Sala,V005,2,1350.0,1540.8,2970.0,15,1429.2
VND006481,2026-06-06,P009,Moveis Comerciais,Mesas,V003,1,1833.3,1048.6,1888.3,0,839.7
VND006482,2026-06-06,P005,Moveis Domesticos,Sala,V008,1,1350.0,770.4,1377.0,30,606.6
VND006483,2026-06-06,P005,Moveis Domesticos,Sala,V008,2,1309.5,1540.8,2671.38,30,1130.5800000000002
VND006484,2026-06-06,P003,Moveis Domesticos,Dormitorio,V008,1,2667.6,1605.0,2720.95,45,1115.9499999999998
VND006485,2026-06-06,P004,Moveis Domesticos,Dormitorio,V004,1,3348.0,1979.5,3013.2,15,1033.6999999999998
VND006486,2026-06-06,P003,Moveis Domesticos,Dormitorio,V008,4,2667.6,6420.0,10883.81,60,4463.8099999999995
VND006487,2026-06-07,P003,Moveis Domesticos,Dormitorio,V006,1,2667.6,1605.0,2587.57,0,982.5700000000002
VND006488,2026-06-07,P009,Moveis Comerciais,Mesas,V002,1,1738.8,1048.6,1651.86,7,603.26
VND006489,2026-06-07,P014,Servicos sob Demanda,Projetos,V001,2,5166.72,4494.0,11160.12,30,6666.120000000001
VND006490,2026-06-07,P001,Moveis Domesticos,Estofados,V004,1,1898.1,1177.0,1708.29,30,531.29
VND006491,2026-06-07,P010,Moveis Comerciais,Armazenagem,V006,1,2566.62,1498.0,2489.62,15,991.6199999999999
VND006492,2026-06-07,P018,Servicos sob Demanda,Projetos,V004,1,7123.68,2782.0,6411.31,0,3629.3100000000004
VND006493,2026-06-07,P011,Moveis Comerciais,Atendimento,V001,3,3456.0,5938.5,11197.44,30,5258.9400000000005
VND006494,2026-06-07,P004,Moveis Domesticos,Dormitorio,V003,2,3348.0,3959.0,6896.88,60,2937.88
VND006495,2026-06-07,P018,Servicos sob Demanda,Projetos,V005,3,7123.68,8346.0,23508.14,45,15162.14
VND006496,2026-06-07,P015,Servicos sob Demanda,Projetos,V004,3,8904.6,11235.0,24042.42,30,12807.419999999998
VND006497,2026-06-07,P014,Servicos sob Demanda,Projetos,V004,1,5616.0,2247.0,5054.4,30,2807.3999999999996
VND006498,2026-06-07,P006,Moveis Domesticos,Estofados,V004,3,1005.48,1669.2,2714.8,15,1045.6000000000001
VND006499,2026-06-08,P016,Servicos sob Demanda,Projetos,V006,1,13095.0,5564.0,12702.15,30,7138.15
VND006500,2026-06-08,P005,Moveis Domesticos,Sala,V002,2,1309.5,1540.8,2488.05,0,947.2500000000002
VND006501,2026-06-08,P001,Moveis Domesticos,Estofados,V005,1,1898.1,1177.0,2087.91,15,910.9099999999999
VND006502,2026-06-08,P008,Moveis Comerciais,Cadeiras,V007,1,1204.74,684.8,1277.02,60,592.22
VND006503,2026-06-08,P003,Moveis Domesticos,Dormitorio,V003,1,2808.0,1605.0,2892.24,45,1287.2399999999998
VND006504,2026-06-08,P005,Moveis Domesticos,Sala,V005,1,1282.5,770.4,1410.75,15,640.35
VND006505,2026-06-08,P005,Moveis Domesticos,Sala,V006,1,1350.0,770.4,1309.5,15,539.1
VND006506,2026-06-09,P005,Moveis Domesticos,Sala,V008,2,1350.0,1540.8,2754.0,30,1213.2
VND006507,2026-06-09,P015,Servicos sob Demanda,Projetos,V002,1,9180.0,3745.0,8721.0,15,4976.0
VND006508,2026-06-09,P010,Moveis Comerciais,Armazenagem,V006,1,2513.7,1498.0,2438.29,15,940.29
VND006509,2026-06-09,P005,Moveis Domesticos,Sala,V004,1,1350.0,770.4,1215.0,30,444.6
VND006510,2026-06-09,P014,Servicos sob Demanda,Projetos,V005,2,5616.0,4494.0,12355.2,30,7861.200000000001
VND006511,2026-06-09,P008,Moveis Comerciais,Cadeiras,V007,1,1204.74,684.8,1277.02,15,592.22
VND006512,2026-06-10,P003,Moveis Domesticos,Dormitorio,V008,1,2723.76,1605.0,2778.24,30,1173.2399999999998
VND006513,2026-06-10,P008,Moveis Comerciais,Cadeiras,V004,2,1242.0,1369.6,2235.6,15,866.0
VND006514,2026-06-10,P003,Moveis Domesticos,Dormitorio,V003,1,2723.76,1605.0,2805.47,15,1200.4699999999998
VND006515,2026-06-10,P018,Servicos sob Demanda,Projetos,V002,4,7123.68,11128.0,27069.98,15,15941.98
VND006516,2026-06-10,P003,Moveis Domesticos,Dormitorio,V006,3,2808.0,4815.0,8171.28,0,3356.2799999999997
VND006517,2026-06-10,P013,Moveis Comerciais,Mesas,V003,1,4001.4,2354.0,4121.44,45,1767.4399999999996
VND006518,2026-06-10,P014,Servicos sob Demanda,Projetos,V004,3,5616.0,6741.0,15163.2,60,8422.2
VND006519,2026-06-10,P010,Moveis Comerciais,Armazenagem,V008,3,2646.0,4494.0,8096.76,45,3602.76
VND006520,2026-06-11,P015,Servicos sob Demanda,Projetos,V007,1,9180.0,3745.0,9730.8,15,5985.799999999999
VND006521,2026-06-11,P009,Moveis Comerciais,Mesas,V002,2,1833.3,2097.2,3483.27,45,1386.0700000000002
VND006522,2026-06-11,P001,Moveis Domesticos,Estofados,V004,1,1938.06,1177.0,1744.25,15,567.25
VND006523,2026-06-11,P006,Moveis Domesticos,Estofados,V001,1,1058.4,556.4,1143.07,7,586.67
VND006524,2026-06-11,P008,Moveis Comerciais,Cadeiras,V001,1,1242.0,684.8,1341.36,60,656.56
VND006525,2026-06-11,P007,Moveis Domesticos,Escritorio,V007,2,1414.26,1626.4,2998.23,0,1371.83
VND006526,2026-06-11,P002,Moveis Domesticos,Mesas,V005,1,2376.0,1337.5,2613.6,7,1276.1
VND006527,2026-06-11,P008,Moveis Comerciais,Cadeiras,V003,2,1204.74,1369.6,2481.76,15,1112.1600000000003
VND006528,2026-06-12,P012,Moveis Comerciais,Estacoes,V007,1,4924.8,3049.5,5220.29,30,2170.79
VND006529,2026-06-12,P005,Moveis Domesticos,Sala,V007,2,1309.5,1540.8,2776.14,15,1235.34
VND006530,2026-06-12,P003,Moveis Domesticos,Dormitorio,V008,2,2808.0,3210.0,5728.32,30,2518.3199999999997
VND006531,2026-06-12,P001,Moveis Domesticos,Estofados,V006,1,1898.1,1177.0,1841.16,45,664.1600000000001
VND006532,2026-06-12,P014,Servicos sob Demanda,Projetos,V007,1,5335.2,2247.0,5655.31,30,3408.3100000000004
VND006533,2026-06-12,P013,Moveis Comerciais,Mesas,V005,1,4212.0,2354.0,4633.2,0,2279.2
VND006534,2026-06-12,P002,Moveis Domesticos,Mesas,V007,3,2376.0,4012.5,7555.68,0,3543.1800000000003
VND006535,2026-06-12,P002,Moveis Domesticos,Mesas,V002,1,2376.0,1337.5,2257.2,30,919.6999999999998
VND006536,2026-06-12,P001,Moveis Domesticos,Estofados,V001,1,1998.0,1177.0,2157.84,15,980.8400000000001
VND006537,2026-06-13,P018,Servicos sob Demanda,Projetos,V006,2,7123.68,5564.0,13819.94,45,8255.94
VND006538,2026-06-13,P017,Servicos sob Demanda,Consultoria,V006,3,2933.28,2889.0,8535.84,30,5646.84
VND006539,2026-06-13,P001,Moveis Domesticos,Estofados,V005,2,1898.1,2354.0,4175.82,0,1821.8199999999997
VND006540,2026-06-13,P013,Moveis Comerciais,Mesas,V008,1,4085.64,2354.0,4167.35,45,1813.3500000000004
VND006541,2026-06-13,P016,Servicos sob Demanda,Projetos,V002,2,13500.0,11128.0,25650.0,45,14522.0
VND006542,2026-06-13,P001,Moveis Domesticos,Estofados,V004,2,1998.0,2354.0,3596.4,0,1242.4
VND006543,2026-06-14,P002,Moveis Domesticos,Mesas,V005,2,2376.0,2675.0,5227.2,45,2552.2
VND006544,2026-06-14,P004,Moveis Domesticos,Dormitorio,V006,2,3348.0,3959.0,6495.12,30,2536.12
VND006545,2026-06-14,P001,Moveis Domesticos,Estofados,V005,2,1938.06,2354.0,4263.73,30,1909.7299999999996
VND006546,2026-06-14,P013,Moveis Comerciais,Mesas,V005,4,4085.64,9416.0,17976.82,15,8560.82
VND006547,2026-06-14,P006,Moveis Domesticos,Estofados,V002,1,1058.4,556.4,1005.48,0,449.08000000000004
VND006548,2026-06-14,P009,Moveis Comerciais,Mesas,V001,3,1795.5,3145.8,5817.42,30,2671.62
VND006549,2026-06-14,P011,Moveis Comerciais,Atendimento,V007,1,3352.32,1979.5,3553.46,0,1573.96
VND006550,2026-06-14,P004,Moveis Domesticos,Dormitorio,V007,1,3080.16,1979.5,3264.97,45,1285.4699999999998
VND006551,2026-06-15,P002,Moveis Domesticos,Mesas,V006,1,2257.2,1337.5,2189.48,7,851.98
VND006552,2026-06-15,P008,Moveis Comerciais,Cadeiras,V005,2,1242.0,1369.6,2732.4,0,1362.8000000000002
VND006553,2026-06-15,P016,Servicos sob Demanda,Projetos,V004,1,13500.0,5564.0,12150.0,0,6586.0
VND006554,2026-06-15,P007,Moveis Domesticos,Escritorio,V002,1,1458.0,813.2,1385.1,15,571.8999999999999
VND006555,2026-06-15,P016,Servicos sob Demanda,Projetos,V007,2,12825.0,11128.0,27189.0,0,16061.0
VND006556,2026-06-15,P010,Moveis Comerciais,Armazenagem,V006,2,2646.0,2996.0,5133.24,30,2137.24
VND006557,2026-06-15,P002,Moveis Domesticos,Mesas,V008,1,2304.72,1337.5,2350.81,0,1013.31
VND006558,2026-06-16,P009,Moveis Comerciais,Mesas,V002,1,1890.0,1048.6,1795.5,45,746.9000000000001
VND006559,2026-06-16,P018,Servicos sob Demanda,Projetos,V002,1,7344.0,2782.0,6976.8,30,4194.8
VND006560,2026-06-16,P008,Moveis Comerciais,Cadeiras,V007,3,1142.64,2054.4,3633.6,45,1579.1999999999998
VND006561,2026-06-16,P008,Moveis Comerciais,Cadeiras,V006,3,1242.0,2054.4,3614.22,7,1559.8199999999997
VND006562,2026-06-16,P002,Moveis Domesticos,Mesas,V003,2,2376.0,2675.0,4894.56,0,2219.5600000000004
VND006563,2026-06-17,P013,Moveis Comerciais,Mesas,V007,2,4212.0,4708.0,8929.44,15,4221.4400000000005
VND006564,2026-06-17,P007,Moveis Domesticos,Escritorio,V004,1,1414.26,813.2,1272.83,0,459.6299999999999
VND006565,2026-06-17,P001,Moveis Domesticos,Estofados,V008,1,1898.1,1177.0,1936.06,30,759.06
VND006566,2026-06-17,P011,Moveis Comerciais,Atendimento,V007,3,3283.2,5938.5,10440.58,15,4502.08
VND006567,2026-06-17,P017,Servicos sob Demanda,Consultoria,V005,3,2933.28,2889.0,9679.82,45,6790.82
VND006568,2026-06-17,P007,Moveis Domesticos,Escritorio,V006,1,1414.26,813.2,1371.83,15,558.6299999999999
VND006569,2026-06-17,P005,Moveis Domesticos,Sala,V002,2,1350.0,1540.8,2565.0,30,1024.2
VND006570,2026-06-17,P007,Moveis Domesticos,Escritorio,V008,1,1458.0,813.2,1487.16,45,673.96
VND006571,2026-06-17,P002,Moveis Domesticos,Mesas,V007,1,2304.72,1337.5,2443.0,15,1105.5
VND006572,2026-06-17,P010,Moveis Comerciais,Armazenagem,V007,3,2566.62,4494.0,8161.85,60,3667.8500000000004
VND006573,2026-06-17,P011,Moveis Comerciais,Atendimento,V006,2,3456.0,3959.0,6704.64,0,2745.6400000000003
VND006574,2026-06-17,P009,Moveis Comerciais,Mesas,V008,1,1833.3,1048.6,1869.97,15,821.3700000000001
VND006575,2026-06-17,P017,Servicos sob Demanda,Consultoria,V002,2,3024.0,1926.0,5745.6,7,3819.6000000000004
VND006576,2026-06-17,P009,Moveis Comerciais,Mesas,V002,1,1795.5,1048.6,1705.72,30,657.1200000000001
VND006577,2026-06-17,P017,Servicos sob Demanda,Consultoria,V001,2,2782.08,1926.0,6009.29,30,4083.29
VND006578,2026-06-17,P005,Moveis Domesticos,Sala,V004,2,1350.0,1540.8,2430.0,30,889.2
VND006579,2026-06-17,P014,Servicos sob Demanda,Projetos,V002,2,5447.52,4494.0,10350.29,7,5856.290000000001
VND006580,2026-06-17,P016,Servicos sob Demanda,Projetos,V002,2,12420.0,11128.0,23598.0,15,12470.0
VND006581,2026-06-17,P005,Moveis Domesticos,Sala,V004,1,1350.0,770.4,1215.0,30,444.6
VND006582,2026-06-18,P017,Servicos sob Demanda,Consultoria,V003,3,3024.0,2889.0,9344.16,0,6455.16
VND006583,2026-06-18,P015,Servicos sob Demanda,Projetos,V006,1,9180.0,3745.0,8904.6,30,5159.6
VND006584,2026-06-18,P011,Moveis Comerciais,Atendimento,V001,1,3283.2,1979.5,3545.86,45,1566.3600000000001
VND006585,2026-06-18,P006,Moveis Domesticos,Estofados,V001,3,1058.4,1669.2,3429.22,0,1760.0199999999998
VND006586,2026-06-18,P014,Servicos sob Demanda,Projetos,V001,7,5166.72,15729.0,39060.4,60,23331.4
VND006587,2026-06-18,P004,Moveis Domesticos,Dormitorio,V007,1,3348.0,1979.5,3548.88,0,1569.38
VND006588,2026-06-18,P010,Moveis Comerciais,Armazenagem,V005,1,2566.62,1498.0,2823.28,60,1325.2800000000002
VND006589,2026-06-19,P003,Moveis Domesticos,Dormitorio,V002,1,2723.76,1605.0,2587.57,45,982.5700000000002
VND006590,2026-06-19,P003,Moveis Domesticos,Dormitorio,V003,2,2808.0,3210.0,5784.48,30,2574.4799999999996
VND006591,2026-06-20,P012,Moveis Comerciais,Estacoes,V004,2,5184.0,6099.0,9331.2,0,3232.2000000000007
VND006592,2026-06-20,P008,Moveis Comerciais,Cadeiras,V006,1,1179.9,684.8,1144.5,15,459.70000000000005
VND006593,2026-06-20,P008,Moveis Comerciais,Cadeiras,V004,5,1242.0,3424.0,5589.0,0,2165.0
VND006594,2026-06-20,P005,Moveis Domesticos,Sala,V004,1,1350.0,770.4,1215.0,15,444.6
VND006595,2026-06-20,P004,Moveis Domesticos,Dormitorio,V005,1,3180.6,1979.5,3498.66,30,1519.1599999999999
VND006596,2026-06-20,P017,Servicos sob Demanda,Consultoria,V008,1,2872.8,963.0,2930.26,15,1967.2600000000002
VND006597,2026-06-20,P008,Moveis Comerciais,Cadeiras,V004,2,1242.0,1369.6,2235.6,30,866.0
VND006598,2026-06-20,P005,Moveis Domesticos,Sala,V007,1,1350.0,770.4,1431.0,15,660.6
VND006599,2026-06-20,P008,Moveis Comerciais,Cadeiras,V002,1,1179.9,684.8,1120.9,0,436.10000000000014
VND006600,2026-06-20,P015,Servicos sob Demanda,Projetos,V002,4,9180.0,14980.0,34884.0,0,19904.0
VND006601,2026-06-21,P015,Servicos sob Demanda,Projetos,V003,2,9180.0,7490.0,18910.8,7,11420.8
VND006602,2026-06-21,P013,Moveis Comerciais,Mesas,V005,1,4212.0,2354.0,4633.2,0,2279.2
VND006603,2026-06-21,P013,Moveis Comerciais,Mesas,V007,1,4001.4,2354.0,4241.48,15,1887.4799999999996
VND006604,2026-06-21,P012,Moveis Comerciais,Estacoes,V004,2,4924.8,6099.0,8864.64,60,2765.6399999999994
VND006605,2026-06-22,P012,Moveis Comerciais,Estacoes,V005,1,5184.0,3049.5,5702.4,45,2652.8999999999996
VND006606,2026-06-22,P006,Moveis Domesticos,Estofados,V002,1,1058.4,556.4,1005.48,15,449.08000000000004
VND006607,2026-06-22,P007,Moveis Domesticos,Escritorio,V008,1,1458.0,813.2,1487.16,30,673.96
VND006608,2026-06-22,P010,Moveis Comerciais,Armazenagem,V007,1,2434.32,1498.0,2580.38,0,1082.38
VND006609,2026-06-22,P011,Moveis Comerciais,Atendimento,V001,1,3456.0,1979.5,3732.48,30,1752.98
VND006610,2026-06-22,P018,Servicos sob Demanda,Projetos,V006,3,6756.48,8346.0,19661.36,45,11315.36
VND006611,2026-06-22,P001,Moveis Domesticos,Estofados,V004,1,1838.16,1177.0,1654.34,15,477.3399999999999
VND006612,2026-06-22,P018,Servicos sob Demanda,Projetos,V006,1,7344.0,2782.0,7123.68,0,4341.68
VND006613,2026-06-23,P005,Moveis Domesticos,Sala,V007,2,1350.0,1540.8,2862.0,30,1321.2
VND006614,2026-06-23,P002,Moveis Domesticos,Mesas,V002,1,2257.2,1337.5,2144.34,45,806.8400000000001
VND006615,2026-06-23,P005,Moveis Domesticos,Sala,V001,2,1309.5,1540.8,2828.52,15,1287.72
VND006616,2026-06-23,P005,Moveis Domesticos,Sala,V003,3,1309.5,2311.2,4046.36,60,1735.1600000000003
VND006617,2026-06-23,P007,Moveis Domesticos,Escritorio,V008,4,1385.1,3252.8,5651.21,45,2398.41
VND006618,2026-06-23,P002,Moveis Domesticos,Mesas,V008,1,2376.0,1337.5,2423.52,30,1086.02
VND006619,2026-06-24,P012,Moveis Comerciais,Estacoes,V006,3,5184.0,9148.5,15085.44,7,5936.9400000000005
VND006620,2026-06-24,P009,Moveis Comerciais,Mesas,V002,1,1833.3,1048.6,1741.63,30,693.0300000000002
VND006621,2026-06-24,P018,Servicos sob Demanda,Projetos,V001,1,7344.0,2782.0,7931.52,15,5149.52
VND006622,2026-06-24,P009,Moveis Comerciais,Mesas,V001,2,1890.0,2097.2,4082.4,30,1985.2000000000003
VND006623,2026-06-24,P018,Servicos sob Demanda,Projetos,V004,1,7344.0,2782.0,6609.6,7,3827.6000000000004
VND006624,2026-06-24,P001,Moveis Domesticos,Estofados,V005,1,1998.0,1177.0,2197.8,7,1020.8000000000002
VND006625,2026-06-25,P011,Moveis Comerciais,Atendimento,V002,3,3352.32,5938.5,9554.11,45,3615.6100000000006
VND006626,2026-06-25,P004,Moveis Domesticos,Dormitorio,V008,1,3080.16,1979.5,3141.76,15,1162.2600000000002
VND006627,2026-06-25,P008,Moveis Comerciais,Cadeiras,V008,1,1179.9,684.8,1203.5,15,518.7
VND006628,2026-06-25,P003,Moveis Domesticos,Dormitorio,V008,1,2583.36,1605.0,2635.03,15,1030.0300000000002
VND006629,2026-06-25,P009,Moveis Comerciais,Mesas,V008,1,1738.8,1048.6,1773.58,60,724.98
VND006630,2026-06-25,P005,Moveis Domesticos,Sala,V005,1,1282.5,770.4,1410.75,0,640.35
VND006631,2026-06-25,P007,Moveis Domesticos,Escritorio,V008,1,1385.1,813.2,1412.8,30,599.5999999999999
VND006632,2026-06-25,P009,Moveis Comerciais,Mesas,V007,1,1890.0,1048.6,2003.4,45,954.8000000000002
VND006633,2026-06-26,P008,Moveis Comerciais,Cadeiras,V003,4,1242.0,2739.2,5117.04,30,2377.84
VND006634,2026-06-26,P003,Moveis Domesticos,Dormitorio,V007,1,2723.76,1605.0,2887.19,45,1282.19
VND006635,2026-06-26,P004,Moveis Domesticos,Dormitorio,V007,2,3348.0,3959.0,7097.76,15,3138.76
VND006636,2026-06-26,P005,Moveis Domesticos,Sala,V007,1,1350.0,770.4,1431.0,30,660.6
VND006637,2026-06-27,P008,Moveis Comerciais,Cadeiras,V008,1,1179.9,684.8,1203.5,45,518.7
VND006638,2026-06-27,P006,Moveis Domesticos,Estofados,V002,2,1058.4,1112.8,2010.96,30,898.1600000000001
VND006639,2026-06-27,P014,Servicos sob Demanda,Projetos,V005,1,5335.2,2247.0,5868.72,30,3621.7200000000003
VND006640,2026-06-27,P008,Moveis Comerciais,Cadeiras,V003,2,1242.0,1369.6,2558.52,15,1188.92
VND006641,2026-06-27,P009,Moveis Comerciais,Mesas,V004,1,1890.0,1048.6,1701.0,15,652.4000000000001
VND006642,2026-06-27,P008,Moveis Comerciais,Cadeiras,V001,1,1242.0,684.8,1341.36,15,656.56
VND006643,2026-06-27,P009,Moveis Comerciais,Mesas,V007,1,1890.0,1048.6,2003.4,30,954.8000000000002
VND006644,2026-06-27,P013,Moveis Comerciais,Mesas,V008,3,4212.0,7062.0,12888.72,0,5826.719999999999
VND006645,2026-06-27,P014,Servicos sob Demanda,Projetos,V004,1,5447.52,2247.0,4902.77,15,2655.7700000000004
VND006646,2026-06-27,P007,Moveis Domesticos,Escritorio,V006,1,1458.0,813.2,1414.26,45,601.06
VND006647,2026-06-28,P014,Servicos sob Demanda,Projetos,V008,2,5447.52,4494.0,11112.94,0,6618.9400000000005
VND006648,2026-06-28,P008,Moveis Comerciais,Cadeiras,V004,1,1242.0,684.8,1117.8,30,433.0
VND006649,2026-06-28,P002,Moveis Domesticos,Mesas,V002,1,2257.2,1337.5,2144.34,30,806.8400000000001
VND006650,2026-06-28,P006,Moveis Domesticos,Estofados,V001,2,1026.65,1112.8,2217.56,15,1104.76
VND006651,2026-06-28,P005,Moveis Domesticos,Sala,V006,2,1242.0,1540.8,2409.48,0,868.6800000000001
VND006652,2026-06-28,P008,Moveis Comerciais,Cadeiras,V001,1,1242.0,684.8,1341.36,60,656.56
VND006653,2026-06-28,P005,Moveis Domesticos,Sala,V001,1,1350.0,770.4,1458.0,0,687.6
VND006654,2026-06-28,P006,Moveis Domesticos,Estofados,V003,1,1058.4,556.4,1090.15,60,533.7500000000001
VND006655,2026-06-28,P005,Moveis Domesticos,Sala,V008,1,1282.5,770.4,1308.15,30,537.7500000000001
VND006656,2026-06-28,P005,Moveis Domesticos,Sala,V007,2,1350.0,1540.8,2862.0,0,1321.2
VND006657,2026-06-28,P001,Moveis Domesticos,Estofados,V001,1,1998.0,1177.0,2157.84,45,980.8400000000001
VND006658,2026-06-29,P013,Moveis Comerciais,Mesas,V008,2,4001.4,4708.0,8162.86,15,3454.8599999999997
VND006659,2026-06-29,P006,Moveis Domesticos,Estofados,V004,2,1005.48,1112.8,1809.86,0,697.06
VND006660,2026-06-29,P008,Moveis Comerciais,Cadeiras,V002,1,1179.9,684.8,1120.9,60,436.10000000000014
VND006661,2026-06-30,P010,Moveis Comerciais,Armazenagem,V007,3,2646.0,4494.0,8414.28,30,3920.2800000000007
VND006662,2026-06-30,P001,Moveis Domesticos,Estofados,V004,1,1938.06,1177.0,1744.25,0,567.25
VND006663,2026-06-30,P006,Moveis Domesticos,Estofados,V001,1,1058.4,556.4,1143.07,7,586.67
VND006664,2026-06-30,P003,Moveis Domesticos,Dormitorio,V005,1,2667.6,1605.0,2934.36,0,1329.3600000000001
VND006665,2026-06-30,P006,Moveis Domesticos,Estofados,V001,1,1058.4,556.4,1143.07,60,586.67
VND006666,2026-06-30,P018,Servicos sob Demanda,Projetos,V003,1,7123.68,2782.0,7337.39,45,4555.39
VND006667,2026-06-30,P018,Servicos sob Demanda,Projetos,V001,2,7123.68,5564.0,15387.15,30,9823.15
VND006668,2026-07-01,P001,Moveis Domesticos,Estofados,V005,3,1898.1,3531.0,6263.73,0,2732.7299999999996
VND006669,2026-07-01,P013,Moveis Comerciais,Mesas,V003,1,4212.0,2354.0,4338.36,7,1984.3599999999997
VND006670,2026-07-01,P018,Servicos sob Demanda,Projetos,V003,1,7344.0,2782.0,7564.32,15,4782.32
VND006671,2026-07-01,P001,Moveis Domesticos,Estofados,V008,2,1898.1,2354.0,3872.12,60,1518.12
VND006672,2026-07-01,P012,Moveis Comerciais,Estacoes,V008,2,5028.48,6099.0,10258.1,7,4159.1
VND006673,2026-07-01,P005,Moveis Domesticos,Sala,V006,1,1309.5,770.4,1270.21,30,499.81000000000006
VND006674,2026-07-01,P010,Moveis Comerciais,Armazenagem,V007,1,2646.0,1498.0,2804.76,0,1306.7600000000002
VND006675,2026-07-01,P016,Servicos sob Demanda,Projetos,V006,2,12420.0,11128.0,24094.8,0,12966.8
VND006676,2026-07-01,P009,Moveis Comerciais,Mesas,V001,6,1833.3,6291.6,11879.78,30,5588.18
VND006677,2026-07-02,P010,Moveis Comerciais,Armazenagem,V001,1,2513.7,1498.0,2714.8,0,1216.8000000000002
VND006678,2026-07-02,P004,Moveis Domesticos,Dormitorio,V008,1,3180.6,1979.5,3244.21,0,1264.71
VND006679,2026-07-02,P008,Moveis Comerciais,Cadeiras,V008,2,1204.74,1369.6,2457.67,45,1088.0700000000002
VND006680,2026-07-02,P008,Moveis Comerciais,Cadeiras,V005,1,1242.0,684.8,1366.2,15,681.4000000000001
VND006681,2026-07-02,P009,Moveis Comerciais,Mesas,V005,2,1833.3,2097.2,4033.26,15,1936.0600000000004
VND006682,2026-07-02,P009,Moveis Comerciais,Mesas,V007,1,1890.0,1048.6,2003.4,0,954.8000000000002
VND006683,2026-07-02,P005,Moveis Domesticos,Sala,V005,1,1350.0,770.4,1485.0,60,714.6
VND006684,2026-07-02,P001,Moveis Domesticos,Estofados,V005,1,1998.0,1177.0,2197.8,60,1020.8000000000002
VND006685,2026-07-02,P011,Moveis Comerciais,Atendimento,V002,1,3352.32,1979.5,3184.7,15,1205.1999999999998
VND006686,2026-07-03,P008,Moveis Comerciais,Cadeiras,V001,2,1204.74,1369.6,2602.24,7,1232.6399999999999
VND006687,2026-07-03,P017,Servicos sob Demanda,Consultoria,V002,1,2782.08,963.0,2642.98,0,1679.98
VND006688,2026-07-03,P013,Moveis Comerciais,Mesas,V008,1,4212.0,2354.0,4296.24,60,1942.2399999999998
VND006689,2026-07-03,P006,Moveis Domesticos,Estofados,V001,1,1058.4,556.4,1143.07,0,586.67
VND006690,2026-07-03,P001,Moveis Domesticos,Estofados,V001,3,1898.1,3531.0,6149.84,15,2618.84
VND006691,2026-07-03,P001,Moveis Domesticos,Estofados,V001,3,1998.0,3531.0,6473.52,45,2942.5200000000004
VND006692,2026-07-03,P010,Moveis Comerciais,Armazenagem,V005,1,2566.62,1498.0,2823.28,15,1325.2800000000002
VND006693,2026-07-03,P002,Moveis Domesticos,Mesas,V008,3,2376.0,4012.5,7270.56,30,3258.0600000000004
VND006694,2026-07-04,P018,Servicos sob Demanda,Projetos,V005,2,7123.68,5564.0,15672.1,0,10108.1
VND006695,2026-07-04,P017,Servicos sob Demanda,Consultoria,V004,1,2933.28,963.0,2639.95,30,1676.9499999999998
VND006696,2026-07-04,P011,Moveis Comerciais,Atendimento,V001,1,3456.0,1979.5,3732.48,15,1752.98
VND006697,2026-07-04,P008,Moveis Comerciais,Cadeiras,V002,1,1242.0,684.8,1179.9,7,495.10000000000014
VND006698,2026-07-04,P007,Moveis Domesticos,Escritorio,V003,1,1458.0,813.2,1501.74,30,688.54
VND006699,2026-07-04,P001,Moveis Domesticos,Estofados,V004,1,1898.1,1177.0,1708.29,60,531.29
VND006700,2026-07-04,P009,Moveis Comerciais,Mesas,V008,1,1833.3,1048.6,1869.97,60,821.3700000000001
VND006701,2026-07-04,P009,Moveis Comerciais,Mesas,V007,1,1890.0,1048.6,2003.4,60,954.8000000000002
VND006702,2026-07-04,P007,Moveis Domesticos,Escritorio,V006,1,1458.0,813.2,1414.26,0,601.06
VND006703,2026-07-04,P018,Servicos sob Demanda,Projetos,V008,1,7344.0,2782.0,7490.88,30,4708.88
VND006704,2026-07-05,P007,Moveis Domesticos,Escritorio,V004,1,1458.0,813.2,1312.2,0,499.0
VND006705,2026-07-05,P001,Moveis Domesticos,Estofados,V008,2,1998.0,2354.0,4075.92,0,1721.92
VND006706,2026-07-05,P003,Moveis Domesticos,Dormitorio,V008,1,2808.0,1605.0,2864.16,60,1259.1599999999999
VND006707,2026-07-05,P013,Moveis Comerciais,Mesas,V005,2,4001.4,4708.0,8803.08,30,4095.08
VND006708,2026-07-05,P016,Servicos sob Demanda,Projetos,V008,2,13095.0,11128.0,26713.8,30,15585.8
VND006709,2026-07-06,P006,Moveis Domesticos,Estofados,V006,1,1058.4,556.4,1026.65,15,470.2500000000001
VND006710,2026-07-06,P017,Servicos sob Demanda,Consultoria,V008,1,3024.0,963.0,3084.48,30,2121.48
VND006711,2026-07-06,P018,Servicos sob Demanda,Projetos,V008,2,7344.0,5564.0,14981.76,30,9417.76
VND006712,2026-07-07,P003,Moveis Domesticos,Dormitorio,V008,1,2723.76,1605.0,2778.24,0,1173.2399999999998
VND006713,2026-07-07,P012,Moveis Comerciais,Estacoes,V007,1,5028.48,3049.5,5330.19,0,2280.6899999999996
VND006714,2026-07-07,P005,Moveis Domesticos,Sala,V004,1,1282.5,770.4,1154.25,15,383.85
VND006715,2026-07-07,P003,Moveis Domesticos,Dormitorio,V007,1,2808.0,1605.0,2976.48,15,1371.48
VND006716,2026-07-07,P002,Moveis Domesticos,Mesas,V002,1,2185.92,1337.5,2076.62,30,739.1199999999999
VND006717,2026-07-08,P011,Moveis Comerciais,Atendimento,V003,1,3283.2,1979.5,3381.7,45,1402.1999999999998
VND006718,2026-07-08,P001,Moveis Domesticos,Estofados,V006,1,1938.06,1177.0,1879.92,15,702.9200000000001
VND006719,2026-07-08,P015,Servicos sob Demanda,Projetos,V003,1,9180.0,3745.0,9455.4,15,5710.4
VND006720,2026-07-08,P007,Moveis Domesticos,Escritorio,V005,1,1385.1,813.2,1523.61,0,710.4099999999999
VND006721,2026-07-08,P004,Moveis Domesticos,Dormitorio,V006,2,3348.0,3959.0,6495.12,30,2536.12
VND006722,2026-07-08,P006,Moveis Domesticos,Estofados,V006,1,1026.65,556.4,995.85,7,439.45000000000005
VND006723,2026-07-08,P009,Moveis Comerciais,Mesas,V003,2,1890.0,2097.2,3893.4,45,1796.2000000000003
VND006724,2026-07-08,P018,Servicos sob Demanda,Projetos,V006,3,6976.8,8346.0,20302.49,15,11956.490000000002
VND006725,2026-07-09,P016,Servicos sob Demanda,Projetos,V003,1,12825.0,5564.0,13209.75,45,7645.75
VND006726,2026-07-09,P011,Moveis Comerciais,Atendimento,V002,1,3456.0,1979.5,3283.2,0,1303.6999999999998
VND006727,2026-07-09,P013,Moveis Comerciais,Mesas,V003,1,4212.0,2354.0,4338.36,30,1984.3599999999997
VND006728,2026-07-09,P005,Moveis Domesticos,Sala,V003,2,1350.0,1540.8,2781.0,30,1240.2
VND006729,2026-07-09,P016,Servicos sob Demanda,Projetos,V004,1,13500.0,5564.0,12150.0,15,6586.0
VND006730,2026-07-09,P005,Moveis Domesticos,Sala,V005,1,1309.5,770.4,1440.45,45,670.0500000000001
VND006731,2026-07-09,P016,Servicos sob Demanda,Projetos,V001,1,13500.0,5564.0,14580.0,30,9016.0
VND006732,2026-07-09,P002,Moveis Domesticos,Mesas,V002,1,2376.0,1337.5,2257.2,30,919.6999999999998
VND006733,2026-07-09,P018,Servicos sob Demanda,Projetos,V007,1,7344.0,2782.0,7784.64,45,5002.64
VND006734,2026-07-09,P011,Moveis Comerciais,Atendimento,V006,1,3352.32,1979.5,3251.75,0,1272.25
VND006735,2026-07-09,P006,Moveis Domesticos,Estofados,V003,2,1005.48,1112.8,2071.29,0,958.49
VND006736,2026-07-10,P018,Servicos sob Demanda,Projetos,V003,1,7344.0,2782.0,7564.32,15,4782.32
VND006737,2026-07-10,P008,Moveis Comerciais,Cadeiras,V005,1,1242.0,684.8,1366.2,7,681.4000000000001
VND006738,2026-07-10,P013,Moveis Comerciais,Mesas,V008,2,4001.4,4708.0,8162.86,15,3454.8599999999997
VND006739,2026-07-10,P008,Moveis Comerciais,Cadeiras,V003,1,1242.0,684.8,1279.26,30,594.46
VND006740,2026-07-10,P017,Servicos sob Demanda,Consultoria,V005,1,2933.28,963.0,3226.61,0,2263.61
VND006741,2026-07-10,P002,Moveis Domesticos,Mesas,V001,1,2376.0,1337.5,2566.08,0,1228.58
VND006742,2026-07-10,P014,Servicos sob Demanda,Projetos,V001,4,5616.0,8988.0,24261.12,15,15273.119999999999
VND006743,2026-07-10,P007,Moveis Domesticos,Escritorio,V005,1,1458.0,813.2,1603.8,30,790.5999999999999
VND006744,2026-07-10,P006,Moveis Domesticos,Estofados,V005,1,1026.65,556.4,1129.32,30,572.92
VND006745,2026-07-10,P014,Servicos sob Demanda,Projetos,V002,1,5616.0,2247.0,5335.2,15,3088.2
VND006746,2026-07-11,P005,Moveis Domesticos,Sala,V001,1,1350.0,770.4,1458.0,15,687.6
VND006747,2026-07-11,P011,Moveis Comerciais,Atendimento,V004,1,3456.0,1979.5,3110.4,45,1130.9
VND006748,2026-07-11,P014,Servicos sob Demanda,Projetos,V002,3,5447.52,6741.0,15525.43,15,8784.43
VND006749,2026-07-11,P007,Moveis Domesticos,Escritorio,V003,4,1414.26,3252.8,5826.75,45,2573.95
VND006750,2026-07-11,P018,Servicos sob Demanda,Projetos,V005,2,7344.0,5564.0,16156.8,30,10592.8
VND006751,2026-07-11,P018,Servicos sob Demanda,Projetos,V003,2,7123.68,5564.0,14674.78,60,9110.78
VND006752,2026-07-11,P003,Moveis Domesticos,Dormitorio,V003,2,2583.36,3210.0,5321.72,30,2111.7200000000003
VND006753,2026-07-11,P009,Moveis Comerciais,Mesas,V006,1,1890.0,1048.6,1833.3,15,784.7
VND006754,2026-07-12,P017,Servicos sob Demanda,Consultoria,V005,1,3024.0,963.0,3326.4,15,2363.4
VND006755,2026-07-12,P008,Moveis Comerciais,Cadeiras,V003,1,1179.9,684.8,1215.3,30,530.5
VND006756,2026-07-12,P003,Moveis Domesticos,Dormitorio,V002,2,2583.36,3210.0,4908.38,30,1698.38
VND006757,2026-07-12,P002,Moveis Domesticos,Mesas,V001,1,2376.0,1337.5,2566.08,0,1228.58
VND006758,2026-07-12,P015,Servicos sob Demanda,Projetos,V002,1,8721.0,3745.0,8284.95,7,4539.950000000001
VND006759,2026-07-12,P008,Moveis Comerciais,Cadeiras,V005,1,1242.0,684.8,1366.2,30,681.4000000000001
VND006760,2026-07-12,P007,Moveis Domesticos,Escritorio,V004,1,1414.26,813.2,1272.83,0,459.6299999999999
VND006761,2026-07-12,P002,Moveis Domesticos,Mesas,V008,1,2257.2,1337.5,2302.34,30,964.8400000000001
VND006762,2026-07-12,P001,Moveis Domesticos,Estofados,V005,1,1998.0,1177.0,2197.8,0,1020.8000000000002
VND006763,2026-07-12,P001,Moveis Domesticos,Estofados,V001,2,1938.06,2354.0,4186.21,0,1832.21
VND006764,2026-07-13,P002,Moveis Domesticos,Mesas,V008,2,2304.72,2675.0,4701.63,45,2026.63
VND006765,2026-07-13,P010,Moveis Comerciais,Armazenagem,V008,2,2566.62,2996.0,5235.9,30,2239.8999999999996
VND006766,2026-07-13,P009,Moveis Comerciais,Mesas,V002,1,1833.3,1048.6,1741.63,30,693.0300000000002
VND006767,2026-07-13,P006,Moveis Domesticos,Estofados,V003,1,1058.4,556.4,1090.15,0,533.7500000000001
VND006768,2026-07-13,P007,Moveis Domesticos,Escritorio,V008,1,1414.26,813.2,1442.55,30,629.3499999999999
VND006769,2026-07-13,P010,Moveis Comerciais,Armazenagem,V006,4,2566.62,5992.0,9958.49,30,3966.49
VND006770,2026-07-13,P015,Servicos sob Demanda,Projetos,V006,3,8721.0,11235.0,25378.11,30,14143.11
VND006771,2026-07-13,P017,Servicos sob Demanda,Consultoria,V002,2,2933.28,1926.0,5573.23,30,3647.2299999999996
VND006772,2026-07-13,P005,Moveis Domesticos,Sala,V004,2,1350.0,1540.8,2430.0,45,889.2
VND006773,2026-07-14,P006,Moveis Domesticos,Estofados,V007,3,1058.4,1669.2,3365.71,0,1696.51
VND006774,2026-07-14,P011,Moveis Comerciais,Atendimento,V001,2,3456.0,3959.0,7464.96,30,3505.96
VND006775,2026-07-14,P003,Moveis Domesticos,Dormitorio,V003,3,2723.76,4815.0,8416.42,15,3601.42
VND006776,2026-07-14,P005,Moveis Domesticos,Sala,V004,2,1350.0,1540.8,2430.0,7,889.2
VND006777,2026-07-14,P018,Servicos sob Demanda,Projetos,V003,1,7123.68,2782.0,7337.39,15,4555.39
VND006778,2026-07-14,P005,Moveis Domesticos,Sala,V002,2,1309.5,1540.8,2488.05,0,947.2500000000002
VND006779,2026-07-14,P017,Servicos sob Demanda,Consultoria,V008,3,2782.08,2889.0,8513.16,45,5624.16
VND006780,2026-07-15,P018,Servicos sob Demanda,Projetos,V008,2,7123.68,5564.0,14532.31,15,8968.31
VND006781,2026-07-15,P018,Servicos sob Demanda,Projetos,V004,1,7123.68,2782.0,6411.31,15,3629.3100000000004
VND006782,2026-07-15,P008,Moveis Comerciais,Cadeiras,V002,1,1204.74,684.8,1144.5,45,459.70000000000005
VND006783,2026-07-15,P014,Servicos sob Demanda,Projetos,V007,1,5447.52,2247.0,5774.37,45,3527.37
VND006784,2026-07-15,P011,Moveis Comerciais,Atendimento,V006,3,3456.0,5938.5,10056.96,45,4118.459999999999
VND006785,2026-07-15,P010,Moveis Comerciais,Armazenagem,V005,1,2646.0,1498.0,2910.6,0,1412.6
VND006786,2026-07-15,P006,Moveis Domesticos,Estofados,V007,1,1026.65,556.4,1088.25,0,531.85
VND006787,2026-07-15,P004,Moveis Domesticos,Dormitorio,V002,4,3348.0,7918.0,12722.4,7,4804.4
VND006788,2026-07-15,P001,Moveis Domesticos,Estofados,V003,3,1998.0,3531.0,6173.82,60,2642.8199999999997
VND006789,2026-07-15,P010,Moveis Comerciais,Armazenagem,V001,1,2566.62,1498.0,2771.95,30,1273.9499999999998
VND006790,2026-07-15,P008,Moveis Comerciais,Cadeiras,V001,2,1242.0,1369.6,2682.72,45,1313.12
VND006791,2026-07-15,P008,Moveis Comerciais,Cadeiras,V003,2,1204.74,1369.6,2481.76,30,1112.1600000000003
VND006792,2026-07-16,P018,Servicos sob Demanda,Projetos,V008,1,7344.0,2782.0,7490.88,7,4708.88
VND006793,2026-07-16,P006,Moveis Domesticos,Estofados,V001,4,1026.65,2225.6,4435.13,30,2209.53
VND006794,2026-07-16,P004,Moveis Domesticos,Dormitorio,V007,4,3348.0,7918.0,14195.52,45,6277.52
VND006795,2026-07-16,P018,Servicos sob Demanda,Projetos,V006,1,7344.0,2782.0,7123.68,15,4341.68
VND006796,2026-07-16,P007,Moveis Domesticos,Escritorio,V003,1,1414.26,813.2,1456.69,60,643.49
VND006797,2026-07-16,P004,Moveis Domesticos,Dormitorio,V001,1,3247.56,1979.5,3507.36,7,1527.8600000000001
VND006798,2026-07-16,P014,Servicos sob Demanda,Projetos,V008,1,5616.0,2247.0,5728.32,0,3481.3199999999997
VND006799,2026-07-17,P008,Moveis Comerciais,Cadeiras,V005,3,1242.0,2054.4,4098.6,30,2044.2000000000003
VND006800,2026-07-17,P007,Moveis Domesticos,Escritorio,V004,1,1458.0,813.2,1312.2,15,499.0
VND006801,2026-07-17,P010,Moveis Comerciais,Armazenagem,V007,4,2513.7,5992.0,10658.09,30,4666.09
VND006802,2026-07-17,P007,Moveis Domesticos,Escritorio,V006,2,1414.26,1626.4,2743.66,15,1117.2599999999998
VND006803,2026-07-17,P003,Moveis Domesticos,Dormitorio,V006,4,2808.0,6420.0,10895.04,60,4475.040000000001
VND006804,2026-07-17,P006,Moveis Domesticos,Estofados,V002,1,1058.4,556.4,1005.48,30,449.08000000000004
VND006805,2026-07-17,P015,Servicos sob Demanda,Projetos,V003,2,9180.0,7490.0,18910.8,15,11420.8
VND006806,2026-07-17,P002,Moveis Domesticos,Mesas,V003,1,2304.72,1337.5,2373.86,7,1036.3600000000001
VND006807,2026-07-17,P007,Moveis Domesticos,Escritorio,V002,1,1414.26,813.2,1343.55,30,530.3499999999999
VND006808,2026-07-17,P017,Servicos sob Demanda,Consultoria,V005,6,3024.0,5778.0,19958.4,60,14180.400000000001
VND006809,2026-07-18,P016,Servicos sob Demanda,Projetos,V007,3,13500.0,16692.0,42930.0,30,26238.0
VND006810,2026-07-18,P013,Moveis Comerciais,Mesas,V002,1,4212.0,2354.0,4001.4,30,1647.4
VND006811,2026-07-18,P011,Moveis Comerciais,Atendimento,V003,1,3456.0,1979.5,3559.68,30,1580.1799999999998
VND006812,2026-07-18,P009,Moveis Comerciais,Mesas,V001,2,1890.0,2097.2,4082.4,45,1985.2000000000003
VND006813,2026-07-18,P009,Moveis Comerciais,Mesas,V007,2,1795.5,2097.2,3806.46,0,1709.2600000000002
VND006814,2026-07-18,P009,Moveis Comerciais,Mesas,V003,2,1890.0,2097.2,3893.4,45,1796.2000000000003
VND006815,2026-07-18,P013,Moveis Comerciais,Mesas,V003,1,4085.64,2354.0,4208.21,7,1854.21
VND006816,2026-07-19,P011,Moveis Comerciais,Atendimento,V007,2,3283.2,3959.0,6960.38,0,3001.38
VND006817,2026-07-19,P001,Moveis Domesticos,Estofados,V008,5,1938.06,5885.0,9884.11,60,3999.1100000000006
VND006818,2026-07-19,P002,Moveis Domesticos,Mesas,V006,2,2257.2,2675.0,4378.97,7,1703.9700000000003
VND006819,2026-07-19,P001,Moveis Domesticos,Estofados,V001,1,1938.06,1177.0,2093.1,30,916.0999999999999
VND006820,2026-07-19,P006,Moveis Domesticos,Estofados,V001,1,1058.4,556.4,1143.07,30,586.67
VND006821,2026-07-19,P006,Moveis Domesticos,Estofados,V005,5,1026.65,2782.0,5646.58,60,2864.58
VND006822,2026-07-20,P015,Servicos sob Demanda,Projetos,V001,3,8904.6,11235.0,28850.9,0,17615.9
VND006823,2026-07-20,P006,Moveis Domesticos,Estofados,V008,2,1058.4,1112.8,2159.14,30,1046.34
VND006824,2026-07-20,P010,Moveis Comerciais,Armazenagem,V004,1,2566.62,1498.0,2309.96,15,811.96
VND006825,2026-07-20,P011,Moveis Comerciais,Atendimento,V006,3,3179.52,5938.5,9252.4,0,3313.8999999999996
VND006826,2026-07-20,P010,Moveis Comerciais,Armazenagem,V007,2,2566.62,2996.0,5441.23,30,2445.2299999999996
VND006827,2026-07-20,P003,Moveis Domesticos,Dormitorio,V008,6,2667.6,9630.0,16325.71,30,6695.709999999999
VND006828,2026-07-20,P018,Servicos sob Demanda,Projetos,V003,1,6976.8,2782.0,7186.1,0,4404.1
VND006829,2026-07-20,P003,Moveis Domesticos,Dormitorio,V008,2,2808.0,3210.0,5728.32,45,2518.3199999999997
VND006830,2026-07-20,P010,Moveis Comerciais,Armazenagem,V008,2,2434.32,2996.0,4966.01,7,1970.0100000000002
VND006831,2026-07-20,P014,Servicos sob Demanda,Projetos,V006,1,5616.0,2247.0,5447.52,15,3200.5200000000004
VND006832,2026-07-21,P001,Moveis Domesticos,Estofados,V001,1,1998.0,1177.0,2157.84,0,980.8400000000001
VND006833,2026-07-21,P003,Moveis Domesticos,Dormitorio,V002,1,2808.0,1605.0,2667.6,30,1062.6
VND006834,2026-07-21,P016,Servicos sob Demanda,Projetos,V005,1,13500.0,5564.0,14850.0,30,9286.0
VND006835,2026-07-21,P009,Moveis Comerciais,Mesas,V002,1,1795.5,1048.6,1705.72,15,657.1200000000001
VND006836,2026-07-21,P012,Moveis Comerciais,Estacoes,V002,4,5184.0,12198.0,19699.2,15,7501.200000000001
VND006837,2026-07-21,P013,Moveis Comerciais,Mesas,V003,1,4212.0,2354.0,4338.36,0,1984.3599999999997
VND006838,2026-07-22,P006,Moveis Domesticos,Estofados,V008,2,1058.4,1112.8,2159.14,30,1046.34
VND006839,2026-07-22,P004,Moveis Domesticos,Dormitorio,V007,1,3080.16,1979.5,3264.97,7,1285.4699999999998
VND006840,2026-07-22,P004,Moveis Domesticos,Dormitorio,V008,2,3348.0,3959.0,6829.92,0,2870.92
VND006841,2026-07-22,P008,Moveis Comerciais,Cadeiras,V001,1,1242.0,684.8,1341.36,60,656.56
VND006842,2026-07-22,P005,Moveis Domesticos,Sala,V005,1,1282.5,770.4,1410.75,15,640.35
VND006843,2026-07-22,P004,Moveis Domesticos,Dormitorio,V007,1,3180.6,1979.5,3371.44,30,1391.94
VND006844,2026-07-22,P005,Moveis Domesticos,Sala,V001,2,1309.5,1540.8,2828.52,15,1287.72
VND006845,2026-07-23,P005,Moveis Domesticos,Sala,V001,6,1309.5,4622.4,8485.56,0,3863.16
VND006846,2026-07-23,P008,Moveis Comerciais,Cadeiras,V008,1,1179.9,684.8,1203.5,45,518.7
VND006847,2026-07-23,P008,Moveis Comerciais,Cadeiras,V007,1,1142.64,684.8,1211.2,0,526.4000000000001
VND006848,2026-07-23,P008,Moveis Comerciais,Cadeiras,V001,3,1204.74,2054.4,3903.36,45,1848.96
VND006849,2026-07-23,P002,Moveis Domesticos,Mesas,V008,5,2376.0,6687.5,12117.6,60,5430.1
VND006850,2026-07-24,P004,Moveis Domesticos,Dormitorio,V004,3,3348.0,5938.5,9039.6,45,3101.1000000000004
VND006851,2026-07-24,P001,Moveis Domesticos,Estofados,V006,2,1938.06,2354.0,3759.84,7,1405.8400000000001
VND006852,2026-07-24,P018,Servicos sob Demanda,Projetos,V008,1,7123.68,2782.0,7266.15,30,4484.15
VND006853,2026-07-24,P008,Moveis Comerciais,Cadeiras,V005,1,1179.9,684.8,1297.89,45,613.0900000000001
VND006854,2026-07-24,P012,Moveis Comerciais,Estacoes,V007,1,5028.48,3049.5,5330.19,0,2280.6899999999996
VND006855,2026-07-24,P009,Moveis Comerciais,Mesas,V005,1,1795.5,1048.6,1975.05,45,926.45
VND006856,2026-07-24,P003,Moveis Domesticos,Dormitorio,V001,3,2723.76,4815.0,8824.98,15,4009.9799999999996
VND006857,2026-07-24,P013,Moveis Comerciais,Mesas,V004,2,4212.0,4708.0,7581.6,15,2873.6000000000004
VND006858,2026-07-25,P003,Moveis Domesticos,Dormitorio,V004,1,2667.6,1605.0,2400.84,30,795.8400000000001
VND006859,2026-07-25,P018,Servicos sob Demanda,Projetos,V001,1,7344.0,2782.0,7931.52,30,5149.52
VND006860,2026-07-25,P007,Moveis Domesticos,Escritorio,V001,1,1385.1,813.2,1495.91,0,682.71
VND006861,2026-07-25,P005,Moveis Domesticos,Sala,V007,1,1309.5,770.4,1388.07,45,617.67
VND006862,2026-07-25,P014,Servicos sob Demanda,Projetos,V005,2,5335.2,4494.0,11737.44,15,7243.4400000000005
VND006863,2026-07-25,P001,Moveis Domesticos,Estofados,V007,3,1938.06,3531.0,6163.03,15,2632.0299999999997
VND006864,2026-07-25,P008,Moveis Comerciais,Cadeiras,V007,2,1242.0,1369.6,2633.04,15,1263.44
VND006865,2026-07-26,P008,Moveis Comerciais,Cadeiras,V005,1,1204.74,684.8,1325.21,30,640.4100000000001
VND006866,2026-07-26,P005,Moveis Domesticos,Sala,V008,1,1350.0,770.4,1377.0,7,606.6
VND006867,2026-07-26,P004,Moveis Domesticos,Dormitorio,V007,1,3348.0,1979.5,3548.88,7,1569.38
VND006868,2026-07-26,P002,Moveis Domesticos,Mesas,V005,2,2376.0,2675.0,5227.2,45,2552.2
VND006869,2026-07-26,P018,Servicos sob Demanda,Projetos,V007,1,6976.8,2782.0,7395.41,7,4613.41
VND006870,2026-07-26,P003,Moveis Domesticos,Dormitorio,V005,3,2808.0,4815.0,9266.4,15,4451.4
VND006871,2026-07-27,P018,Servicos sob Demanda,Projetos,V004,1,7344.0,2782.0,6609.6,30,3827.6000000000004
VND006872,2026-07-27,P009,Moveis Comerciais,Mesas,V001,1,1890.0,1048.6,2041.2,7,992.6000000000001
VND006873,2026-07-27,P001,Moveis Domesticos,Estofados,V006,1,1998.0,1177.0,1938.06,45,761.06
VND006874,2026-07-27,P006,Moveis Domesticos,Estofados,V008,3,1005.48,1669.2,3076.77,0,1407.57
VND006875,2026-07-27,P001,Moveis Domesticos,Estofados,V008,1,1838.16,1177.0,1874.92,45,697.9200000000001
VND006876,2026-07-27,P010,Moveis Comerciais,Armazenagem,V003,3,2513.7,4494.0,7767.33,30,3273.33
VND006877,2026-07-27,P001,Moveis Domesticos,Estofados,V002,3,1998.0,3531.0,5694.3,45,2163.3
VND006878,2026-07-27,P008,Moveis Comerciais,Cadeiras,V003,1,1204.74,684.8,1240.88,30,556.0800000000002
VND006879,2026-07-27,P007,Moveis Domesticos,Escritorio,V005,1,1458.0,813.2,1603.8,0,790.5999999999999
VND006880,2026-07-27,P005,Moveis Domesticos,Sala,V006,2,1282.5,1540.8,2488.05,7,947.2500000000002
VND006881,2026-07-28,P008,Moveis Comerciais,Cadeiras,V007,2,1242.0,1369.6,2633.04,30,1263.44
VND006882,2026-07-28,P014,Servicos sob Demanda,Projetos,V002,3,5616.0,6741.0,16005.6,0,9264.6
VND006883,2026-07-28,P013,Moveis Comerciais,Mesas,V002,1,4212.0,2354.0,4001.4,0,1647.4
VND006884,2026-07-28,P007,Moveis Domesticos,Escritorio,V001,1,1458.0,813.2,1574.64,15,761.44
VND006885,2026-07-29,P002,Moveis Domesticos,Mesas,V008,1,2257.2,1337.5,2302.34,30,964.8400000000001
VND006886,2026-07-29,P016,Servicos sob Demanda,Projetos,V008,1,13095.0,5564.0,13356.9,30,7792.9
VND006887,2026-07-29,P007,Moveis Domesticos,Escritorio,V006,3,1458.0,2439.6,4242.78,0,1803.1799999999998
VND006888,2026-07-29,P003,Moveis Domesticos,Dormitorio,V004,1,2808.0,1605.0,2527.2,30,922.1999999999998
VND006889,2026-07-29,P009,Moveis Comerciais,Mesas,V001,1,1833.3,1048.6,1979.96,7,931.3600000000001
VND006890,2026-07-30,P002,Moveis Domesticos,Mesas,V003,1,2376.0,1337.5,2447.28,7,1109.7800000000002
VND006891,2026-07-30,P002,Moveis Domesticos,Mesas,V003,3,2257.2,4012.5,6974.75,30,2962.25
VND006892,2026-07-30,P011,Moveis Comerciais,Atendimento,V002,1,3283.2,1979.5,3119.04,45,1139.54
VND006893,2026-07-30,P006,Moveis Domesticos,Estofados,V002,4,1026.65,2225.6,3901.27,15,1675.67
VND006894,2026-07-30,P013,Moveis Comerciais,Mesas,V008,2,4212.0,4708.0,8592.48,15,3884.4799999999996
VND006895,2026-07-30,P012,Moveis Comerciais,Estacoes,V007,2,4924.8,6099.0,10440.58,45,4341.58
VND006896,2026-07-30,P015,Servicos sob Demanda,Projetos,V002,2,8445.6,7490.0,16046.64,15,8556.64
VND006897,2026-07-30,P001,Moveis Domesticos,Estofados,V008,1,1898.1,1177.0,1936.06,45,759.06
VND006898,2026-07-30,P009,Moveis Comerciais,Mesas,V007,3,1738.8,3145.8,5529.38,60,2383.58
VND006899,2026-07-30,P010,Moveis Comerciais,Armazenagem,V001,3,2434.32,4494.0,7887.2,30,3393.2
VND006900,2026-07-30,P006,Moveis Domesticos,Estofados,V006,1,1058.4,556.4,1026.65,15,470.2500000000001
VND006901,2026-07-31,P010,Moveis Comerciais,Armazenagem,V003,4,2646.0,5992.0,10901.52,7,4909.52
VND006902,2026-07-31,P002,Moveis Domesticos,Mesas,V003,1,2376.0,1337.5,2447.28,0,1109.7800000000002
VND006903,2026-07-31,P014,Servicos sob Demanda,Projetos,V002,1,5616.0,2247.0,5335.2,60,3088.2
VND006904,2026-07-31,P005,Moveis Domesticos,Sala,V005,4,1350.0,3081.6,5940.0,30,2858.4
VND006905,2026-07-31,P017,Servicos sob Demanda,Consultoria,V006,1,3024.0,963.0,2933.28,60,1970.2800000000002
VND006906,2026-07-31,P001,Moveis Domesticos,Estofados,V004,1,1998.0,1177.0,1798.2,0,621.2
VND006907,2026-07-31,P001,Moveis Domesticos,Estofados,V006,1,1998.0,1177.0,1938.06,30,761.06
VND006908,2026-07-31,P010,Moveis Comerciais,Armazenagem,V005,3,2646.0,4494.0,8731.8,30,4237.799999999999
VND006909,2026-07-31,P005,Moveis Domesticos,Sala,V005,1,1282.5,770.4,1410.75,0,640.35
VND006910,2026-08-01,P005,Moveis Domesticos,Sala,V007,1,1350.0,770.4,1431.0,0,660.6
VND006911,2026-08-01,P009,Moveis Comerciais,Mesas,V002,1,1890.0,1048.6,1795.5,15,746.9000000000001
VND006912,2026-08-01,P015,Servicos sob Demanda,Projetos,V006,1,9180.0,3745.0,8904.6,45,5159.6
VND006913,2026-08-01,P002,Moveis Domesticos,Mesas,V001,1,2185.92,1337.5,2360.79,30,1023.29
VND006914,2026-08-01,P004,Moveis Domesticos,Dormitorio,V008,1,3348.0,1979.5,3414.96,0,1435.46
VND006915,2026-08-01,P017,Servicos sob Demanda,Consultoria,V008,1,2872.8,963.0,2930.26,30,1967.2600000000002
VND006916,2026-08-01,P003,Moveis Domesticos,Dormitorio,V001,1,2808.0,1605.0,3032.64,60,1427.6399999999999
VND006917,2026-08-02,P012,Moveis Comerciais,Estacoes,V002,2,5028.48,6099.0,9554.11,0,3455.1100000000006
VND006918,2026-08-02,P006,Moveis Domesticos,Estofados,V008,3,973.73,1669.2,2979.61,45,1310.41
VND006919,2026-08-02,P007,Moveis Domesticos,Escritorio,V006,1,1414.26,813.2,1371.83,7,558.6299999999999
VND006920,2026-08-02,P007,Moveis Domesticos,Escritorio,V002,2,1458.0,1626.4,2770.2,30,1143.7999999999997
VND006921,2026-08-02,P009,Moveis Comerciais,Mesas,V002,1,1890.0,1048.6,1795.5,7,746.9000000000001
VND006922,2026-08-02,P008,Moveis Comerciais,Cadeiras,V008,1,1179.9,684.8,1203.5,30,518.7
VND006923,2026-08-02,P008,Moveis Comerciais,Cadeiras,V005,1,1179.9,684.8,1297.89,15,613.0900000000001
VND006924,2026-08-03,P005,Moveis Domesticos,Sala,V002,1,1309.5,770.4,1244.02,30,473.62
VND006925,2026-08-03,P010,Moveis Comerciais,Armazenagem,V007,1,2646.0,1498.0,2804.76,15,1306.7600000000002
VND006926,2026-08-03,P010,Moveis Comerciais,Armazenagem,V006,1,2646.0,1498.0,2566.62,15,1068.62
VND006927,2026-08-03,P011,Moveis Comerciais,Atendimento,V008,5,3456.0,9897.5,17625.6,60,7728.0999999999985
VND006928,2026-08-04,P006,Moveis Domesticos,Estofados,V002,4,1005.48,2225.6,3820.82,60,1595.2200000000003
VND006929,2026-08-04,P017,Servicos sob Demanda,Consultoria,V004,4,2872.8,3852.0,10342.08,15,6490.08
VND006930,2026-08-04,P005,Moveis Domesticos,Sala,V002,1,1282.5,770.4,1218.38,15,447.98000000000013
VND006931,2026-08-04,P008,Moveis Comerciais,Cadeiras,V004,2,1204.74,1369.6,2168.53,60,798.9300000000003
VND006932,2026-08-04,P001,Moveis Domesticos,Estofados,V003,1,1998.0,1177.0,2057.94,60,880.94
VND006933,2026-08-04,P010,Moveis Comerciais,Armazenagem,V003,1,2646.0,1498.0,2725.38,0,1227.38
VND006934,2026-08-04,P004,Moveis Domesticos,Dormitorio,V001,1,3348.0,1979.5,3615.84,45,1636.3400000000001
VND006935,2026-08-04,P006,Moveis Domesticos,Estofados,V002,1,973.73,556.4,925.04,15,368.64
VND006936,2026-08-04,P017,Servicos sob Demanda,Consultoria,V002,1,2872.8,963.0,2729.16,0,1766.1599999999999
VND006937,2026-08-04,P005,Moveis Domesticos,Sala,V001,4,1309.5,3081.6,5657.04,30,2575.44
VND006938,2026-08-04,P002,Moveis Domesticos,Mesas,V008,2,2304.72,2675.0,4701.63,45,2026.63
VND006939,2026-08-04,P003,Moveis Domesticos,Dormitorio,V005,1,2808.0,1605.0,3088.8,60,1483.8000000000002
VND006940,2026-08-05,P001,Moveis Domesticos,Estofados,V008,3,1898.1,3531.0,5808.19,15,2277.1899999999996
VND006941,2026-08-05,P013,Moveis Comerciais,Mesas,V001,1,4212.0,2354.0,4548.96,0,2194.96
VND006942,2026-08-05,P010,Moveis Comerciais,Armazenagem,V003,3,2513.7,4494.0,7767.33,30,3273.33
VND006943,2026-08-05,P007,Moveis Domesticos,Escritorio,V006,1,1458.0,813.2,1414.26,15,601.06
VND006944,2026-08-05,P004,Moveis Domesticos,Dormitorio,V001,2,3348.0,3959.0,7231.68,15,3272.6800000000003
VND006945,2026-08-05,P008,Moveis Comerciais,Cadeiras,V002,1,1242.0,684.8,1179.9,30,495.10000000000014
VND006946,2026-08-05,P007,Moveis Domesticos,Escritorio,V004,1,1414.26,813.2,1272.83,7,459.6299999999999
VND006947,2026-08-05,P016,Servicos sob Demanda,Projetos,V004,1,13095.0,5564.0,11785.5,60,6221.5
VND006948,2026-08-05,P009,Moveis Comerciais,Mesas,V004,2,1890.0,2097.2,3402.0,7,1304.8000000000002
VND006949,2026-08-05,P004,Moveis Domesticos,Dormitorio,V003,2,3247.56,3959.0,6689.97,30,2730.9700000000003
VND006950,2026-08-06,P008,Moveis Comerciais,Cadeiras,V002,1,1204.74,684.8,1144.5,15,459.70000000000005
VND006951,2026-08-06,P003,Moveis Domesticos,Dormitorio,V002,2,2667.6,3210.0,5068.44,15,1858.4399999999996
VND006952,2026-08-06,P018,Servicos sob Demanda,Projetos,V008,5,6976.8,13910.0,35581.68,7,21671.68
VND006953,2026-08-06,P012,Moveis Comerciais,Estacoes,V004,1,4924.8,3049.5,4432.32,15,1382.8199999999997
VND006954,2026-08-06,P002,Moveis Domesticos,Mesas,V005,2,2257.2,2675.0,4965.84,45,2290.84
VND006955,2026-08-06,P009,Moveis Comerciais,Mesas,V007,1,1890.0,1048.6,2003.4,45,954.8000000000002
VND006956,2026-08-06,P005,Moveis Domesticos,Sala,V007,2,1309.5,1540.8,2776.14,0,1235.34
VND006957,2026-08-06,P011,Moveis Comerciais,Atendimento,V001,1,3352.32,1979.5,3620.51,45,1641.0100000000002
VND006958,2026-08-06,P017,Servicos sob Demanda,Consultoria,V004,2,3024.0,1926.0,5443.2,15,3517.2
VND006959,2026-08-06,P005,Moveis Domesticos,Sala,V006,1,1282.5,770.4,1244.02,45,473.62
VND006960,2026-08-07,P012,Moveis Comerciais,Estacoes,V003,2,5184.0,6099.0,10679.04,7,4580.040000000001
VND006961,2026-08-07,P009,Moveis Comerciais,Mesas,V007,4,1833.3,4194.4,7773.19,30,3578.79
VND006962,2026-08-07,P004,Moveis Domesticos,Dormitorio,V007,1,3247.56,1979.5,3442.41,45,1462.9099999999999
VND006963,2026-08-07,P012,Moveis Comerciais,Estacoes,V005,1,5184.0,3049.5,5702.4,15,2652.8999999999996
VND006964,2026-08-07,P009,Moveis Comerciais,Mesas,V006,1,1833.3,1048.6,1778.3,30,729.7
VND006965,2026-08-07,P012,Moveis Comerciais,Estacoes,V008,2,5028.48,6099.0,10258.1,45,4159.1
VND006966,2026-08-08,P018,Servicos sob Demanda,Projetos,V005,1,6976.8,2782.0,7674.48,45,4892.48
VND006967,2026-08-08,P003,Moveis Domesticos,Dormitorio,V002,1,2723.76,1605.0,2587.57,0,982.5700000000002
VND006968,2026-08-08,P009,Moveis Comerciais,Mesas,V006,3,1795.5,3145.8,5224.9,30,2079.0999999999995
VND006969,2026-08-08,P007,Moveis Domesticos,Escritorio,V006,1,1385.1,813.2,1343.55,7,530.3499999999999
VND006970,2026-08-08,P001,Moveis Domesticos,Estofados,V007,3,1898.1,3531.0,6035.96,30,2504.96
VND006971,2026-08-08,P008,Moveis Comerciais,Cadeiras,V006,1,1242.0,684.8,1204.74,45,519.94
VND006972,2026-08-08,P012,Moveis Comerciais,Estacoes,V005,3,5184.0,9148.5,17107.2,0,7958.700000000001
VND006973,2026-08-08,P014,Servicos sob Demanda,Projetos,V002,1,5166.72,2247.0,4908.38,0,2661.38
VND006974,2026-08-08,P002,Moveis Domesticos,Mesas,V007,3,2257.2,4012.5,7177.9,30,3165.3999999999996
VND006975,2026-08-08,P009,Moveis Comerciais,Mesas,V005,7,1795.5,7340.2,13825.35,30,6485.150000000001
VND006976,2026-08-09,P017,Servicos sob Demanda,Consultoria,V008,1,3024.0,963.0,3084.48,30,2121.48
VND006977,2026-08-09,P008,Moveis Comerciais,Cadeiras,V005,3,1242.0,2054.4,4098.6,45,2044.2000000000003
VND006978,2026-08-09,P005,Moveis Domesticos,Sala,V003,2,1350.0,1540.8,2781.0,0,1240.2
VND006979,2026-08-09,P004,Moveis Domesticos,Dormitorio,V003,1,3180.6,1979.5,3276.02,0,1296.52
VND006980,2026-08-09,P009,Moveis Comerciais,Mesas,V008,1,1890.0,1048.6,1927.8,30,879.2
VND006981,2026-08-09,P001,Moveis Domesticos,Estofados,V002,4,1938.06,4708.0,7364.63,30,2656.63
VND006982,2026-08-09,P006,Moveis Domesticos,Estofados,V002,1,1005.48,556.4,955.21,15,398.81000000000006
VND006983,2026-08-09,P002,Moveis Domesticos,Mesas,V005,1,2376.0,1337.5,2613.6,30,1276.1
VND006984,2026-08-09,P014,Servicos sob Demanda,Projetos,V001,4,5335.2,8988.0,23048.06,7,14060.060000000001
VND006985,2026-08-09,P009,Moveis Comerciais,Mesas,V008,1,1833.3,1048.6,1869.97,30,821.3700000000001
VND006986,2026-08-10,P010,Moveis Comerciais,Armazenagem,V008,2,2646.0,2996.0,5397.84,15,2401.84
VND006987,2026-08-10,P006,Moveis Domesticos,Estofados,V007,1,1005.48,556.4,1065.81,0,509.40999999999997
VND006988,2026-08-10,P009,Moveis Comerciais,Mesas,V008,1,1833.3,1048.6,1869.97,15,821.3700000000001
VND006989,2026-08-10,P007,Moveis Domesticos,Escritorio,V001,1,1385.1,813.2,1495.91,0,682.71
VND006990,2026-08-10,P006,Moveis Domesticos,Estofados,V005,1,1058.4,556.4,1164.24,0,607.84
VND006991,2026-08-10,P009,Moveis Comerciais,Mesas,V002,2,1795.5,2097.2,3411.45,15,1314.25
VND006992,2026-08-10,P007,Moveis Domesticos,Escritorio,V007,3,1458.0,2439.6,4636.44,0,2196.8399999999997
VND006993,2026-08-10,P011,Moveis Comerciais,Atendimento,V003,2,3179.52,3959.0,6549.81,15,2590.8100000000004
VND006994,2026-08-10,P003,Moveis Domesticos,Dormitorio,V006,1,2723.76,1605.0,2642.05,60,1037.0500000000002
VND006995,2026-08-11,P016,Servicos sob Demanda,Projetos,V008,1,13500.0,5564.0,13770.0,45,8206.0
VND006996,2026-08-11,P002,Moveis Domesticos,Mesas,V001,1,2304.72,1337.5,2489.1,30,1151.6
VND006997,2026-08-11,P003,Moveis Domesticos,Dormitorio,V006,1,2808.0,1605.0,2723.76,15,1118.7600000000002
VND006998,2026-08-11,P004,Moveis Domesticos,Dormitorio,V008,1,3180.6,1979.5,3244.21,15,1264.71
VND006999,2026-08-11,P018,Servicos sob Demanda,Projetos,V007,2,7344.0,5564.0,15569.28,45,10005.28
VND007000,2026-08-11,P018,Servicos sob Demanda,Projetos,V001,1,6756.48,2782.0,7297.0,30,4515.0
VND007001,2026-08-11,P013,Moveis Comerciais,Mesas,V007,4,4212.0,9416.0,17858.88,45,8442.880000000001
VND007002,2026-08-11,P002,Moveis Domesticos,Mesas,V004,1,2304.72,1337.5,2074.25,0,736.75
VND007003,2026-08-11,P017,Servicos sob Demanda,Consultoria,V005,1,3024.0,963.0,3326.4,0,2363.4
VND007004,2026-08-12,P009,Moveis Comerciais,Mesas,V001,1,1795.5,1048.6,1939.14,45,890.5400000000002
VND007005,2026-08-12,P010,Moveis Comerciais,Armazenagem,V003,2,2513.7,2996.0,5178.22,0,2182.2200000000003
VND007006,2026-08-12,P010,Moveis Comerciais,Armazenagem,V001,1,2646.0,1498.0,2857.68,60,1359.6799999999998
VND007007,2026-08-12,P003,Moveis Domesticos,Dormitorio,V003,1,2583.36,1605.0,2660.86,30,1055.8600000000001
VND007008,2026-08-12,P008,Moveis Comerciais,Cadeiras,V001,2,1242.0,1369.6,2682.72,15,1313.12
VND007009,2026-08-12,P006,Moveis Domesticos,Estofados,V005,2,1058.4,1112.8,2328.48,30,1215.68
VND007010,2026-08-12,P013,Moveis Comerciais,Mesas,V001,1,3875.04,2354.0,4185.04,0,1831.04
VND007011,2026-08-13,P014,Servicos sob Demanda,Projetos,V002,1,5335.2,2247.0,5068.44,7,2821.4399999999996
VND007012,2026-08-13,P001,Moveis Domesticos,Estofados,V005,1,1998.0,1177.0,2197.8,30,1020.8000000000002
VND007013,2026-08-13,P006,Moveis Domesticos,Estofados,V001,2,973.73,1112.8,2103.26,60,990.4600000000003
VND007014,2026-08-13,P015,Servicos sob Demanda,Projetos,V005,2,8904.6,7490.0,19590.12,15,12100.119999999999
VND007015,2026-08-13,P008,Moveis Comerciais,Cadeiras,V001,1,1179.9,684.8,1274.29,45,589.49
VND007016,2026-08-14,P012,Moveis Comerciais,Estacoes,V001,1,5184.0,3049.5,5598.72,60,2549.2200000000003
VND007017,2026-08-14,P010,Moveis Comerciais,Armazenagem,V005,2,2646.0,2996.0,5821.2,60,2825.2
VND007018,2026-08-14,P004,Moveis Domesticos,Dormitorio,V004,1,3180.6,1979.5,2862.54,15,883.04
VND007019,2026-08-14,P005,Moveis Domesticos,Sala,V005,2,1350.0,1540.8,2970.0,15,1429.2
VND007020,2026-08-14,P002,Moveis Domesticos,Mesas,V005,2,2376.0,2675.0,5227.2,7,2552.2
VND007021,2026-08-14,P005,Moveis Domesticos,Sala,V007,2,1309.5,1540.8,2776.14,45,1235.34
VND007022,2026-08-14,P012,Moveis Comerciais,Estacoes,V003,1,5184.0,3049.5,5339.52,0,2290.0200000000004
VND007023,2026-08-14,P001,Moveis Domesticos,Estofados,V007,1,1938.06,1177.0,2054.34,0,877.3400000000001
VND007024,2026-08-14,P001,Moveis Domesticos,Estofados,V004,1,1938.06,1177.0,1744.25,30,567.25
VND007025,2026-08-14,P005,Moveis Domesticos,Sala,V001,1,1242.0,770.4,1341.36,15,570.9599999999999
VND007026,2026-08-14,P006,Moveis Domesticos,Estofados,V004,1,1005.48,556.4,904.93,30,348.53
VND007027,2026-08-14,P003,Moveis Domesticos,Dormitorio,V001,1,2808.0,1605.0,3032.64,15,1427.6399999999999
VND007028,2026-08-15,P005,Moveis Domesticos,Sala,V008,2,1350.0,1540.8,2754.0,30,1213.2
VND007029,2026-08-15,P002,Moveis Domesticos,Mesas,V001,2,2257.2,2675.0,4875.55,7,2200.55
VND007030,2026-08-15,P001,Moveis Domesticos,Estofados,V008,2,1838.16,2354.0,3749.85,7,1395.85
VND007031,2026-08-15,P006,Moveis Domesticos,Estofados,V003,2,1058.4,1112.8,2180.3,60,1067.5000000000002
VND007032,2026-08-15,P004,Moveis Domesticos,Dormitorio,V004,5,3247.56,9897.5,14614.02,15,4716.52
VND007033,2026-08-15,P011,Moveis Comerciais,Atendimento,V006,1,3283.2,1979.5,3184.7,30,1205.1999999999998
VND007034,2026-08-15,P007,Moveis Domesticos,Escritorio,V004,2,1385.1,1626.4,2493.18,45,866.7799999999997
VND007035,2026-08-15,P015,Servicos sob Demanda,Projetos,V008,2,8904.6,7490.0,18165.38,15,10675.380000000001
VND007036,2026-08-15,P015,Servicos sob Demanda,Projetos,V001,3,8445.6,11235.0,27363.74,7,16128.740000000002
VND007037,2026-08-16,P001,Moveis Domesticos,Estofados,V005,1,1938.06,1177.0,2131.87,15,954.8699999999999
VND007038,2026-08-16,P007,Moveis Domesticos,Escritorio,V002,2,1414.26,1626.4,2687.09,0,1060.69
VND007039,2026-08-16,P017,Servicos sob Demanda,Consultoria,V003,1,3024.0,963.0,3114.72,0,2151.72
VND007040,2026-08-16,P002,Moveis Domesticos,Mesas,V001,1,2376.0,1337.5,2566.08,0,1228.58
VND007041,2026-08-16,P006,Moveis Domesticos,Estofados,V004,1,1005.48,556.4,904.93,7,348.53
VND007042,2026-08-16,P016,Servicos sob Demanda,Projetos,V003,1,13095.0,5564.0,13487.85,7,7923.85
VND007043,2026-08-17,P017,Servicos sob Demanda,Consultoria,V005,2,2933.28,1926.0,6453.22,30,4527.22
VND007044,2026-08-17,P013,Moveis Comerciais,Mesas,V005,3,4085.64,7062.0,13482.61,30,6420.610000000001
VND007045,2026-08-17,P005,Moveis Domesticos,Sala,V008,1,1350.0,770.4,1377.0,30,606.6
VND007046,2026-08-17,P009,Moveis Comerciais,Mesas,V003,1,1833.3,1048.6,1888.3,7,839.7
VND007047,2026-08-17,P017,Servicos sob Demanda,Consultoria,V004,1,3024.0,963.0,2721.6,30,1758.6
VND007048,2026-08-17,P005,Moveis Domesticos,Sala,V007,2,1282.5,1540.8,2718.9,0,1178.1000000000001
VND007049,2026-08-17,P010,Moveis Comerciais,Armazenagem,V007,1,2513.7,1498.0,2664.52,15,1166.52
VND007050,2026-08-17,P018,Servicos sob Demanda,Projetos,V004,1,7123.68,2782.0,6411.31,30,3629.3100000000004
VND007051,2026-08-17,P011,Moveis Comerciais,Atendimento,V008,1,3352.32,1979.5,3419.37,45,1439.87
VND007052,2026-08-17,P005,Moveis Domesticos,Sala,V007,1,1282.5,770.4,1359.45,15,589.0500000000001
VND007053,2026-08-18,P001,Moveis Domesticos,Estofados,V008,2,1938.06,2354.0,3953.64,0,1599.6399999999999
VND007054,2026-08-18,P014,Servicos sob Demanda,Projetos,V003,1,5616.0,2247.0,5784.48,7,3537.4799999999996
VND007055,2026-08-18,P011,Moveis Comerciais,Atendimento,V002,1,3456.0,1979.5,3283.2,30,1303.6999999999998
VND007056,2026-08-18,P003,Moveis Domesticos,Dormitorio,V008,3,2808.0,4815.0,8592.48,0,3777.4799999999996
VND007057,2026-08-18,P008,Moveis Comerciais,Cadeiras,V005,1,1242.0,684.8,1366.2,15,681.4000000000001
VND007058,2026-08-18,P002,Moveis Domesticos,Mesas,V004,3,2376.0,4012.5,6415.2,7,2402.7
VND007059,2026-08-18,P009,Moveis Comerciais,Mesas,V008,3,1890.0,3145.8,5783.4,30,2637.5999999999995
VND007060,2026-08-18,P012,Moveis Comerciais,Estacoes,V005,1,5184.0,3049.5,5702.4,30,2652.8999999999996
VND007061,2026-08-18,P008,Moveis Comerciais,Cadeiras,V001,1,1242.0,684.8,1341.36,45,656.56
VND007062,2026-08-18,P006,Moveis Domesticos,Estofados,V001,1,1058.4,556.4,1143.07,45,586.67
VND007063,2026-08-18,P008,Moveis Comerciais,Cadeiras,V006,2,1142.64,1369.6,2216.72,30,847.1199999999999
VND007064,2026-08-18,P006,Moveis Domesticos,Estofados,V003,2,1058.4,1112.8,2180.3,7,1067.5000000000002
VND007065,2026-08-19,P018,Servicos sob Demanda,Projetos,V005,2,7123.68,5564.0,15672.1,0,10108.1
VND007066,2026-08-19,P008,Moveis Comerciais,Cadeiras,V007,1,1242.0,684.8,1316.52,30,631.72
VND007067,2026-08-19,P009,Moveis Comerciais,Mesas,V003,2,1833.3,2097.2,3776.6,7,1679.4
VND007068,2026-08-19,P004,Moveis Domesticos,Dormitorio,V003,2,3247.56,3959.0,6689.97,30,2730.9700000000003
VND007069,2026-08-20,P009,Moveis Comerciais,Mesas,V003,1,1890.0,1048.6,1946.7,7,898.1000000000001
VND007070,2026-08-20,P013,Moveis Comerciais,Mesas,V004,1,4001.4,2354.0,3601.26,15,1247.2600000000002
VND007071,2026-08-20,P009,Moveis Comerciais,Mesas,V001,2,1833.3,2097.2,3959.93,45,1862.73
VND007072,2026-08-20,P013,Moveis Comerciais,Mesas,V006,1,4212.0,2354.0,4085.64,15,1731.6399999999999
VND007073,2026-08-20,P008,Moveis Comerciais,Cadeiras,V005,2,1204.74,1369.6,2650.43,0,1280.83
VND007074,2026-08-20,P012,Moveis Comerciais,Estacoes,V001,2,5028.48,6099.0,10861.52,0,4762.52
VND007075,2026-08-20,P008,Moveis Comerciais,Cadeiras,V004,1,1179.9,684.8,1061.91,7,377.1100000000001
VND007076,2026-08-20,P004,Moveis Domesticos,Dormitorio,V006,1,3080.16,1979.5,2987.76,45,1008.2600000000002
VND007077,2026-08-20,P014,Servicos sob Demanda,Projetos,V006,3,5616.0,6741.0,16342.56,15,9601.56
VND007078,2026-08-20,P004,Moveis Domesticos,Dormitorio,V004,2,3348.0,3959.0,6026.4,30,2067.3999999999996
VND007079,2026-08-20,P008,Moveis Comerciais,Cadeiras,V004,2,1242.0,1369.6,2235.6,15,866.0
VND007080,2026-08-20,P004,Moveis Domesticos,Dormitorio,V002,3,3348.0,5938.5,9541.8,30,3603.2999999999993
VND007081,2026-08-21,P004,Moveis Domesticos,Dormitorio,V005,4,3247.56,7918.0,14289.26,0,6371.26
VND007082,2026-08-21,P006,Moveis Domesticos,Estofados,V006,1,1058.4,556.4,1026.65,45,470.2500000000001
VND007083,2026-08-21,P009,Moveis Comerciais,Mesas,V008,4,1890.0,4194.4,7711.2,15,3516.8
VND007084,2026-08-21,P006,Moveis Domesticos,Estofados,V006,2,1005.48,1112.8,1950.63,45,837.8300000000002
VND007085,2026-08-21,P016,Servicos sob Demanda,Projetos,V002,1,12825.0,5564.0,12183.75,15,6619.75
VND007086,2026-08-21,P012,Moveis Comerciais,Estacoes,V006,3,5184.0,9148.5,15085.44,0,5936.9400000000005
VND007087,2026-08-21,P005,Moveis Domesticos,Sala,V001,1,1309.5,770.4,1414.26,45,643.86
VND007088,2026-08-21,P002,Moveis Domesticos,Mesas,V001,1,2376.0,1337.5,2566.08,0,1228.58
VND007089,2026-08-21,P015,Servicos sob Demanda,Projetos,V004,2,9180.0,7490.0,16524.0,15,9034.0
VND007090,2026-08-21,P001,Moveis Domesticos,Estofados,V007,1,1898.1,1177.0,2011.99,7,834.99
VND007091,2026-08-22,P011,Moveis Comerciais,Atendimento,V001,2,3456.0,3959.0,7464.96,30,3505.96
VND007092,2026-08-22,P006,Moveis Domesticos,Estofados,V003,1,1058.4,556.4,1090.15,30,533.7500000000001
VND007093,2026-08-22,P010,Moveis Comerciais,Armazenagem,V003,1,2513.7,1498.0,2589.11,0,1091.1100000000001
VND007094,2026-08-22,P010,Moveis Comerciais,Armazenagem,V003,1,2646.0,1498.0,2725.38,0,1227.38
VND007095,2026-08-22,P009,Moveis Comerciais,Mesas,V005,1,1795.5,1048.6,1975.05,15,926.45
VND007096,2026-08-22,P008,Moveis Comerciais,Cadeiras,V003,2,1179.9,1369.6,2430.59,30,1060.9900000000002
VND007097,2026-08-22,P018,Servicos sob Demanda,Projetos,V002,1,6976.8,2782.0,6627.96,30,3845.96
VND007098,2026-08-22,P008,Moveis Comerciais,Cadeiras,V001,1,1242.0,684.8,1341.36,0,656.56
VND007099,2026-08-22,P001,Moveis Domesticos,Estofados,V002,2,1998.0,2354.0,3796.2,7,1442.1999999999998
VND007100,2026-08-22,P014,Servicos sob Demanda,Projetos,V007,1,5335.2,2247.0,5655.31,30,3408.3100000000004
VND007101,2026-08-22,P002,Moveis Domesticos,Mesas,V001,1,2376.0,1337.5,2566.08,30,1228.58
VND007102,2026-08-22,P012,Moveis Comerciais,Estacoes,V004,1,4924.8,3049.5,4432.32,7,1382.8199999999997
VND007103,2026-08-23,P002,Moveis Domesticos,Mesas,V003,2,2185.92,2675.0,4503.0,45,1828.0
VND007104,2026-08-23,P002,Moveis Domesticos,Mesas,V001,1,2376.0,1337.5,2566.08,7,1228.58
VND007105,2026-08-23,P012,Moveis Comerciais,Estacoes,V008,1,4924.8,3049.5,5023.3,0,1973.8000000000002
VND007106,2026-08-24,P005,Moveis Domesticos,Sala,V002,3,1350.0,2311.2,3847.5,30,1536.3000000000002
VND007107,2026-08-24,P009,Moveis Comerciais,Mesas,V008,1,1738.8,1048.6,1773.58,60,724.98
VND007108,2026-08-24,P002,Moveis Domesticos,Mesas,V003,1,2304.72,1337.5,2373.86,0,1036.3600000000001
VND007109,2026-08-25,P017,Servicos sob Demanda,Consultoria,V005,2,2872.8,1926.0,6320.16,7,4394.16
VND007110,2026-08-25,P002,Moveis Domesticos,Mesas,V005,1,2304.72,1337.5,2535.19,30,1197.69
VND007111,2026-08-25,P007,Moveis Domesticos,Escritorio,V004,2,1458.0,1626.4,2624.4,15,998.0
VND007112,2026-08-25,P016,Servicos sob Demanda,Projetos,V004,2,12825.0,11128.0,23085.0,0,11957.0
VND007113,2026-08-25,P008,Moveis Comerciais,Cadeiras,V007,3,1204.74,2054.4,3831.07,0,1776.67
VND007114,2026-08-25,P013,Moveis Comerciais,Mesas,V007,2,4212.0,4708.0,8929.44,60,4221.4400000000005
VND007115,2026-08-25,P011,Moveis Comerciais,Atendimento,V007,3,3456.0,5938.5,10990.08,30,5051.58
VND007116,2026-08-25,P009,Moveis Comerciais,Mesas,V007,2,1795.5,2097.2,3806.46,0,1709.2600000000002
VND007117,2026-08-25,P011,Moveis Comerciais,Atendimento,V008,2,3456.0,3959.0,7050.24,15,3091.24
VND007118,2026-08-25,P009,Moveis Comerciais,Mesas,V001,2,1833.3,2097.2,3959.93,45,1862.73
VND007119,2026-08-25,P014,Servicos sob Demanda,Projetos,V006,1,5166.72,2247.0,5011.72,60,2764.7200000000003
VND007120,2026-08-26,P001,Moveis Domesticos,Estofados,V007,2,1938.06,2354.0,4108.69,0,1754.6899999999996
VND007121,2026-08-26,P004,Moveis Domesticos,Dormitorio,V006,2,3247.56,3959.0,6300.27,30,2341.2700000000004
VND007122,2026-08-26,P008,Moveis Comerciais,Cadeiras,V005,2,1179.9,1369.6,2595.78,7,1226.1800000000003
VND007123,2026-08-26,P013,Moveis Comerciais,Mesas,V005,2,4085.64,4708.0,8988.41,15,4280.41
VND007124,2026-08-26,P009,Moveis Comerciais,Mesas,V002,1,1890.0,1048.6,1795.5,45,746.9000000000001
VND007125,2026-08-26,P006,Moveis Domesticos,Estofados,V003,2,1058.4,1112.8,2180.3,30,1067.5000000000002
VND007126,2026-08-26,P006,Moveis Domesticos,Estofados,V008,1,1026.65,556.4,1047.18,45,490.7800000000001
VND007127,2026-08-26,P007,Moveis Domesticos,Escritorio,V007,2,1458.0,1626.4,3090.96,45,1464.56
VND007128,2026-08-26,P002,Moveis Domesticos,Mesas,V005,1,2376.0,1337.5,2613.6,0,1276.1
VND007129,2026-08-26,P008,Moveis Comerciais,Cadeiras,V005,1,1242.0,684.8,1366.2,30,681.4000000000001
VND007130,2026-08-27,P007,Moveis Domesticos,Escritorio,V002,3,1341.36,2439.6,3822.88,15,1383.2800000000002
VND007131,2026-08-27,P014,Servicos sob Demanda,Projetos,V007,1,5447.52,2247.0,5774.37,0,3527.37
VND007132,2026-08-27,P007,Moveis Domesticos,Escritorio,V004,1,1414.26,813.2,1272.83,0,459.6299999999999
VND007133,2026-08-27,P008,Moveis Comerciais,Cadeiras,V004,1,1204.74,684.8,1084.27,30,399.47
VND007134,2026-08-28,P005,Moveis Domesticos,Sala,V003,1,1350.0,770.4,1390.5,0,620.1
VND007135,2026-08-28,P007,Moveis Domesticos,Escritorio,V005,4,1458.0,3252.8,6415.2,15,3162.3999999999996
VND007136,2026-08-28,P013,Moveis Comerciais,Mesas,V007,1,4212.0,2354.0,4464.72,15,2110.7200000000003
VND007137,2026-08-28,P005,Moveis Domesticos,Sala,V001,6,1282.5,4622.4,8310.6,60,3688.2000000000007
VND007138,2026-08-28,P008,Moveis Comerciais,Cadeiras,V002,1,1179.9,684.8,1120.9,30,436.10000000000014
VND007139,2026-08-28,P002,Moveis Domesticos,Mesas,V004,3,2257.2,4012.5,6094.44,7,2081.9399999999996
VND007140,2026-08-28,P005,Moveis Domesticos,Sala,V006,4,1350.0,3081.6,5238.0,0,2156.4
VND007141,2026-08-28,P009,Moveis Comerciais,Mesas,V003,3,1890.0,3145.8,5840.1,15,2694.3
VND007142,2026-08-28,P003,Moveis Domesticos,Dormitorio,V005,1,2808.0,1605.0,3088.8,60,1483.8000000000002
VND007143,2026-08-29,P008,Moveis Comerciais,Cadeiras,V006,3,1242.0,2054.4,3614.22,30,1559.8199999999997
VND007144,2026-08-29,P009,Moveis Comerciais,Mesas,V001,1,1833.3,1048.6,1979.96,0,931.3600000000001
VND007145,2026-08-29,P015,Servicos sob Demanda,Projetos,V005,4,8904.6,14980.0,39180.24,7,24200.239999999998
VND007146,2026-08-29,P009,Moveis Comerciais,Mesas,V001,1,1795.5,1048.6,1939.14,0,890.5400000000002
VND007147,2026-08-29,P006,Moveis Domesticos,Estofados,V008,1,1058.4,556.4,1079.57,0,523.17
VND007148,2026-08-29,P003,Moveis Domesticos,Dormitorio,V004,1,2723.76,1605.0,2451.38,45,846.3800000000001
VND007149,2026-08-29,P014,Servicos sob Demanda,Projetos,V003,3,5166.72,6741.0,15965.16,0,9224.16
VND007150,2026-08-29,P007,Moveis Domesticos,Escritorio,V007,1,1458.0,813.2,1545.48,7,732.28
VND007151,2026-08-30,P013,Moveis Comerciais,Mesas,V004,1,4001.4,2354.0,3601.26,15,1247.2600000000002
VND007152,2026-08-30,P018,Servicos sob Demanda,Projetos,V008,1,7344.0,2782.0,7490.88,30,4708.88
VND007153,2026-08-31,P003,Moveis Domesticos,Dormitorio,V005,2,2583.36,3210.0,5683.39,15,2473.3900000000003
VND007154,2026-08-31,P004,Moveis Domesticos,Dormitorio,V004,3,3180.6,5938.5,8587.62,0,2649.120000000001
VND007155,2026-08-31,P004,Moveis Domesticos,Dormitorio,V008,2,3348.0,3959.0,6829.92,45,2870.92
VND007156,2026-08-31,P005,Moveis Domesticos,Sala,V008,1,1350.0,770.4,1377.0,15,606.6
VND007157,2026-08-31,P005,Moveis Domesticos,Sala,V004,1,1309.5,770.4,1178.55,0,408.15
VND007158,2026-08-31,P009,Moveis Comerciais,Mesas,V007,1,1890.0,1048.6,2003.4,45,954.8000000000002
VND007159,2026-08-31,P007,Moveis Domesticos,Escritorio,V002,1,1458.0,813.2,1385.1,30,571.8999999999999
VND007160,2026-09-01,P018,Servicos sob Demanda,Projetos,V007,2,7123.68,5564.0,15102.2,60,9538.2
VND007161,2026-09-01,P002,Moveis Domesticos,Mesas,V002,3,2376.0,4012.5,6771.6,30,2759.1000000000004
VND007162,2026-09-01,P001,Moveis Domesticos,Estofados,V006,2,1998.0,2354.0,3876.12,45,1522.12
VND007163,2026-09-01,P001,Moveis Domesticos,Estofados,V005,1,1998.0,1177.0,2197.8,60,1020.8000000000002
VND007164,2026-09-01,P009,Moveis Comerciais,Mesas,V001,1,1890.0,1048.6,2041.2,30,992.6000000000001
VND007165,2026-09-01,P005,Moveis Domesticos,Sala,V001,1,1242.0,770.4,1341.36,45,570.9599999999999
VND007166,2026-09-01,P010,Moveis Comerciais,Armazenagem,V006,2,2646.0,2996.0,5133.24,0,2137.24
VND007167,2026-09-01,P015,Servicos sob Demanda,Projetos,V006,1,9180.0,3745.0,8904.6,15,5159.6
VND007168,2026-09-02,P013,Moveis Comerciais,Mesas,V006,1,4212.0,2354.0,4085.64,15,1731.6399999999999
VND007169,2026-09-02,P005,Moveis Domesticos,Sala,V005,1,1309.5,770.4,1440.45,15,670.0500000000001
VND007170,2026-09-02,P009,Moveis Comerciais,Mesas,V001,1,1890.0,1048.6,2041.2,7,992.6000000000001
VND007171,2026-09-02,P002,Moveis Domesticos,Mesas,V005,2,2376.0,2675.0,5227.2,30,2552.2
VND007172,2026-09-02,P006,Moveis Domesticos,Estofados,V008,3,1026.65,1669.2,3141.55,30,1472.3500000000001
VND007173,2026-09-02,P018,Servicos sob Demanda,Projetos,V001,1,6756.48,2782.0,7297.0,15,4515.0
VND007174,2026-09-02,P004,Moveis Domesticos,Dormitorio,V004,3,3348.0,5938.5,9039.6,45,3101.1000000000004
VND007175,2026-09-02,P002,Moveis Domesticos,Mesas,V006,3,2376.0,4012.5,6914.16,30,2901.66
VND007176,2026-09-02,P007,Moveis Domesticos,Escritorio,V006,1,1458.0,813.2,1414.26,30,601.06
VND007177,2026-09-02,P001,Moveis Domesticos,Estofados,V007,4,1898.1,4708.0,8047.94,15,3339.9399999999996
VND007178,2026-09-02,P014,Servicos sob Demanda,Projetos,V008,1,5166.72,2247.0,5270.05,30,3023.05
VND007179,2026-09-02,P011,Moveis Comerciais,Atendimento,V004,1,3456.0,1979.5,3110.4,15,1130.9
VND007180,2026-09-03,P015,Servicos sob Demanda,Projetos,V002,2,9180.0,7490.0,17442.0,0,9952.0
VND007181,2026-09-03,P014,Servicos sob Demanda,Projetos,V002,1,5616.0,2247.0,5335.2,30,3088.2
VND007182,2026-09-03,P016,Servicos sob Demanda,Projetos,V005,1,13500.0,5564.0,14850.0,30,9286.0
VND007183,2026-09-03,P002,Moveis Domesticos,Mesas,V006,2,2376.0,2675.0,4609.44,30,1934.4399999999996
VND007184,2026-09-03,P008,Moveis Comerciais,Cadeiras,V008,1,1242.0,684.8,1266.84,45,582.04
VND007185,2026-09-03,P007,Moveis Domesticos,Escritorio,V006,1,1341.36,813.2,1301.12,0,487.91999999999985
VND007186,2026-09-03,P002,Moveis Domesticos,Mesas,V005,2,2376.0,2675.0,5227.2,15,2552.2
VND007187,2026-09-03,P004,Moveis Domesticos,Dormitorio,V002,2,3080.16,3959.0,5852.3,45,1893.3000000000002
VND007188,2026-09-03,P010,Moveis Comerciais,Armazenagem,V003,3,2566.62,4494.0,7930.86,30,3436.8599999999997
VND007189,2026-09-03,P001,Moveis Domesticos,Estofados,V002,5,1938.06,5885.0,9205.78,0,3320.7800000000007
VND007190,2026-09-03,P003,Moveis Domesticos,Dormitorio,V008,1,2583.36,1605.0,2635.03,60,1030.0300000000002
VND007191,2026-09-03,P007,Moveis Domesticos,Escritorio,V002,1,1341.36,813.2,1274.29,30,461.0899999999999
VND007192,2026-09-03,P002,Moveis Domesticos,Mesas,V008,4,2376.0,5350.0,9694.08,15,4344.08
VND007193,2026-09-04,P011,Moveis Comerciais,Atendimento,V007,1,3456.0,1979.5,3663.36,30,1683.8600000000001
VND007194,2026-09-04,P006,Moveis Domesticos,Estofados,V001,2,1026.65,1112.8,2217.56,45,1104.76
VND007195,2026-09-04,P007,Moveis Domesticos,Escritorio,V003,2,1458.0,1626.4,3003.48,30,1377.08
VND007196,2026-09-04,P013,Moveis Comerciais,Mesas,V006,2,4001.4,4708.0,7762.72,15,3054.7200000000003
VND007197,2026-09-04,P002,Moveis Domesticos,Mesas,V003,1,2376.0,1337.5,2447.28,60,1109.7800000000002
VND007198,2026-09-04,P015,Servicos sob Demanda,Projetos,V003,1,9180.0,3745.0,9455.4,7,5710.4
VND007199,2026-09-04,P012,Moveis Comerciais,Estacoes,V003,3,5028.48,9148.5,15538.0,30,6389.5
VND007200,2026-09-04,P010,Moveis Comerciais,Armazenagem,V008,1,2646.0,1498.0,2698.92,45,1200.92
VND007201,2026-09-04,P010,Moveis Comerciais,Armazenagem,V001,1,2646.0,1498.0,2857.68,0,1359.6799999999998
VND007202,2026-09-04,P015,Servicos sob Demanda,Projetos,V001,2,9180.0,7490.0,19828.8,45,12338.8
VND007203,2026-09-05,P011,Moveis Comerciais,Atendimento,V006,1,3179.52,1979.5,3084.13,0,1104.63
VND007204,2026-09-05,P018,Servicos sob Demanda,Projetos,V004,3,7344.0,8346.0,19828.8,30,11482.8
VND007205,2026-09-05,P006,Moveis Domesticos,Estofados,V004,1,1005.48,556.4,904.93,15,348.53
VND007206,2026-09-05,P010,Moveis Comerciais,Armazenagem,V002,1,2646.0,1498.0,2513.7,7,1015.6999999999998
VND007207,2026-09-05,P002,Moveis Domesticos,Mesas,V005,2,2376.0,2675.0,5227.2,7,2552.2
VND007208,2026-09-05,P002,Moveis Domesticos,Mesas,V005,2,2376.0,2675.0,5227.2,30,2552.2
VND007209,2026-09-05,P003,Moveis Domesticos,Dormitorio,V004,1,2583.36,1605.0,2325.02,30,720.02
VND007210,2026-09-05,P014,Servicos sob Demanda,Projetos,V002,1,5447.52,2247.0,5175.14,7,2928.1400000000003
VND007211,2026-09-06,P002,Moveis Domesticos,Mesas,V003,1,2257.2,1337.5,2324.92,0,987.4200000000001
VND007212,2026-09-06,P003,Moveis Domesticos,Dormitorio,V001,1,2667.6,1605.0,2881.01,15,1276.0100000000002
VND007213,2026-09-06,P017,Servicos sob Demanda,Consultoria,V006,2,3024.0,1926.0,5866.56,15,3940.5600000000004
VND007214,2026-09-06,P009,Moveis Comerciais,Mesas,V008,1,1890.0,1048.6,1927.8,15,879.2
VND007215,2026-09-06,P017,Servicos sob Demanda,Consultoria,V007,5,2782.08,4815.0,14745.02,30,9930.02
VND007216,2026-09-06,P007,Moveis Domesticos,Escritorio,V004,1,1458.0,813.2,1312.2,60,499.0
VND007217,2026-09-06,P009,Moveis Comerciais,Mesas,V008,1,1738.8,1048.6,1773.58,30,724.98
VND007218,2026-09-06,P005,Moveis Domesticos,Sala,V008,2,1350.0,1540.8,2754.0,0,1213.2
VND007219,2026-09-06,P011,Moveis Comerciais,Atendimento,V005,4,3352.32,7918.0,14750.21,60,6832.209999999999
VND007220,2026-09-06,P005,Moveis Domesticos,Sala,V006,1,1309.5,770.4,1270.21,0,499.81000000000006
VND007221,2026-09-06,P007,Moveis Domesticos,Escritorio,V005,1,1458.0,813.2,1603.8,0,790.5999999999999
VND007222,2026-09-06,P001,Moveis Domesticos,Estofados,V006,1,1938.06,1177.0,1879.92,30,702.9200000000001
VND007223,2026-09-07,P002,Moveis Domesticos,Mesas,V004,1,2304.72,1337.5,2074.25,7,736.75
VND007224,2026-09-07,P015,Servicos sob Demanda,Projetos,V001,1,9180.0,3745.0,9914.4,15,6169.4
VND007225,2026-09-07,P010,Moveis Comerciais,Armazenagem,V001,1,2434.32,1498.0,2629.07,30,1131.0700000000002
VND007226,2026-09-07,P016,Servicos sob Demanda,Projetos,V007,1,13500.0,5564.0,14310.0,0,8746.0
VND007227,2026-09-08,P007,Moveis Domesticos,Escritorio,V008,4,1458.0,3252.8,5948.64,60,2695.84
VND007228,2026-09-08,P007,Moveis Domesticos,Escritorio,V001,2,1458.0,1626.4,3149.28,7,1522.88
VND007229,2026-09-08,P007,Moveis Domesticos,Escritorio,V008,2,1414.26,1626.4,2885.09,45,1258.69
VND007230,2026-09-08,P004,Moveis Domesticos,Dormitorio,V001,1,3348.0,1979.5,3615.84,45,1636.3400000000001
VND007231,2026-09-08,P004,Moveis Domesticos,Dormitorio,V004,1,3080.16,1979.5,2772.14,60,792.6399999999999
VND007232,2026-09-08,P002,Moveis Domesticos,Mesas,V004,1,2376.0,1337.5,2138.4,15,800.9000000000001
VND007233,2026-09-09,P012,Moveis Comerciais,Estacoes,V006,1,5184.0,3049.5,5028.48,45,1978.9799999999996
VND007234,2026-09-09,P001,Moveis Domesticos,Estofados,V004,1,1998.0,1177.0,1798.2,15,621.2
VND007235,2026-09-09,P002,Moveis Domesticos,Mesas,V006,1,2304.72,1337.5,2235.58,0,898.0799999999999
VND007236,2026-09-09,P007,Moveis Domesticos,Escritorio,V002,1,1458.0,813.2,1385.1,7,571.8999999999999
VND007237,2026-09-09,P013,Moveis Comerciais,Mesas,V007,1,4212.0,2354.0,4464.72,30,2110.7200000000003
VND007238,2026-09-09,P005,Moveis Domesticos,Sala,V003,1,1309.5,770.4,1348.78,30,578.38
VND007239,2026-09-09,P008,Moveis Comerciais,Cadeiras,V001,1,1242.0,684.8,1341.36,30,656.56
VND007240,2026-09-09,P003,Moveis Domesticos,Dormitorio,V005,1,2667.6,1605.0,2934.36,7,1329.3600000000001
VND007241,2026-09-09,P015,Servicos sob Demanda,Projetos,V005,3,9180.0,11235.0,30294.0,30,19059.0
VND007242,2026-09-10,P011,Moveis Comerciais,Atendimento,V004,2,3352.32,3959.0,6034.18,0,2075.1800000000003
VND007243,2026-09-10,P010,Moveis Comerciais,Armazenagem,V001,2,2646.0,2996.0,5715.36,30,2719.3599999999997
VND007244,2026-09-10,P014,Servicos sob Demanda,Projetos,V008,1,5616.0,2247.0,5728.32,15,3481.3199999999997
VND007245,2026-09-10,P008,Moveis Comerciais,Cadeiras,V008,1,1204.74,684.8,1228.83,0,544.03
VND007246,2026-09-11,P003,Moveis Domesticos,Dormitorio,V003,5,2808.0,8025.0,14461.2,60,6436.200000000001
VND007247,2026-09-11,P009,Moveis Comerciais,Mesas,V006,1,1890.0,1048.6,1833.3,0,784.7
VND007248,2026-09-11,P015,Servicos sob Demanda,Projetos,V007,1,9180.0,3745.0,9730.8,30,5985.799999999999
VND007249,2026-09-11,P001,Moveis Domesticos,Estofados,V008,3,1898.1,3531.0,5808.19,60,2277.1899999999996
VND007250,2026-09-11,P001,Moveis Domesticos,Estofados,V008,1,1938.06,1177.0,1976.82,7,799.8199999999999
VND007251,2026-09-11,P008,Moveis Comerciais,Cadeiras,V006,3,1204.74,2054.4,3505.79,0,1451.3899999999999
VND007252,2026-09-11,P001,Moveis Domesticos,Estofados,V006,3,1998.0,3531.0,5814.18,0,2283.1800000000003
VND007253,2026-09-11,P010,Moveis Comerciais,Armazenagem,V003,2,2646.0,2996.0,5450.76,0,2454.76
VND007254,2026-09-11,P017,Servicos sob Demanda,Consultoria,V003,1,3024.0,963.0,3114.72,45,2151.72
VND007255,2026-09-11,P018,Servicos sob Demanda,Projetos,V006,1,7123.68,2782.0,6909.97,0,4127.97
VND007256,2026-09-12,P010,Moveis Comerciais,Armazenagem,V001,1,2646.0,1498.0,2857.68,60,1359.6799999999998
VND007257,2026-09-12,P010,Moveis Comerciais,Armazenagem,V001,4,2566.62,5992.0,11087.8,15,5095.799999999999
VND007258,2026-09-12,P008,Moveis Comerciais,Cadeiras,V003,1,1204.74,684.8,1240.88,15,556.0800000000002
VND007259,2026-09-12,P014,Servicos sob Demanda,Projetos,V003,1,5447.52,2247.0,5610.95,0,3363.95
VND007260,2026-09-12,P006,Moveis Domesticos,Estofados,V003,2,1005.48,1112.8,2071.29,0,958.49
VND007261,2026-09-12,P008,Moveis Comerciais,Cadeiras,V005,1,1242.0,684.8,1366.2,15,681.4000000000001
VND007262,2026-09-12,P005,Moveis Domesticos,Sala,V003,1,1282.5,770.4,1320.98,60,550.58
VND007263,2026-09-12,P003,Moveis Domesticos,Dormitorio,V003,2,2723.76,3210.0,5610.95,30,2400.95
VND007264,2026-09-12,P014,Servicos sob Demanda,Projetos,V007,1,5447.52,2247.0,5774.37,15,3527.37
VND007265,2026-09-12,P010,Moveis Comerciais,Armazenagem,V003,1,2513.7,1498.0,2589.11,30,1091.1100000000001
VND007266,2026-09-13,P012,Moveis Comerciais,Estacoes,V006,3,5184.0,9148.5,15085.44,45,5936.9400000000005
VND007267,2026-09-13,P003,Moveis Domesticos,Dormitorio,V001,5,2808.0,8025.0,15163.2,30,7138.200000000001
VND007268,2026-09-13,P015,Servicos sob Demanda,Projetos,V006,1,9180.0,3745.0,8904.6,15,5159.6
VND007269,2026-09-13,P013,Moveis Comerciais,Mesas,V004,1,4212.0,2354.0,3790.8,15,1436.8000000000002
VND007270,2026-09-13,P014,Servicos sob Demanda,Projetos,V003,3,5447.52,6741.0,16832.84,30,10091.84
VND007271,2026-09-13,P005,Moveis Domesticos,Sala,V007,2,1309.5,1540.8,2776.14,30,1235.34
VND007272,2026-09-13,P003,Moveis Domesticos,Dormitorio,V005,1,2808.0,1605.0,3088.8,30,1483.8000000000002
VND007273,2026-09-13,P007,Moveis Domesticos,Escritorio,V002,2,1458.0,1626.4,2770.2,0,1143.7999999999997
VND007274,2026-09-13,P013,Moveis Comerciais,Mesas,V001,1,4085.64,2354.0,4412.49,45,2058.49
VND007275,2026-09-13,P017,Servicos sob Demanda,Consultoria,V005,2,2872.8,1926.0,6320.16,30,4394.16
VND007276,2026-09-13,P010,Moveis Comerciais,Armazenagem,V008,2,2513.7,2996.0,5127.95,60,2131.95
VND007277,2026-09-13,P012,Moveis Comerciais,Estacoes,V007,1,5028.48,3049.5,5330.19,15,2280.6899999999996
VND007278,2026-09-13,P002,Moveis Domesticos,Mesas,V001,1,2376.0,1337.5,2566.08,60,1228.58
VND007279,2026-09-13,P001,Moveis Domesticos,Estofados,V003,1,1938.06,1177.0,1996.2,30,819.2
VND007280,2026-09-13,P015,Servicos sob Demanda,Projetos,V008,1,9180.0,3745.0,9363.6,45,5618.6
VND007281,2026-09-14,P005,Moveis Domesticos,Sala,V007,1,1309.5,770.4,1388.07,15,617.67
VND007282,2026-09-14,P008,Moveis Comerciais,Cadeiras,V001,3,1142.64,2054.4,3702.15,30,1647.75
VND007283,2026-09-14,P014,Servicos sob Demanda,Projetos,V005,1,5335.2,2247.0,5868.72,45,3621.7200000000003
VND007284,2026-09-14,P015,Servicos sob Demanda,Projetos,V007,1,8445.6,3745.0,8952.34,60,5207.34
VND007285,2026-09-14,P016,Servicos sob Demanda,Projetos,V005,3,12420.0,16692.0,40986.0,45,24294.0
VND007286,2026-09-14,P007,Moveis Domesticos,Escritorio,V002,1,1414.26,813.2,1343.55,0,530.3499999999999
VND007287,2026-09-15,P003,Moveis Domesticos,Dormitorio,V005,3,2808.0,4815.0,9266.4,45,4451.4
VND007288,2026-09-15,P001,Moveis Domesticos,Estofados,V008,2,1998.0,2354.0,4075.92,15,1721.92
VND007289,2026-09-15,P005,Moveis Domesticos,Sala,V001,2,1350.0,1540.8,2916.0,15,1375.2
VND007290,2026-09-15,P007,Moveis Domesticos,Escritorio,V002,2,1414.26,1626.4,2687.09,15,1060.69
VND007291,2026-09-15,P008,Moveis Comerciais,Cadeiras,V008,3,1204.74,2054.4,3686.5,60,1632.1
VND007292,2026-09-16,P013,Moveis Comerciais,Mesas,V008,4,4212.0,9416.0,17184.96,15,7768.959999999999
VND007293,2026-09-16,P009,Moveis Comerciais,Mesas,V001,1,1890.0,1048.6,2041.2,30,992.6000000000001
VND007294,2026-09-16,P011,Moveis Comerciais,Atendimento,V003,3,3179.52,5938.5,9824.72,30,3886.2199999999993
VND007295,2026-09-16,P007,Moveis Domesticos,Escritorio,V007,3,1458.0,2439.6,4636.44,30,2196.8399999999997
VND007296,2026-09-16,P009,Moveis Comerciais,Mesas,V003,3,1795.5,3145.8,5548.1,60,2402.3
VND007297,2026-09-16,P013,Moveis Comerciais,Mesas,V007,1,4001.4,2354.0,4241.48,0,1887.4799999999996
VND007298,2026-09-16,P009,Moveis Comerciais,Mesas,V008,4,1890.0,4194.4,7711.2,0,3516.8
VND007299,2026-09-16,P015,Servicos sob Demanda,Projetos,V002,1,8904.6,3745.0,8459.37,7,4714.370000000001
VND007300,2026-09-16,P004,Moveis Domesticos,Dormitorio,V006,2,3348.0,3959.0,6495.12,0,2536.12
VND007301,2026-09-16,P007,Moveis Domesticos,Escritorio,V004,1,1458.0,813.2,1312.2,7,499.0
VND007302,2026-09-16,P003,Moveis Domesticos,Dormitorio,V006,4,2723.76,6420.0,10568.19,60,4148.1900000000005
VND007303,2026-09-16,P006,Moveis Domesticos,Estofados,V004,1,973.73,556.4,876.36,60,319.96000000000004
VND007304,2026-09-17,P016,Servicos sob Demanda,Projetos,V002,2,13095.0,11128.0,24880.5,7,13752.5
VND007305,2026-09-17,P008,Moveis Comerciais,Cadeiras,V005,1,1242.0,684.8,1366.2,45,681.4000000000001
VND007306,2026-09-17,P008,Moveis Comerciais,Cadeiras,V007,1,1142.64,684.8,1211.2,45,526.4000000000001
VND007307,2026-09-17,P013,Moveis Comerciais,Mesas,V007,2,4212.0,4708.0,8929.44,0,4221.4400000000005
VND007308,2026-09-17,P001,Moveis Domesticos,Estofados,V007,2,1938.06,2354.0,4108.69,0,1754.6899999999996
VND007309,2026-09-17,P002,Moveis Domesticos,Mesas,V005,1,2376.0,1337.5,2613.6,0,1276.1
VND007310,2026-09-17,P001,Moveis Domesticos,Estofados,V007,1,1838.16,1177.0,1948.45,15,771.45
VND007311,2026-09-17,P009,Moveis Comerciais,Mesas,V006,1,1890.0,1048.6,1833.3,0,784.7
VND007312,2026-09-17,P015,Servicos sob Demanda,Projetos,V001,4,9180.0,14980.0,39657.6,0,24677.6
VND007313,2026-09-17,P001,Moveis Domesticos,Estofados,V008,1,1998.0,1177.0,2037.96,15,860.96
VND007314,2026-09-17,P008,Moveis Comerciais,Cadeiras,V006,1,1242.0,684.8,1204.74,30,519.94
VND007315,2026-09-17,P015,Servicos sob Demanda,Projetos,V008,3,8721.0,11235.0,26686.26,7,15451.259999999998
VND007316,2026-09-18,P010,Moveis Comerciais,Armazenagem,V008,1,2646.0,1498.0,2698.92,0,1200.92
VND007317,2026-09-18,P015,Servicos sob Demanda,Projetos,V001,2,8721.0,7490.0,18837.36,15,11347.36
VND007318,2026-09-18,P010,Moveis Comerciais,Armazenagem,V002,1,2513.7,1498.0,2388.02,45,890.02
VND007319,2026-09-18,P008,Moveis Comerciais,Cadeiras,V007,1,1179.9,684.8,1250.69,45,565.8900000000001
VND007320,2026-09-18,P012,Moveis Comerciais,Estacoes,V003,1,5184.0,3049.5,5339.52,15,2290.0200000000004
VND007321,2026-09-18,P017,Servicos sob Demanda,Consultoria,V007,2,3024.0,1926.0,6410.88,60,4484.88
VND007322,2026-09-18,P010,Moveis Comerciais,Armazenagem,V004,1,2434.32,1498.0,2190.89,7,692.8899999999999
VND007323,2026-09-18,P009,Moveis Comerciais,Mesas,V007,4,1833.3,4194.4,7773.19,15,3578.79
VND007324,2026-09-18,P016,Servicos sob Demanda,Projetos,V006,2,13500.0,11128.0,26190.0,7,15062.0
VND007325,2026-09-18,P009,Moveis Comerciais,Mesas,V008,1,1833.3,1048.6,1869.97,60,821.3700000000001
VND007326,2026-09-18,P015,Servicos sob Demanda,Projetos,V003,1,9180.0,3745.0,9455.4,60,5710.4
VND007327,2026-09-18,P005,Moveis Domesticos,Sala,V002,1,1350.0,770.4,1282.5,15,512.1
VND007328,2026-09-19,P015,Servicos sob Demanda,Projetos,V005,3,9180.0,11235.0,30294.0,30,19059.0
VND007329,2026-09-19,P006,Moveis Domesticos,Estofados,V008,3,1058.4,1669.2,3238.7,30,1569.4999999999998
VND007330,2026-09-19,P016,Servicos sob Demanda,Projetos,V003,1,12825.0,5564.0,13209.75,30,7645.75
VND007331,2026-09-19,P005,Moveis Domesticos,Sala,V006,1,1350.0,770.4,1309.5,45,539.1
VND007332,2026-09-19,P010,Moveis Comerciais,Armazenagem,V005,2,2646.0,2996.0,5821.2,45,2825.2
VND007333,2026-09-19,P007,Moveis Domesticos,Escritorio,V006,2,1414.26,1626.4,2743.66,30,1117.2599999999998
VND007334,2026-09-19,P001,Moveis Domesticos,Estofados,V005,1,1938.06,1177.0,2131.87,30,954.8699999999999
VND007335,2026-09-19,P002,Moveis Domesticos,Mesas,V002,2,2376.0,2675.0,4514.4,0,1839.3999999999996
VND007336,2026-09-19,P004,Moveis Domesticos,Dormitorio,V008,1,3348.0,1979.5,3414.96,30,1435.46
VND007337,2026-09-19,P001,Moveis Domesticos,Estofados,V008,1,1998.0,1177.0,2037.96,15,860.96
VND007338,2026-09-20,P002,Moveis Domesticos,Mesas,V001,1,2376.0,1337.5,2566.08,7,1228.58
VND007339,2026-09-20,P002,Moveis Domesticos,Mesas,V002,1,2376.0,1337.5,2257.2,45,919.6999999999998
VND007340,2026-09-20,P010,Moveis Comerciais,Armazenagem,V001,2,2513.7,2996.0,5429.59,15,2433.59
VND007341,2026-09-20,P014,Servicos sob Demanda,Projetos,V004,1,5616.0,2247.0,5054.4,30,2807.3999999999996
VND007342,2026-09-20,P014,Servicos sob Demanda,Projetos,V002,1,5616.0,2247.0,5335.2,30,3088.2
VND007343,2026-09-21,P006,Moveis Domesticos,Estofados,V001,2,1005.48,1112.8,2171.84,30,1059.0400000000002
VND007344,2026-09-21,P009,Moveis Comerciais,Mesas,V007,1,1890.0,1048.6,2003.4,15,954.8000000000002
VND007345,2026-09-21,P004,Moveis Domesticos,Dormitorio,V005,2,3247.56,3959.0,7144.63,15,3185.63
VND007346,2026-09-21,P003,Moveis Domesticos,Dormitorio,V001,2,2808.0,3210.0,6065.28,0,2855.2799999999997
VND007347,2026-09-21,P014,Servicos sob Demanda,Projetos,V001,2,5447.52,4494.0,11766.64,45,7272.639999999999
VND007348,2026-09-21,P014,Servicos sob Demanda,Projetos,V004,1,5616.0,2247.0,5054.4,7,2807.3999999999996
VND007349,2026-09-21,P016,Servicos sob Demanda,Projetos,V004,1,13500.0,5564.0,12150.0,60,6586.0
VND007350,2026-09-21,P007,Moveis Domesticos,Escritorio,V004,1,1385.1,813.2,1246.59,0,433.3899999999999
VND007351,2026-09-21,P010,Moveis Comerciais,Armazenagem,V008,2,2646.0,2996.0,5397.84,60,2401.84
VND007352,2026-09-21,P006,Moveis Domesticos,Estofados,V008,2,1058.4,1112.8,2159.14,15,1046.34
VND007353,2026-09-21,P004,Moveis Domesticos,Dormitorio,V005,2,3180.6,3959.0,6997.32,0,3038.3199999999997
VND007354,2026-09-21,P001,Moveis Domesticos,Estofados,V001,2,1838.16,2354.0,3970.43,15,1616.4299999999998
VND007355,2026-09-21,P003,Moveis Domesticos,Dormitorio,V002,2,2808.0,3210.0,5335.2,30,2125.2
VND007356,2026-09-21,P005,Moveis Domesticos,Sala,V002,2,1282.5,1540.8,2436.75,7,895.95
VND007357,2026-09-21,P003,Moveis Domesticos,Dormitorio,V002,1,2808.0,1605.0,2667.6,45,1062.6
VND007358,2026-09-21,P009,Moveis Comerciais,Mesas,V004,3,1795.5,3145.8,4847.85,45,1702.0500000000002
VND007359,2026-09-22,P018,Servicos sob Demanda,Projetos,V003,1,7344.0,2782.0,7564.32,30,4782.32
VND007360,2026-09-22,P015,Servicos sob Demanda,Projetos,V007,1,8904.6,3745.0,9438.88,7,5693.879999999999
VND007361,2026-09-22,P007,Moveis Domesticos,Escritorio,V008,2,1385.1,1626.4,2825.6,7,1199.1999999999998
VND007362,2026-09-22,P002,Moveis Domesticos,Mesas,V008,1,2304.72,1337.5,2350.81,7,1013.31
VND007363,2026-09-22,P007,Moveis Domesticos,Escritorio,V005,1,1458.0,813.2,1603.8,60,790.5999999999999
VND007364,2026-09-22,P005,Moveis Domesticos,Sala,V003,1,1350.0,770.4,1390.5,60,620.1
VND007365,2026-09-22,P007,Moveis Domesticos,Escritorio,V005,1,1458.0,813.2,1603.8,30,790.5999999999999
VND007366,2026-09-22,P014,Servicos sob Demanda,Projetos,V004,2,5447.52,4494.0,9805.54,45,5311.540000000001
VND007367,2026-09-22,P006,Moveis Domesticos,Estofados,V007,2,1058.4,1112.8,2243.81,45,1131.01
VND007368,2026-09-22,P018,Servicos sob Demanda,Projetos,V008,2,7123.68,5564.0,14532.31,15,8968.31
VND007369,2026-09-22,P006,Moveis Domesticos,Estofados,V007,1,1026.65,556.4,1088.25,45,531.85
VND007370,2026-09-23,P006,Moveis Domesticos,Estofados,V007,3,1026.65,1669.2,3264.75,7,1595.55
VND007371,2026-09-23,P006,Moveis Domesticos,Estofados,V007,1,1026.65,556.4,1088.25,60,531.85
VND007372,2026-09-23,P003,Moveis Domesticos,Dormitorio,V001,1,2723.76,1605.0,2941.66,15,1336.6599999999999
VND007373,2026-09-23,P003,Moveis Domesticos,Dormitorio,V006,2,2667.6,3210.0,5175.14,7,1965.1400000000003
VND007374,2026-09-23,P008,Moveis Comerciais,Cadeiras,V002,2,1242.0,1369.6,2359.8,30,990.2000000000003
VND007375,2026-09-23,P007,Moveis Domesticos,Escritorio,V003,1,1341.36,813.2,1381.6,30,568.3999999999999
VND007376,2026-09-24,P011,Moveis Comerciais,Atendimento,V008,1,3456.0,1979.5,3525.12,0,1545.62
VND007377,2026-09-24,P008,Moveis Comerciais,Cadeiras,V008,1,1179.9,684.8,1203.5,30,518.7
VND007378,2026-09-24,P002,Moveis Domesticos,Mesas,V007,1,2376.0,1337.5,2518.56,15,1181.06
VND007379,2026-09-24,P005,Moveis Domesticos,Sala,V007,3,1309.5,2311.2,4164.21,30,1853.0100000000002
VND007380,2026-09-24,P008,Moveis Comerciais,Cadeiras,V001,1,1242.0,684.8,1341.36,15,656.56
VND007381,2026-09-24,P004,Moveis Domesticos,Dormitorio,V004,1,3180.6,1979.5,2862.54,7,883.04
VND007382,2026-09-24,P016,Servicos sob Demanda,Projetos,V001,3,13095.0,16692.0,42427.8,45,25735.800000000003
VND007383,2026-09-24,P007,Moveis Domesticos,Escritorio,V003,1,1414.26,813.2,1456.69,45,643.49
VND007384,2026-09-24,P006,Moveis Domesticos,Estofados,V006,1,1058.4,556.4,1026.65,7,470.2500000000001
VND007385,2026-09-24,P003,Moveis Domesticos,Dormitorio,V006,1,2667.6,1605.0,2587.57,15,982.5700000000002
VND007386,2026-09-25,P017,Servicos sob Demanda,Consultoria,V001,1,3024.0,963.0,3265.92,45,2302.92
VND007387,2026-09-25,P008,Moveis Comerciais,Cadeiras,V004,2,1179.9,1369.6,2123.82,15,754.2200000000003
VND007388,2026-09-25,P011,Moveis Comerciais,Atendimento,V008,3,3352.32,5938.5,10258.1,0,4319.6
VND007389,2026-09-25,P017,Servicos sob Demanda,Consultoria,V008,1,2933.28,963.0,2991.95,30,2028.9499999999998
VND007390,2026-09-25,P004,Moveis Domesticos,Dormitorio,V006,1,3247.56,1979.5,3150.13,60,1170.63
VND007391,2026-09-25,P015,Servicos sob Demanda,Projetos,V005,1,9180.0,3745.0,10098.0,30,6353.0
VND007392,2026-09-25,P001,Moveis Domesticos,Estofados,V007,1,1938.06,1177.0,2054.34,30,877.3400000000001
VND007393,2026-09-25,P018,Servicos sob Demanda,Projetos,V007,1,6976.8,2782.0,7395.41,15,4613.41
VND007394,2026-09-25,P003,Moveis Domesticos,Dormitorio,V008,1,2808.0,1605.0,2864.16,45,1259.1599999999999
VND007395,2026-09-25,P012,Moveis Comerciais,Estacoes,V004,2,4924.8,6099.0,8864.64,0,2765.6399999999994
VND007396,2026-09-25,P005,Moveis Domesticos,Sala,V005,2,1309.5,1540.8,2880.9,60,1340.1000000000001
VND007397,2026-09-25,P005,Moveis Domesticos,Sala,V003,1,1309.5,770.4,1348.78,60,578.38
VND007398,2026-09-25,P007,Moveis Domesticos,Escritorio,V004,1,1458.0,813.2,1312.2,30,499.0
VND007399,2026-09-25,P004,Moveis Domesticos,Dormitorio,V003,3,3348.0,5938.5,10345.32,15,4406.82
VND007400,2026-09-25,P008,Moveis Comerciais,Cadeiras,V004,3,1242.0,2054.4,3353.4,60,1299.0
VND007401,2026-09-26,P010,Moveis Comerciais,Armazenagem,V008,1,2513.7,1498.0,2563.97,15,1065.9699999999998
VND007402,2026-09-26,P013,Moveis Comerciais,Mesas,V001,2,4085.64,4708.0,8824.98,60,4116.98
VND007403,2026-09-26,P010,Moveis Comerciais,Armazenagem,V004,1,2566.62,1498.0,2309.96,7,811.96
VND007404,2026-09-26,P005,Moveis Domesticos,Sala,V008,1,1309.5,770.4,1335.69,45,565.2900000000001
VND007405,2026-09-26,P010,Moveis Comerciais,Armazenagem,V008,4,2566.62,5992.0,10471.81,15,4479.8099999999995
VND007406,2026-09-27,P008,Moveis Comerciais,Cadeiras,V007,1,1179.9,684.8,1250.69,30,565.8900000000001
VND007407,2026-09-27,P012,Moveis Comerciais,Estacoes,V007,3,5184.0,9148.5,16485.12,45,7336.619999999999
VND007408,2026-09-27,P017,Servicos sob Demanda,Consultoria,V002,1,2782.08,963.0,2642.98,45,1679.98
VND007409,2026-09-27,P003,Moveis Domesticos,Dormitorio,V007,4,2808.0,6420.0,11905.92,0,5485.92
VND007410,2026-09-27,P011,Moveis Comerciais,Atendimento,V002,1,3179.52,1979.5,3020.54,0,1041.04
VND007411,2026-09-27,P006,Moveis Domesticos,Estofados,V005,4,1005.48,2225.6,4424.11,30,2198.5099999999998
VND007412,2026-09-27,P005,Moveis Domesticos,Sala,V007,3,1350.0,2311.2,4293.0,15,1981.8000000000002
VND007413,2026-09-28,P007,Moveis Domesticos,Escritorio,V006,1,1414.26,813.2,1371.83,15,558.6299999999999
VND007414,2026-09-28,P014,Servicos sob Demanda,Projetos,V007,1,5616.0,2247.0,5952.96,45,3705.96
VND007415,2026-09-28,P002,Moveis Domesticos,Mesas,V006,1,2376.0,1337.5,2304.72,15,967.2199999999998
VND007416,2026-09-28,P007,Moveis Domesticos,Escritorio,V004,2,1414.26,1626.4,2545.67,0,919.27
VND007417,2026-09-28,P001,Moveis Domesticos,Estofados,V008,1,1898.1,1177.0,1936.06,45,759.06
VND007418,2026-09-28,P006,Moveis Domesticos,Estofados,V006,3,1026.65,1669.2,2987.55,30,1318.3500000000001
VND007419,2026-09-28,P001,Moveis Domesticos,Estofados,V002,1,1838.16,1177.0,1746.25,30,569.25
VND007420,2026-09-28,P012,Moveis Comerciais,Estacoes,V006,1,5184.0,3049.5,5028.48,30,1978.9799999999996
VND007421,2026-09-28,P011,Moveis Comerciais,Atendimento,V004,2,3352.32,3959.0,6034.18,30,2075.1800000000003
VND007422,2026-09-28,P001,Moveis Domesticos,Estofados,V004,1,1898.1,1177.0,1708.29,15,531.29
VND007423,2026-09-28,P013,Moveis Comerciais,Mesas,V008,2,4212.0,4708.0,8592.48,15,3884.4799999999996
VND007424,2026-09-29,P004,Moveis Domesticos,Dormitorio,V002,1,3180.6,1979.5,3021.57,30,1042.0700000000002
VND007425,2026-09-29,P001,Moveis Domesticos,Estofados,V001,1,1938.06,1177.0,2093.1,0,916.0999999999999
VND007426,2026-09-29,P017,Servicos sob Demanda,Consultoria,V007,1,3024.0,963.0,3205.44,60,2242.44
VND007427,2026-09-29,P005,Moveis Domesticos,Sala,V003,1,1282.5,770.4,1320.98,15,550.58
VND007428,2026-09-29,P001,Moveis Domesticos,Estofados,V003,5,1998.0,5885.0,10289.7,45,4404.700000000001
VND007429,2026-09-29,P008,Moveis Comerciais,Cadeiras,V005,1,1142.64,684.8,1256.9,15,572.1000000000001
VND007430,2026-09-29,P010,Moveis Comerciais,Armazenagem,V001,1,2566.62,1498.0,2771.95,15,1273.9499999999998
VND007431,2026-09-29,P003,Moveis Domesticos,Dormitorio,V007,3,2808.0,4815.0,8929.44,0,4114.4400000000005
VND007432,2026-09-29,P001,Moveis Domesticos,Estofados,V004,1,1938.06,1177.0,1744.25,0,567.25
VND007433,2026-09-30,P005,Moveis Domesticos,Sala,V003,1,1282.5,770.4,1320.98,30,550.58
VND007434,2026-09-30,P011,Moveis Comerciais,Atendimento,V003,2,3456.0,3959.0,7119.36,15,3160.3599999999997
VND007435,2026-09-30,P001,Moveis Domesticos,Estofados,V008,1,1998.0,1177.0,2037.96,0,860.96
VND007436,2026-09-30,P003,Moveis Domesticos,Dormitorio,V008,3,2808.0,4815.0,8592.48,60,3777.4799999999996
